scraped_at,competitor,product_name,price,stock_status,url,error
2026-04-03 12:18:29,Bea DnD,Age Of Sigmar: Introductory Set,90.00,out_of_stock,https://www.beadndgames.co.nz/products/warhammer-age-of-sigmar-introductory-set,
2026-04-03 12:18:32,Bea DnD,Death Guard: Plague Marine Champion,53.00,out_of_stock,https://www.beadndgames.co.nz/products/death-guard-plague-marine-champion-warhammer-40-000,
2026-04-03 12:18:34,Bea DnD,Genestealer Cults: Biophagus,,not_carried,,
2026-04-03 12:18:34,Bea DnD,Orruk Warclans: Ardboy Big Boss,,not_carried,,
2026-04-03 12:18:34,Bea DnD,Orruk Warclans: Orruk Brutes,,not_carried,,
2026-04-03 12:18:34,Bea DnD,Space Marines: Gladiator,,not_carried,,
2026-04-03 12:18:34,Bea DnD,Space Marines: Primaris Intercessors,120.00,out_of_stock,https://www.beadndgames.co.nz/products/space-marines-primaris-intercessors-warhammer-40-000,
2026-04-03 12:18:37,Bea DnD,Space Marines Primaris Librarian,62.40,out_of_stock,https://www.beadndgames.co.nz/products/space-marines-primaris-librarian-warhammer-40-000,
2026-04-03 12:18:39,Bea DnD,Space Marines Primaris Reivers,,not_carried,,
2026-04-03 12:18:39,Bea DnD,Sylvaneth: Tree-Revenants,82.00,out_of_stock,https://www.beadndgames.co.nz/products/sylvaneth-tree-revenants-warhammer-age-of-sigmar,
2026-04-03 12:18:42,Bea DnD,Warhammer 40000: Introductory Set,76.00,out_of_stock,https://www.beadndgames.co.nz/products/warhammer-40-000-introductory-set-start-your-warhammer-journey,
2026-04-03 12:18:45,Games Lab,Age Of Sigmar: Introductory Set,90.00,in_stock,https://www.gameslab.co.nz/products/Age-Of-Sigmar-Introductory-Set-p686464525,
2026-04-03 12:18:48,Games Lab,Death Guard: Plague Marine Champion,,not_carried,,
2026-04-03 12:18:48,Games Lab,Genestealer Cults: Biophagus,,not_carried,,
2026-04-03 12:18:48,Games Lab,Orruk Warclans: Ardboy Big Boss,,not_carried,,
2026-04-03 12:18:48,Games Lab,Orruk Warclans: Orruk Brutes,,not_carried,,
2026-04-03 12:18:48,Games Lab,Space Marines: Gladiator,158.00,out_of_stock,https://www.gameslab.co.nz/products/Space-Marine-Gladiator-p689900566,
2026-04-03 12:18:52,Games Lab,Space Marines: Primaris Intercessors,117.00,in_stock,https://www.gameslab.co.nz/products/Space-Marines-Primaris-Intercessors-p605967672,
2026-04-03 12:18:56,Games Lab,Space Marines Primaris Librarian,69.99,out_of_stock,https://www.gameslab.co.nz/products/Space-Marines-Primaris-Librarian-p651995264,
2026-04-03 12:18:59,Games Lab,Space Marines Primaris Reivers,109.00,out_of_stock,https://www.gameslab.co.nz/products/Space-Marines-Primaris-Reivers-p696127817,
2026-04-03 12:19:03,Games Lab,Sylvaneth: Tree-Revenants,81.00,in_stock,https://www.gameslab.co.nz/products/Sylvaneth-Tree-Revenants-p695852248,
2026-04-03 12:19:07,Games Lab,Warhammer 40000: Introductory Set,98.00,in_stock,https://www.gameslab.co.nz/products/Warhammer-40-000-Introductory-Set-p604427018,
2026-04-03 12:19:10,Goblin Games,Age Of Sigmar: Introductory Set,100.00,out_of_stock,https://goblingames.nz/products/warhammer-age-of-sigmar-introductory-set,
2026-04-03 12:19:13,Goblin Games,Death Guard: Plague Marine Champion,,not_carried,,
2026-04-03 12:19:13,Goblin Games,Genestealer Cults: Biophagus,,not_carried,,
2026-04-03 12:19:13,Goblin Games,Orruk Warclans: Ardboy Big Boss,,not_carried,,
2026-04-03 12:19:13,Goblin Games,Orruk Warclans: Orruk Brutes,113.00,out_of_stock,https://goblingames.nz/products/orruk-warclans-orruk-brutes,
2026-04-03 12:19:14,Goblin Games,Space Marines Primaris Librarian,,not_carried,,
2026-04-03 12:19:14,Goblin Games,Space Marines Primaris Reivers,124.50,out_of_stock,https://goblingames.nz/products/space-marines-primaris-reivers-1,
2026-04-03 12:19:17,Goblin Games,Space Marines: Gladiator,191.00,out_of_stock,https://goblingames.nz/products/space-marines-gladiator,
2026-04-03 12:19:20,Goblin Games,Space Marines: Primaris Intercessors,130.00,out_of_stock,https://goblingames.nz/products/space-marines-intercessors,
2026-04-03 12:19:22,Goblin Games,Sylvaneth: Tree-Revenants,95.00,out_of_stock,https://goblingames.nz/products/sylvaneth-tree-revenants,
2026-04-03 12:19:25,Goblin Games,Warhammer 40000: Introductory Set,,not_carried,,
2026-04-03 12:19:25,Hobby Collective,Age Of Sigmar: Introductory Set,85.60,out_of_stock,https://thehobbycollective.co.nz/warhammer-age-of-sigmar-introductory-set,
2026-04-03 12:19:29,Hobby Collective,Death Guard: Plague Marine Champion,,not_carried,,
2026-04-03 12:19:29,Hobby Collective,Genestealer Cults: Biophagus,,not_carried,,
2026-04-03 12:19:29,Hobby Collective,Orruk Warclans: Ardboy Big Boss,,not_carried,,
2026-04-03 12:19:29,Hobby Collective,Orruk Warclans: Orruk Brutes,,not_carried,,
2026-04-03 12:19:29,Hobby Collective,Space Marines Primaris Librarian,,not_carried,,
2026-04-03 12:19:29,Hobby Collective,Space Marines Primaris Reivers,,not_carried,,
2026-04-03 12:19:29,Hobby Collective,Space Marines: Gladiator,152.80,in_stock,https://thehobbycollective.co.nz/space-marines-gladiator-impulsor-lancer-valiant-reaper/,
2026-04-03 12:19:31,Hobby Collective,Space Marines: Primaris Intercessors,104.00,in_stock,https://thehobbycollective.co.nz/space-marines-primaris-intercessors/,
2026-04-03 12:19:35,Hobby Collective,Sylvaneth: Tree-Revenants,,not_carried,,
2026-04-03 12:19:35,Hobby Collective,Warhammer 40000: Introductory Set,87.20,in_stock,https://thehobbycollective.co.nz/warhammer-40-000-introductory-set/,
2026-04-03 12:19:39,Hobby Lords,Age Of Sigmar: Introductory Set,98.00,in_stock,https://www.hobbylords.co.nz/products/single/age-of-sigmar:-introductory-set,
2026-04-03 12:19:48,Hobby Lords,Death Guard: Plague Marine Champion,55.00,in_stock,https://www.hobbylords.co.nz/products/single/death-guard-plague-marine-champion,
2026-04-03 12:19:57,Hobby Lords,Genestealer Cults: Biophagus,,not_carried,,
2026-04-03 12:19:57,Hobby Lords,Orruk Warclans: Ardboy Big Boss,,not_carried,,
2026-04-03 12:19:57,Hobby Lords,Orruk Warclans: Orruk Brutes,110.35,in_stock,https://www.hobbylords.co.nz/products/single/orruk-warclans-orruk-brutes,
2026-04-03 12:20:05,Hobby Lords,Space Marines: Gladiator,,not_carried,,
2026-04-03 12:20:05,Hobby Lords,Space Marines: Primaris Intercessors,120.00,in_stock,https://www.hobbylords.co.nz/products/single/space-marines-intercessors,
2026-04-03 12:20:14,Hobby Lords,Space Marines Primaris Librarian,,not_carried,,
2026-04-03 12:20:14,Hobby Lords,Space Marines Primaris Reivers,120.00,in_stock,https://www.hobbylords.co.nz/products/single/space-marines-primaris-reivers,
2026-04-03 12:20:22,Hobby Lords,Sylvaneth: Tree-Revenants,93.00,in_stock,https://www.hobbylords.co.nz/products/single/sylvaneth-tree-revenants,
2026-04-03 12:20:31,Hobby Lords,Warhammer 40000: Introductory Set,100.00,in_stock,https://www.hobbylords.co.nz/products/single/warhammer-40000-introductory-set,
2026-04-03 12:20:41,Hobby Master,Age Of Sigmar: Introductory Set,97.00,in_stock,https://hobbymaster.co.nz/products/product/43416,
2026-04-03 12:20:43,Hobby Master,Death Guard: Plague Marine Champion,54.00,in_stock,https://hobbymaster.co.nz/products/product/40411,
2026-04-03 12:20:47,Hobby Master,Genestealer Cults: Biophagus,54.00,in_stock,https://hobbymaster.co.nz/products/product/31527,
2026-04-03 12:20:50,Hobby Master,Orruk Warclans: Ardboy Big Boss,75.00,in_stock,https://hobbymaster.co.nz/products/product/41743,
2026-04-03 12:20:53,Hobby Master,Orruk Warclans: Orruk Brutes,110.00,in_stock,https://hobbymaster.co.nz/products/product/37181,
2026-04-03 12:20:57,Hobby Master,Space Marines: Gladiator,174.00,in_stock,https://hobbymaster.co.nz/products/product/36228,
2026-04-03 12:21:01,Hobby Master,Space Marines: Primaris Intercessors,118.00,in_stock,https://hobbymaster.co.nz/products/product/28412,
2026-04-03 12:21:03,Hobby Master,Space Marines Primaris Librarian,75.00,in_stock,https://hobbymaster.co.nz/products/product/28221,
2026-04-03 12:21:07,Hobby Master,Space Marines Primaris Reivers,118.00,in_stock,https://hobbymaster.co.nz/products/product/28086,
2026-04-03 12:21:10,Hobby Master,Sylvaneth: Tree-Revenants,92.00,in_stock,https://hobbymaster.co.nz/products/product/39777,
2026-04-03 12:21:12,Hobby Master,Warhammer 40000: Introductory Set,93.00,in_stock,https://hobbymaster.co.nz/products/product/41316,
2026-04-03 12:21:16,Iron Knight,Age Of Sigmar: Introductory Set,107.00,out_of_stock,https://ironknightgaming.co.nz/products/warhammer-age-of-sigmar-introductory-set,
2026-04-03 12:21:19,Iron Knight,Death Guard: Plague Marine Champion,,not_carried,,
2026-04-03 12:21:19,Iron Knight,Genestealer Cults: Biophagus,,not_carried,,
2026-04-03 12:21:19,Iron Knight,Orruk Warclans: Ardboy Big Boss,,not_carried,,
2026-04-03 12:21:19,Iron Knight,Orruk Warclans: Orruk Brutes,121.00,out_of_stock,https://ironknightgaming.co.nz/products/orruk-warclans-orruk-brutes,
2026-04-03 12:21:22,Iron Knight,Space Marines Primaris Librarian,,not_carried,,
2026-04-03 12:21:22,Iron Knight,Space Marines Primaris Reivers,,not_carried,,
2026-04-03 12:21:22,Iron Knight,Space Marines: Gladiator,185.00,out_of_stock,https://ironknightgaming.co.nz/products/space-marines-gladiator,
2026-04-03 12:21:24,Iron Knight,Space Marines: Primaris Intercessors,130.00,out_of_stock,https://ironknightgaming.co.nz/products/space-marines-primaris-intercessors,
2026-04-03 12:21:27,Iron Knight,Sylvaneth: Tree-Revenants,,not_carried,,
2026-04-03 12:21:27,Iron Knight,Warhammer 40000: Introductory Set,102.00,out_of_stock,https://ironknightgaming.co.nz/products/warhammer-40000-introductory-set,
2026-04-03 12:21:30,Mighty Ape,Age Of Sigmar: Introductory Set,,unknown,https://www.mightyape.co.nz/mn/buy/mighty-ape-warhammer-age-of-sigmar-introductory-set-39006494/,
2026-04-03 12:21:37,Mighty Ape,Death Guard: Plague Marine Champion,,not_carried,,
2026-04-03 12:21:37,Mighty Ape,Genestealer Cults: Biophagus,,unknown,https://www.mightyape.co.nz/mn/buy/mighty-ape-warhammer-40000-genestealer-cults-biophagus-29189815/,
2026-04-03 12:21:46,Mighty Ape,Orruk Warclans: Ardboy Big Boss,,not_carried,,
2026-04-03 12:21:46,Mighty Ape,Orruk Warclans: Orruk Brutes,,unknown,https://www.mightyape.co.nz/mn/buy/mighty-ape-ironjawz-orruk-brutes-25217197/,
2026-04-03 12:21:54,Mighty Ape,Space Marines: Gladiator,,unknown,https://www.mightyape.co.nz/product/warhammer-40000-space-marine-gladiator/34016507,
2026-04-03 12:22:03,Mighty Ape,Space Marines: Primaris Intercessors,,unknown,https://www.mightyape.co.nz/mn/buy/mighty-ape-warhammer-40000-space-marine-primaris-intercessors-26859092/,
2026-04-03 12:22:10,Mighty Ape,Space Marines Primaris Librarian,,unknown,https://www.mightyape.co.nz/product/warhammer-40000-space-marine-primaris-librarian/26853441,
2026-04-03 12:22:18,Mighty Ape,Space Marines Primaris Reivers,,unknown,https://www.mightyape.co.nz/product/warhammer-40000-space-marine-primaris-reivers/26856277,
2026-04-03 12:22:25,Mighty Ape,Sylvaneth: Tree-Revenants,,unknown,https://www.mightyape.co.nz/product/sylvaneth-tree-revenants/25522630,
2026-04-03 12:22:33,Mighty Ape,Warhammer 40000: Introductory Set,,unknown,https://www.mightyape.co.nz/mn/buy/mighty-ape-warhammer-40000-introductory-set-37875024/,
2026-04-03 12:22:42,Nova Games,Age Of Sigmar: Introductory Set,96.50,out_of_stock,https://novagames.co.nz/products/age-of-sigmar-introductory-set,
2026-04-03 12:22:43,Nova Games,Death Guard: Plague Marine Champion,,not_carried,,
2026-04-03 12:22:43,Nova Games,Orruk Warclans: Ardboy Big Boss,71.00,out_of_stock,https://novagames.co.nz/products/ardboy-big-boss,
2026-04-03 12:22:47,Nova Games,Orruk Warclans: Orruk Brutes,109.00,out_of_stock,https://novagames.co.nz/products/orruk-brutes,
2026-04-03 12:22:50,Nova Games,Space Marines Primaris Librarian,,not_carried,,
2026-04-03 12:22:50,Nova Games,Space Marines Primaris Reivers,,not_carried,,
2026-04-03 12:22:50,Nova Games,Space Marines: Gladiator,,not_carried,,
2026-04-03 12:22:50,Nova Games,Space Marines: Primaris Intercessors,117.00,out_of_stock,https://novagames.co.nz/products/intercessors,
2026-04-03 12:22:54,Nova Games,Sylvaneth: Tree-Revenants,,not_carried,,
2026-04-03 12:22:54,Nova Games,Warhammer 40000: Introductory Set,98.50,out_of_stock,https://novagames.co.nz/products/warhammer-40-000-introductory-set,
2026-04-03 12:22:56,Nova Games,Genestealer Cults: Biophagus,,not_carried,,
2026-04-03 12:22:56,Vagabond,Age Of Sigmar: Introductory Set,96.00,out_of_stock,https://vagabond.co.nz/warhammer-age-of-sigmar-introductory-set-2024/,
2026-04-03 12:22:59,Vagabond,Death Guard: Plague Marine Champion,51.00,in_stock,https://vagabond.co.nz/death-guard-plague-marine-champion/,
2026-04-03 12:23:02,Vagabond,Genestealer Cults: Biophagus,,not_carried,,
2026-04-03 12:23:02,Vagabond,Orruk Warclans: Ardboy Big Boss,66.50,in_stock,https://vagabond.co.nz/orruk-warclans-ardboy-big-boss,
2026-04-03 12:23:05,Vagabond,Orruk Warclans: Orruk Brutes,94.50,in_stock,https://vagabond.co.nz/ironjawz-orruk-brutes/,
2026-04-03 12:23:09,Vagabond,Space Marines: Gladiator,166.50,out_of_stock,https://vagabond.co.nz/space-marines-gladiator/,
2026-04-03 12:23:12,Vagabond,Space Marines: Primaris Intercessors,117.00,out_of_stock,https://vagabond.co.nz/space-marines-primaris-intercessors/,
2026-04-03 12:23:15,Vagabond,Space Marines Primaris Librarian,,not_carried,,
2026-04-03 12:23:15,Vagabond,Space Marines Primaris Reivers,117.00,in_stock,https://vagabond.co.nz/space-marines-primaris-reivers/,
2026-04-03 12:23:19,Vagabond,Sylvaneth: Tree-Revenants,,not_carried,,
2026-04-03 12:23:19,Vagabond,Warhammer 40000: Introductory Set,98.00,in_stock,https://vagabond.co.nz/warhammer-40-000-introductory-set/,
2026-04-03 12:28:32,Bea DnD,Age Of Sigmar: Introductory Set,90.00,out_of_stock,https://www.beadndgames.co.nz/products/warhammer-age-of-sigmar-introductory-set,
2026-04-03 12:28:35,Bea DnD,Death Guard: Plague Marine Champion,53.00,out_of_stock,https://www.beadndgames.co.nz/products/death-guard-plague-marine-champion-warhammer-40-000,
2026-04-03 12:28:38,Bea DnD,Genestealer Cults: Biophagus,,not_carried,,
2026-04-03 12:28:38,Bea DnD,Orruk Warclans: Ardboy Big Boss,,not_carried,,
2026-04-03 12:28:38,Bea DnD,Orruk Warclans: Orruk Brutes,,not_carried,,
2026-04-03 12:28:38,Bea DnD,Space Marines: Gladiator,,not_carried,,
2026-04-03 12:28:38,Bea DnD,Space Marines: Primaris Intercessors,120.00,out_of_stock,https://www.beadndgames.co.nz/products/space-marines-primaris-intercessors-warhammer-40-000,
2026-04-03 12:28:41,Bea DnD,Space Marines Primaris Librarian,62.40,out_of_stock,https://www.beadndgames.co.nz/products/space-marines-primaris-librarian-warhammer-40-000,
2026-04-03 12:28:45,Bea DnD,Space Marines Primaris Reivers,,not_carried,,
2026-04-03 12:28:45,Bea DnD,Sylvaneth: Tree-Revenants,82.00,out_of_stock,https://www.beadndgames.co.nz/products/sylvaneth-tree-revenants-warhammer-age-of-sigmar,
2026-04-03 12:28:48,Bea DnD,Warhammer 40000: Introductory Set,76.00,out_of_stock,https://www.beadndgames.co.nz/products/warhammer-40-000-introductory-set-start-your-warhammer-journey,
2026-04-03 12:28:52,Games Lab,Age Of Sigmar: Introductory Set,90.00,in_stock,https://www.gameslab.co.nz/products/Age-Of-Sigmar-Introductory-Set-p686464525,
2026-04-03 12:28:55,Games Lab,Death Guard: Plague Marine Champion,,not_carried,,
2026-04-03 12:28:55,Games Lab,Genestealer Cults: Biophagus,,not_carried,,
2026-04-03 12:28:55,Games Lab,Orruk Warclans: Ardboy Big Boss,,not_carried,,
2026-04-03 12:28:55,Games Lab,Orruk Warclans: Orruk Brutes,,not_carried,,
2026-04-03 12:28:55,Games Lab,Space Marines: Gladiator,158.00,out_of_stock,https://www.gameslab.co.nz/products/Space-Marine-Gladiator-p689900566,
2026-04-03 12:28:59,Games Lab,Space Marines: Primaris Intercessors,117.00,in_stock,https://www.gameslab.co.nz/products/Space-Marines-Primaris-Intercessors-p605967672,
2026-04-03 12:29:03,Games Lab,Space Marines Primaris Librarian,69.99,out_of_stock,https://www.gameslab.co.nz/products/Space-Marines-Primaris-Librarian-p651995264,
2026-04-03 12:29:06,Games Lab,Space Marines Primaris Reivers,109.00,out_of_stock,https://www.gameslab.co.nz/products/Space-Marines-Primaris-Reivers-p696127817,
2026-04-03 12:29:09,Games Lab,Sylvaneth: Tree-Revenants,81.00,in_stock,https://www.gameslab.co.nz/products/Sylvaneth-Tree-Revenants-p695852248,
2026-04-03 12:29:13,Games Lab,Warhammer 40000: Introductory Set,98.00,in_stock,https://www.gameslab.co.nz/products/Warhammer-40-000-Introductory-Set-p604427018,
2026-04-03 12:29:17,Goblin Games,Age Of Sigmar: Introductory Set,100.00,out_of_stock,https://goblingames.nz/products/warhammer-age-of-sigmar-introductory-set,
2026-04-03 12:29:20,Goblin Games,Death Guard: Plague Marine Champion,,not_carried,,
2026-04-03 12:29:20,Goblin Games,Genestealer Cults: Biophagus,,not_carried,,
2026-04-03 12:29:20,Goblin Games,Orruk Warclans: Ardboy Big Boss,,not_carried,,
2026-04-03 12:29:20,Goblin Games,Orruk Warclans: Orruk Brutes,113.00,out_of_stock,https://goblingames.nz/products/orruk-warclans-orruk-brutes,
2026-04-03 12:29:23,Goblin Games,Space Marines Primaris Librarian,,not_carried,,
2026-04-03 12:29:23,Goblin Games,Space Marines Primaris Reivers,124.50,out_of_stock,https://goblingames.nz/products/space-marines-primaris-reivers-1,
2026-04-03 12:29:27,Goblin Games,Space Marines: Gladiator,191.00,out_of_stock,https://goblingames.nz/products/space-marines-gladiator,
2026-04-03 12:29:29,Goblin Games,Space Marines: Primaris Intercessors,130.00,out_of_stock,https://goblingames.nz/products/space-marines-intercessors,
2026-04-03 12:29:31,Goblin Games,Sylvaneth: Tree-Revenants,95.00,out_of_stock,https://goblingames.nz/products/sylvaneth-tree-revenants,
2026-04-03 12:29:33,Goblin Games,Warhammer 40000: Introductory Set,,not_carried,,
2026-04-03 12:29:33,Hobby Collective,Age Of Sigmar: Introductory Set,85.60,out_of_stock,https://thehobbycollective.co.nz/warhammer-age-of-sigmar-introductory-set,
2026-04-03 12:29:37,Hobby Collective,Death Guard: Plague Marine Champion,,not_carried,,
2026-04-03 12:29:37,Hobby Collective,Genestealer Cults: Biophagus,,not_carried,,
2026-04-03 12:29:37,Hobby Collective,Orruk Warclans: Ardboy Big Boss,,not_carried,,
2026-04-03 12:29:37,Hobby Collective,Orruk Warclans: Orruk Brutes,,not_carried,,
2026-04-03 12:29:37,Hobby Collective,Space Marines Primaris Librarian,,not_carried,,
2026-04-03 12:29:37,Hobby Collective,Space Marines Primaris Reivers,,not_carried,,
2026-04-03 12:29:37,Hobby Collective,Space Marines: Gladiator,152.80,in_stock,https://thehobbycollective.co.nz/space-marines-gladiator-impulsor-lancer-valiant-reaper/,
2026-04-03 12:29:40,Hobby Collective,Space Marines: Primaris Intercessors,104.00,in_stock,https://thehobbycollective.co.nz/space-marines-primaris-intercessors/,
2026-04-03 12:29:44,Hobby Collective,Sylvaneth: Tree-Revenants,,not_carried,,
2026-04-03 12:29:44,Hobby Collective,Warhammer 40000: Introductory Set,87.20,in_stock,https://thehobbycollective.co.nz/warhammer-40-000-introductory-set/,
2026-04-03 12:29:48,Hobby Lords,Age Of Sigmar: Introductory Set,98.00,in_stock,https://www.hobbylords.co.nz/products/single/age-of-sigmar:-introductory-set,
2026-04-03 12:29:56,Hobby Lords,Death Guard: Plague Marine Champion,55.00,in_stock,https://www.hobbylords.co.nz/products/single/death-guard-plague-marine-champion,
2026-04-03 12:30:03,Hobby Lords,Genestealer Cults: Biophagus,,not_carried,,
2026-04-03 12:30:03,Hobby Lords,Orruk Warclans: Ardboy Big Boss,,not_carried,,
2026-04-03 12:30:03,Hobby Lords,Orruk Warclans: Orruk Brutes,110.35,in_stock,https://www.hobbylords.co.nz/products/single/orruk-warclans-orruk-brutes,
2026-04-03 12:30:11,Hobby Lords,Space Marines: Gladiator,,not_carried,,
2026-04-03 12:30:11,Hobby Lords,Space Marines: Primaris Intercessors,120.00,in_stock,https://www.hobbylords.co.nz/products/single/space-marines-intercessors,
2026-04-03 12:30:20,Hobby Lords,Space Marines Primaris Librarian,,not_carried,,
2026-04-03 12:30:20,Hobby Lords,Space Marines Primaris Reivers,120.00,in_stock,https://www.hobbylords.co.nz/products/single/space-marines-primaris-reivers,
2026-04-03 12:30:30,Hobby Lords,Sylvaneth: Tree-Revenants,93.00,in_stock,https://www.hobbylords.co.nz/products/single/sylvaneth-tree-revenants,
2026-04-03 12:30:40,Hobby Lords,Warhammer 40000: Introductory Set,100.00,in_stock,https://www.hobbylords.co.nz/products/single/warhammer-40000-introductory-set,
2026-04-03 12:30:48,Hobby Master,Age Of Sigmar: Introductory Set,97.00,in_stock,https://hobbymaster.co.nz/products/product/43416,
2026-04-03 12:30:52,Hobby Master,Death Guard: Plague Marine Champion,54.00,in_stock,https://hobbymaster.co.nz/products/product/40411,
2026-04-03 12:30:55,Hobby Master,Genestealer Cults: Biophagus,54.00,in_stock,https://hobbymaster.co.nz/products/product/31527,
2026-04-03 12:30:58,Hobby Master,Orruk Warclans: Ardboy Big Boss,75.00,in_stock,https://hobbymaster.co.nz/products/product/41743,
2026-04-03 12:31:00,Hobby Master,Orruk Warclans: Orruk Brutes,110.00,in_stock,https://hobbymaster.co.nz/products/product/37181,
2026-04-03 12:31:03,Hobby Master,Space Marines: Gladiator,174.00,in_stock,https://hobbymaster.co.nz/products/product/36228,
2026-04-03 12:31:07,Hobby Master,Space Marines: Primaris Intercessors,118.00,in_stock,https://hobbymaster.co.nz/products/product/28412,
2026-04-03 12:31:10,Hobby Master,Space Marines Primaris Librarian,75.00,in_stock,https://hobbymaster.co.nz/products/product/28221,
2026-04-03 12:31:13,Hobby Master,Space Marines Primaris Reivers,118.00,in_stock,https://hobbymaster.co.nz/products/product/28086,
2026-04-03 12:31:15,Hobby Master,Sylvaneth: Tree-Revenants,92.00,in_stock,https://hobbymaster.co.nz/products/product/39777,
2026-04-03 12:31:19,Hobby Master,Warhammer 40000: Introductory Set,93.00,in_stock,https://hobbymaster.co.nz/products/product/41316,
2026-04-03 12:31:21,Iron Knight,Age Of Sigmar: Introductory Set,107.00,out_of_stock,https://ironknightgaming.co.nz/products/warhammer-age-of-sigmar-introductory-set,
2026-04-03 12:31:23,Iron Knight,Death Guard: Plague Marine Champion,,not_carried,,
2026-04-03 12:31:23,Iron Knight,Genestealer Cults: Biophagus,,not_carried,,
2026-04-03 12:31:23,Iron Knight,Orruk Warclans: Ardboy Big Boss,,not_carried,,
2026-04-03 12:31:23,Iron Knight,Orruk Warclans: Orruk Brutes,121.00,out_of_stock,https://ironknightgaming.co.nz/products/orruk-warclans-orruk-brutes,
2026-04-03 12:31:27,Iron Knight,Space Marines Primaris Librarian,,not_carried,,
2026-04-03 12:31:27,Iron Knight,Space Marines Primaris Reivers,,not_carried,,
2026-04-03 12:31:27,Iron Knight,Space Marines: Gladiator,185.00,out_of_stock,https://ironknightgaming.co.nz/products/space-marines-gladiator,
2026-04-03 12:31:30,Iron Knight,Space Marines: Primaris Intercessors,130.00,out_of_stock,https://ironknightgaming.co.nz/products/space-marines-primaris-intercessors,
2026-04-03 12:31:32,Iron Knight,Sylvaneth: Tree-Revenants,,not_carried,,
2026-04-03 12:31:32,Iron Knight,Warhammer 40000: Introductory Set,102.00,out_of_stock,https://ironknightgaming.co.nz/products/warhammer-40000-introductory-set,
2026-04-03 12:31:35,Mighty Ape,Age Of Sigmar: Introductory Set,,unknown,https://www.mightyape.co.nz/mn/buy/mighty-ape-warhammer-age-of-sigmar-introductory-set-39006494/,
2026-04-03 12:31:45,Mighty Ape,Death Guard: Plague Marine Champion,,not_carried,,
2026-04-03 12:31:45,Mighty Ape,Genestealer Cults: Biophagus,,unknown,https://www.mightyape.co.nz/mn/buy/mighty-ape-warhammer-40000-genestealer-cults-biophagus-29189815/,
2026-04-03 12:31:54,Mighty Ape,Orruk Warclans: Ardboy Big Boss,,not_carried,,
2026-04-03 12:31:54,Mighty Ape,Orruk Warclans: Orruk Brutes,,unknown,https://www.mightyape.co.nz/mn/buy/mighty-ape-ironjawz-orruk-brutes-25217197/,
2026-04-03 12:32:05,Mighty Ape,Space Marines: Gladiator,,unknown,https://www.mightyape.co.nz/product/warhammer-40000-space-marine-gladiator/34016507,
2026-04-03 12:32:13,Mighty Ape,Space Marines: Primaris Intercessors,,unknown,https://www.mightyape.co.nz/mn/buy/mighty-ape-warhammer-40000-space-marine-primaris-intercessors-26859092/,
2026-04-03 12:32:21,Mighty Ape,Space Marines Primaris Librarian,,unknown,https://www.mightyape.co.nz/product/warhammer-40000-space-marine-primaris-librarian/26853441,
2026-04-03 12:32:29,Mighty Ape,Space Marines Primaris Reivers,,unknown,https://www.mightyape.co.nz/product/warhammer-40000-space-marine-primaris-reivers/26856277,
2026-04-03 12:32:37,Mighty Ape,Sylvaneth: Tree-Revenants,,unknown,https://www.mightyape.co.nz/product/sylvaneth-tree-revenants/25522630,
2026-04-03 12:32:45,Mighty Ape,Warhammer 40000: Introductory Set,,unknown,https://www.mightyape.co.nz/mn/buy/mighty-ape-warhammer-40000-introductory-set-37875024/,
2026-04-03 12:32:56,Nova Games,Age Of Sigmar: Introductory Set,96.50,out_of_stock,https://novagames.co.nz/products/age-of-sigmar-introductory-set,
2026-04-03 12:32:59,Nova Games,Death Guard: Plague Marine Champion,,not_carried,,
2026-04-03 12:32:59,Nova Games,Orruk Warclans: Ardboy Big Boss,71.00,out_of_stock,https://novagames.co.nz/products/ardboy-big-boss,
2026-04-03 12:33:01,Nova Games,Orruk Warclans: Orruk Brutes,109.00,out_of_stock,https://novagames.co.nz/products/orruk-brutes,
2026-04-03 12:33:03,Nova Games,Space Marines Primaris Librarian,,not_carried,,
2026-04-03 12:33:03,Nova Games,Space Marines Primaris Reivers,,not_carried,,
2026-04-03 12:33:03,Nova Games,Space Marines: Gladiator,,not_carried,,
2026-04-03 12:33:03,Nova Games,Space Marines: Primaris Intercessors,117.00,out_of_stock,https://novagames.co.nz/products/intercessors,
2026-04-03 12:33:07,Nova Games,Sylvaneth: Tree-Revenants,,not_carried,,
2026-04-03 12:33:07,Nova Games,Warhammer 40000: Introductory Set,98.50,out_of_stock,https://novagames.co.nz/products/warhammer-40-000-introductory-set,
2026-04-03 12:33:09,Nova Games,Genestealer Cults: Biophagus,,not_carried,,
2026-04-03 12:33:09,Vagabond,Age Of Sigmar: Introductory Set,96.00,out_of_stock,https://vagabond.co.nz/warhammer-age-of-sigmar-introductory-set-2024/,
2026-04-03 12:33:12,Vagabond,Death Guard: Plague Marine Champion,51.00,in_stock,https://vagabond.co.nz/death-guard-plague-marine-champion/,
2026-04-03 12:33:15,Vagabond,Genestealer Cults: Biophagus,,not_carried,,
2026-04-03 12:33:15,Vagabond,Orruk Warclans: Ardboy Big Boss,66.50,in_stock,https://vagabond.co.nz/orruk-warclans-ardboy-big-boss,
2026-04-03 12:33:19,Vagabond,Orruk Warclans: Orruk Brutes,94.50,in_stock,https://vagabond.co.nz/ironjawz-orruk-brutes/,
2026-04-03 12:33:24,Vagabond,Space Marines: Gladiator,166.50,out_of_stock,https://vagabond.co.nz/space-marines-gladiator/,
2026-04-03 12:33:28,Vagabond,Space Marines: Primaris Intercessors,117.00,out_of_stock,https://vagabond.co.nz/space-marines-primaris-intercessors/,
2026-04-03 12:33:31,Vagabond,Space Marines Primaris Librarian,,not_carried,,
2026-04-03 12:33:31,Vagabond,Space Marines Primaris Reivers,117.00,in_stock,https://vagabond.co.nz/space-marines-primaris-reivers/,
2026-04-03 12:33:33,Vagabond,Sylvaneth: Tree-Revenants,,not_carried,,
2026-04-03 12:33:33,Vagabond,Warhammer 40000: Introductory Set,98.00,in_stock,https://vagabond.co.nz/warhammer-40-000-introductory-set/,
2026-04-03 13:20:14,Bea DnD,Age Of Sigmar: Introductory Set,90.00,in_stock,https://www.beadndgames.co.nz/products/warhammer-age-of-sigmar-introductory-set,
2026-04-03 13:20:17,Bea DnD,Death Guard: Plague Marine Champion,53.00,in_stock,https://www.beadndgames.co.nz/products/death-guard-plague-marine-champion-warhammer-40-000,
2026-04-03 13:20:21,Bea DnD,Genestealer Cults: Biophagus,,not_carried,,
2026-04-03 13:20:21,Bea DnD,Orruk Warclans: Ardboy Big Boss,,not_carried,,
2026-04-03 13:20:21,Bea DnD,Orruk Warclans: Orruk Brutes,,not_carried,,
2026-04-03 13:20:21,Bea DnD,Space Marines: Gladiator,,not_carried,,
2026-04-03 13:20:21,Bea DnD,Space Marines: Primaris Intercessors,120.00,in_stock,https://www.beadndgames.co.nz/products/space-marines-primaris-intercessors-warhammer-40-000,
2026-04-03 13:20:24,Bea DnD,Space Marines Primaris Librarian,62.40,in_stock,https://www.beadndgames.co.nz/products/space-marines-primaris-librarian-warhammer-40-000,
2026-04-03 13:20:27,Bea DnD,Space Marines Primaris Reivers,,not_carried,,
2026-04-03 13:20:27,Bea DnD,Sylvaneth: Tree-Revenants,82.00,in_stock,https://www.beadndgames.co.nz/products/sylvaneth-tree-revenants-warhammer-age-of-sigmar,
2026-04-03 13:20:30,Bea DnD,Warhammer 40000: Introductory Set,76.00,in_stock,https://www.beadndgames.co.nz/products/warhammer-40-000-introductory-set-start-your-warhammer-journey,
2026-04-03 13:20:33,Games Lab,Age Of Sigmar: Introductory Set,90.00,in_stock,https://www.gameslab.co.nz/products/Age-Of-Sigmar-Introductory-Set-p686464525,
2026-04-03 13:20:36,Games Lab,Death Guard: Plague Marine Champion,,not_carried,,
2026-04-03 13:20:36,Games Lab,Genestealer Cults: Biophagus,,not_carried,,
2026-04-03 13:20:36,Games Lab,Orruk Warclans: Ardboy Big Boss,,not_carried,,
2026-04-03 13:20:36,Games Lab,Orruk Warclans: Orruk Brutes,,not_carried,,
2026-04-03 13:20:36,Games Lab,Space Marines: Gladiator,158.00,out_of_stock,https://www.gameslab.co.nz/products/Space-Marine-Gladiator-p689900566,
2026-04-03 13:20:40,Games Lab,Space Marines: Primaris Intercessors,117.00,in_stock,https://www.gameslab.co.nz/products/Space-Marines-Primaris-Intercessors-p605967672,
2026-04-03 13:20:44,Games Lab,Space Marines Primaris Librarian,69.99,out_of_stock,https://www.gameslab.co.nz/products/Space-Marines-Primaris-Librarian-p651995264,
2026-04-03 13:20:47,Games Lab,Space Marines Primaris Reivers,109.00,out_of_stock,https://www.gameslab.co.nz/products/Space-Marines-Primaris-Reivers-p696127817,
2026-04-03 13:20:50,Games Lab,Sylvaneth: Tree-Revenants,81.00,in_stock,https://www.gameslab.co.nz/products/Sylvaneth-Tree-Revenants-p695852248,
2026-04-03 13:20:53,Games Lab,Warhammer 40000: Introductory Set,98.00,in_stock,https://www.gameslab.co.nz/products/Warhammer-40-000-Introductory-Set-p604427018,
2026-04-03 13:20:57,Goblin Games,Age Of Sigmar: Introductory Set,100.00,in_stock,https://goblingames.nz/products/warhammer-age-of-sigmar-introductory-set,
2026-04-03 13:21:00,Goblin Games,Death Guard: Plague Marine Champion,,not_carried,,
2026-04-03 13:21:00,Goblin Games,Genestealer Cults: Biophagus,,not_carried,,
2026-04-03 13:21:00,Goblin Games,Orruk Warclans: Ardboy Big Boss,,not_carried,,
2026-04-03 13:21:00,Goblin Games,Orruk Warclans: Orruk Brutes,113.00,in_stock,https://goblingames.nz/products/orruk-warclans-orruk-brutes,
2026-04-03 13:21:03,Goblin Games,Space Marines Primaris Librarian,,not_carried,,
2026-04-03 13:21:03,Goblin Games,Space Marines Primaris Reivers,124.50,in_stock,https://goblingames.nz/products/space-marines-primaris-reivers-1,
2026-04-03 13:21:07,Goblin Games,Space Marines: Gladiator,191.00,in_stock,https://goblingames.nz/products/space-marines-gladiator,
2026-04-03 13:21:08,Goblin Games,Space Marines: Primaris Intercessors,130.00,in_stock,https://goblingames.nz/products/space-marines-intercessors,
2026-04-03 13:21:12,Goblin Games,Sylvaneth: Tree-Revenants,95.00,in_stock,https://goblingames.nz/products/sylvaneth-tree-revenants,
2026-04-03 13:21:15,Goblin Games,Warhammer 40000: Introductory Set,,not_carried,,
2026-04-03 13:21:15,Hobby Collective,Age Of Sigmar: Introductory Set,85.60,out_of_stock,https://thehobbycollective.co.nz/warhammer-age-of-sigmar-introductory-set,
2026-04-03 13:21:19,Hobby Collective,Death Guard: Plague Marine Champion,,not_carried,,
2026-04-03 13:21:19,Hobby Collective,Genestealer Cults: Biophagus,,not_carried,,
2026-04-03 13:21:19,Hobby Collective,Orruk Warclans: Ardboy Big Boss,,not_carried,,
2026-04-03 13:21:19,Hobby Collective,Orruk Warclans: Orruk Brutes,,not_carried,,
2026-04-03 13:21:19,Hobby Collective,Space Marines Primaris Librarian,,not_carried,,
2026-04-03 13:21:19,Hobby Collective,Space Marines Primaris Reivers,,not_carried,,
2026-04-03 13:21:19,Hobby Collective,Space Marines: Gladiator,152.80,in_stock,https://thehobbycollective.co.nz/space-marines-gladiator-impulsor-lancer-valiant-reaper/,
2026-04-03 13:21:21,Hobby Collective,Space Marines: Primaris Intercessors,104.00,in_stock,https://thehobbycollective.co.nz/space-marines-primaris-intercessors/,
2026-04-03 13:21:25,Hobby Collective,Sylvaneth: Tree-Revenants,,not_carried,,
2026-04-03 13:21:25,Hobby Collective,Warhammer 40000: Introductory Set,87.20,in_stock,https://thehobbycollective.co.nz/warhammer-40-000-introductory-set/,
2026-04-03 13:21:28,Hobby Lords,Age Of Sigmar: Introductory Set,98.00,in_stock,https://www.hobbylords.co.nz/products/single/age-of-sigmar:-introductory-set,
2026-04-03 13:21:36,Hobby Lords,Death Guard: Plague Marine Champion,55.00,in_stock,https://www.hobbylords.co.nz/products/single/death-guard-plague-marine-champion,
2026-04-03 13:21:46,Hobby Lords,Genestealer Cults: Biophagus,,not_carried,,
2026-04-03 13:21:46,Hobby Lords,Orruk Warclans: Ardboy Big Boss,,not_carried,,
2026-04-03 13:21:46,Hobby Lords,Orruk Warclans: Orruk Brutes,110.35,in_stock,https://www.hobbylords.co.nz/products/single/orruk-warclans-orruk-brutes,
2026-04-03 13:21:53,Hobby Lords,Space Marines: Gladiator,,not_carried,,
2026-04-03 13:21:53,Hobby Lords,Space Marines: Primaris Intercessors,120.00,in_stock,https://www.hobbylords.co.nz/products/single/space-marines-intercessors,
2026-04-03 13:22:02,Hobby Lords,Space Marines Primaris Librarian,,not_carried,,
2026-04-03 13:22:02,Hobby Lords,Space Marines Primaris Reivers,120.00,in_stock,https://www.hobbylords.co.nz/products/single/space-marines-primaris-reivers,
2026-04-03 13:22:11,Hobby Lords,Sylvaneth: Tree-Revenants,93.00,in_stock,https://www.hobbylords.co.nz/products/single/sylvaneth-tree-revenants,
2026-04-03 13:22:21,Hobby Lords,Warhammer 40000: Introductory Set,100.00,in_stock,https://www.hobbylords.co.nz/products/single/warhammer-40000-introductory-set,
2026-04-03 13:22:30,Hobby Master,Age Of Sigmar: Introductory Set,97.00,in_stock,https://hobbymaster.co.nz/products/product/43416,
2026-04-03 13:22:34,Hobby Master,Death Guard: Plague Marine Champion,54.00,in_stock,https://hobbymaster.co.nz/products/product/40411,
2026-04-03 13:22:36,Hobby Master,Genestealer Cults: Biophagus,54.00,in_stock,https://hobbymaster.co.nz/products/product/31527,
2026-04-03 13:22:40,Hobby Master,Orruk Warclans: Ardboy Big Boss,75.00,in_stock,https://hobbymaster.co.nz/products/product/41743,
2026-04-03 13:22:44,Hobby Master,Orruk Warclans: Orruk Brutes,110.00,in_stock,https://hobbymaster.co.nz/products/product/37181,
2026-04-03 13:22:47,Hobby Master,Space Marines: Gladiator,174.00,in_stock,https://hobbymaster.co.nz/products/product/36228,
2026-04-03 13:22:50,Hobby Master,Space Marines: Primaris Intercessors,118.00,in_stock,https://hobbymaster.co.nz/products/product/28412,
2026-04-03 13:22:53,Hobby Master,Space Marines Primaris Librarian,75.00,in_stock,https://hobbymaster.co.nz/products/product/28221,
2026-04-03 13:22:56,Hobby Master,Space Marines Primaris Reivers,118.00,in_stock,https://hobbymaster.co.nz/products/product/28086,
2026-04-03 13:23:00,Hobby Master,Sylvaneth: Tree-Revenants,92.00,in_stock,https://hobbymaster.co.nz/products/product/39777,
2026-04-03 13:23:03,Hobby Master,Warhammer 40000: Introductory Set,93.00,in_stock,https://hobbymaster.co.nz/products/product/41316,
2026-04-03 13:23:07,Iron Knight,Age Of Sigmar: Introductory Set,107.00,in_stock,https://ironknightgaming.co.nz/products/warhammer-age-of-sigmar-introductory-set,
2026-04-03 13:23:10,Iron Knight,Death Guard: Plague Marine Champion,,not_carried,,
2026-04-03 13:23:10,Iron Knight,Genestealer Cults: Biophagus,,not_carried,,
2026-04-03 13:23:10,Iron Knight,Orruk Warclans: Ardboy Big Boss,,not_carried,,
2026-04-03 13:23:10,Iron Knight,Orruk Warclans: Orruk Brutes,121.00,in_stock,https://ironknightgaming.co.nz/products/orruk-warclans-orruk-brutes,
2026-04-03 13:23:12,Iron Knight,Space Marines Primaris Librarian,,not_carried,,
2026-04-03 13:23:12,Iron Knight,Space Marines Primaris Reivers,,not_carried,,
2026-04-03 13:23:12,Iron Knight,Space Marines: Gladiator,185.00,in_stock,https://ironknightgaming.co.nz/products/space-marines-gladiator,
2026-04-03 13:23:15,Iron Knight,Space Marines: Primaris Intercessors,130.00,in_stock,https://ironknightgaming.co.nz/products/space-marines-primaris-intercessors,
2026-04-03 13:23:18,Iron Knight,Sylvaneth: Tree-Revenants,,not_carried,,
2026-04-03 13:23:18,Iron Knight,Warhammer 40000: Introductory Set,102.00,in_stock,https://ironknightgaming.co.nz/products/warhammer-40000-introductory-set,
2026-04-03 13:23:21,Mighty Ape,Age Of Sigmar: Introductory Set,,unknown,https://www.mightyape.co.nz/mn/buy/mighty-ape-warhammer-age-of-sigmar-introductory-set-39006494/,
2026-04-03 13:23:30,Mighty Ape,Death Guard: Plague Marine Champion,,not_carried,,
2026-04-03 13:23:30,Mighty Ape,Genestealer Cults: Biophagus,,unknown,https://www.mightyape.co.nz/mn/buy/mighty-ape-warhammer-40000-genestealer-cults-biophagus-29189815/,
2026-04-03 13:23:40,Mighty Ape,Orruk Warclans: Ardboy Big Boss,,not_carried,,
2026-04-03 13:23:40,Mighty Ape,Orruk Warclans: Orruk Brutes,,unknown,https://www.mightyape.co.nz/mn/buy/mighty-ape-ironjawz-orruk-brutes-25217197/,
2026-04-03 13:23:49,Mighty Ape,Space Marines: Gladiator,,unknown,https://www.mightyape.co.nz/product/warhammer-40000-space-marine-gladiator/34016507,
2026-04-03 13:23:59,Mighty Ape,Space Marines: Primaris Intercessors,,unknown,https://www.mightyape.co.nz/mn/buy/mighty-ape-warhammer-40000-space-marine-primaris-intercessors-26859092/,
2026-04-03 13:24:08,Mighty Ape,Space Marines Primaris Librarian,,unknown,https://www.mightyape.co.nz/product/warhammer-40000-space-marine-primaris-librarian/26853441,
2026-04-03 13:24:17,Mighty Ape,Space Marines Primaris Reivers,,unknown,https://www.mightyape.co.nz/product/warhammer-40000-space-marine-primaris-reivers/26856277,
2026-04-03 13:24:26,Mighty Ape,Sylvaneth: Tree-Revenants,,unknown,https://www.mightyape.co.nz/product/sylvaneth-tree-revenants/25522630,
2026-04-03 13:24:34,Mighty Ape,Warhammer 40000: Introductory Set,,unknown,https://www.mightyape.co.nz/mn/buy/mighty-ape-warhammer-40000-introductory-set-37875024/,
2026-04-03 13:24:44,Nova Games,Age Of Sigmar: Introductory Set,96.50,in_stock,https://novagames.co.nz/products/age-of-sigmar-introductory-set,
2026-04-03 13:24:45,Nova Games,Death Guard: Plague Marine Champion,,not_carried,,
2026-04-03 13:24:45,Nova Games,Orruk Warclans: Ardboy Big Boss,71.00,in_stock,https://novagames.co.nz/products/ardboy-big-boss,
2026-04-03 13:24:48,Nova Games,Orruk Warclans: Orruk Brutes,109.00,in_stock,https://novagames.co.nz/products/orruk-brutes,
2026-04-03 13:24:50,Nova Games,Space Marines Primaris Librarian,,not_carried,,
2026-04-03 13:24:50,Nova Games,Space Marines Primaris Reivers,,not_carried,,
2026-04-03 13:24:50,Nova Games,Space Marines: Gladiator,,not_carried,,
2026-04-03 13:24:50,Nova Games,Space Marines: Primaris Intercessors,117.00,in_stock,https://novagames.co.nz/products/intercessors,
2026-04-03 13:24:54,Nova Games,Sylvaneth: Tree-Revenants,,not_carried,,
2026-04-03 13:24:54,Nova Games,Warhammer 40000: Introductory Set,98.50,in_stock,https://novagames.co.nz/products/warhammer-40-000-introductory-set,
2026-04-03 13:24:55,Nova Games,Genestealer Cults: Biophagus,,not_carried,,
2026-04-03 13:24:55,Vagabond,Age Of Sigmar: Introductory Set,96.00,out_of_stock,https://vagabond.co.nz/warhammer-age-of-sigmar-introductory-set-2024/,
2026-04-03 13:25:00,Vagabond,Death Guard: Plague Marine Champion,51.00,in_stock,https://vagabond.co.nz/death-guard-plague-marine-champion/,
2026-04-03 13:25:05,Vagabond,Genestealer Cults: Biophagus,,not_carried,,
2026-04-03 13:25:05,Vagabond,Orruk Warclans: Ardboy Big Boss,66.50,in_stock,https://vagabond.co.nz/orruk-warclans-ardboy-big-boss,
2026-04-03 13:25:09,Vagabond,Orruk Warclans: Orruk Brutes,94.50,in_stock,https://vagabond.co.nz/ironjawz-orruk-brutes/,
2026-04-03 13:25:12,Vagabond,Space Marines: Gladiator,166.50,out_of_stock,https://vagabond.co.nz/space-marines-gladiator/,
2026-04-03 13:28:42,Vagabond,Space Marines: Primaris Intercessors,117.00,out_of_stock,https://vagabond.co.nz/space-marines-primaris-intercessors/,
2026-04-03 13:28:45,Vagabond,Space Marines Primaris Librarian,,not_carried,,
2026-04-03 13:28:45,Vagabond,Space Marines Primaris Reivers,117.00,in_stock,https://vagabond.co.nz/space-marines-primaris-reivers/,
2026-04-03 13:28:48,Vagabond,Sylvaneth: Tree-Revenants,,not_carried,,
2026-04-03 13:28:48,Vagabond,Warhammer 40000: Introductory Set,98.00,in_stock,https://vagabond.co.nz/warhammer-40-000-introductory-set/,
2026-04-03 13:35:31,Bea DnD,Age Of Sigmar: Introductory Set,90.00,in_stock,https://www.beadndgames.co.nz/products/warhammer-age-of-sigmar-introductory-set,
2026-04-03 13:35:33,Bea DnD,Death Guard: Plague Marine Champion,53.00,in_stock,https://www.beadndgames.co.nz/products/death-guard-plague-marine-champion-warhammer-40-000,
2026-04-03 13:35:37,Bea DnD,Genestealer Cults: Biophagus,,not_carried,,
2026-04-03 13:35:37,Bea DnD,Orruk Warclans: Ardboy Big Boss,,not_carried,,
2026-04-03 13:35:37,Bea DnD,Orruk Warclans: Orruk Brutes,,not_carried,,
2026-04-03 13:35:37,Bea DnD,Space Marines: Gladiator,,not_carried,,
2026-04-03 13:35:37,Bea DnD,Space Marines: Primaris Intercessors,120.00,in_stock,https://www.beadndgames.co.nz/products/space-marines-primaris-intercessors-warhammer-40-000,
2026-04-03 13:35:39,Bea DnD,Space Marines Primaris Librarian,62.40,in_stock,https://www.beadndgames.co.nz/products/space-marines-primaris-librarian-warhammer-40-000,
2026-04-03 13:35:42,Bea DnD,Space Marines Primaris Reivers,,not_carried,,
2026-04-03 13:35:42,Bea DnD,Sylvaneth: Tree-Revenants,82.00,in_stock,https://www.beadndgames.co.nz/products/sylvaneth-tree-revenants-warhammer-age-of-sigmar,
2026-04-03 13:35:45,Bea DnD,Warhammer 40000: Introductory Set,76.00,in_stock,https://www.beadndgames.co.nz/products/warhammer-40-000-introductory-set-start-your-warhammer-journey,
2026-04-03 13:35:47,Games Lab,Age Of Sigmar: Introductory Set,90.00,in_stock,https://www.gameslab.co.nz/products/Age-Of-Sigmar-Introductory-Set-p686464525,
2026-04-03 13:35:50,Games Lab,Death Guard: Plague Marine Champion,,not_carried,,
2026-04-03 13:35:50,Games Lab,Genestealer Cults: Biophagus,,not_carried,,
2026-04-03 13:35:50,Games Lab,Orruk Warclans: Ardboy Big Boss,,not_carried,,
2026-04-03 13:35:50,Games Lab,Orruk Warclans: Orruk Brutes,,not_carried,,
2026-04-03 13:35:50,Games Lab,Space Marines: Gladiator,158.00,out_of_stock,https://www.gameslab.co.nz/products/Space-Marine-Gladiator-p689900566,
2026-04-03 13:35:53,Games Lab,Space Marines: Primaris Intercessors,117.00,in_stock,https://www.gameslab.co.nz/products/Space-Marines-Primaris-Intercessors-p605967672,
2026-04-03 13:35:57,Games Lab,Space Marines Primaris Librarian,69.99,out_of_stock,https://www.gameslab.co.nz/products/Space-Marines-Primaris-Librarian-p651995264,
2026-04-03 13:36:02,Games Lab,Space Marines Primaris Reivers,109.00,out_of_stock,https://www.gameslab.co.nz/products/Space-Marines-Primaris-Reivers-p696127817,
2026-04-03 13:36:05,Games Lab,Sylvaneth: Tree-Revenants,81.00,in_stock,https://www.gameslab.co.nz/products/Sylvaneth-Tree-Revenants-p695852248,
2026-04-03 13:36:08,Games Lab,Warhammer 40000: Introductory Set,98.00,in_stock,https://www.gameslab.co.nz/products/Warhammer-40-000-Introductory-Set-p604427018,
2026-04-03 13:36:13,Goblin Games,Age Of Sigmar: Introductory Set,100.00,in_stock,https://goblingames.nz/products/warhammer-age-of-sigmar-introductory-set,
2026-04-03 13:36:15,Goblin Games,Death Guard: Plague Marine Champion,,not_carried,,
2026-04-03 13:36:15,Goblin Games,Genestealer Cults: Biophagus,,not_carried,,
2026-04-03 13:36:15,Goblin Games,Orruk Warclans: Ardboy Big Boss,,not_carried,,
2026-04-03 13:36:15,Goblin Games,Orruk Warclans: Orruk Brutes,113.00,in_stock,https://goblingames.nz/products/orruk-warclans-orruk-brutes,
2026-04-03 13:36:17,Goblin Games,Space Marines Primaris Librarian,,not_carried,,
2026-04-03 13:36:17,Goblin Games,Space Marines Primaris Reivers,124.50,in_stock,https://goblingames.nz/products/space-marines-primaris-reivers-1,
2026-04-03 13:36:20,Goblin Games,Space Marines: Gladiator,191.00,in_stock,https://goblingames.nz/products/space-marines-gladiator,
2026-04-03 13:36:23,Goblin Games,Space Marines: Primaris Intercessors,130.00,in_stock,https://goblingames.nz/products/space-marines-intercessors,
2026-04-03 13:36:27,Goblin Games,Sylvaneth: Tree-Revenants,95.00,in_stock,https://goblingames.nz/products/sylvaneth-tree-revenants,
2026-04-03 13:36:29,Goblin Games,Warhammer 40000: Introductory Set,,not_carried,,
2026-04-03 13:36:29,Hobby Collective,Age Of Sigmar: Introductory Set,85.60,out_of_stock,https://thehobbycollective.co.nz/warhammer-age-of-sigmar-introductory-set,
2026-04-03 13:36:32,Hobby Collective,Death Guard: Plague Marine Champion,,not_carried,,
2026-04-03 13:36:32,Hobby Collective,Genestealer Cults: Biophagus,,not_carried,,
2026-04-03 13:36:32,Hobby Collective,Orruk Warclans: Ardboy Big Boss,,not_carried,,
2026-04-03 13:36:32,Hobby Collective,Orruk Warclans: Orruk Brutes,,not_carried,,
2026-04-03 13:36:32,Hobby Collective,Space Marines Primaris Librarian,,not_carried,,
2026-04-03 13:36:32,Hobby Collective,Space Marines Primaris Reivers,,not_carried,,
2026-04-03 13:36:32,Hobby Collective,Space Marines: Gladiator,152.80,in_stock,https://thehobbycollective.co.nz/space-marines-gladiator-impulsor-lancer-valiant-reaper/,
2026-04-03 13:36:36,Hobby Collective,Space Marines: Primaris Intercessors,104.00,in_stock,https://thehobbycollective.co.nz/space-marines-primaris-intercessors/,
2026-04-03 13:36:38,Hobby Collective,Sylvaneth: Tree-Revenants,,not_carried,,
2026-04-03 13:36:38,Hobby Collective,Warhammer 40000: Introductory Set,87.20,in_stock,https://thehobbycollective.co.nz/warhammer-40-000-introductory-set/,
2026-04-03 13:36:41,Hobby Lords,Age Of Sigmar: Introductory Set,98.00,in_stock,https://www.hobbylords.co.nz/products/single/age-of-sigmar:-introductory-set,
2026-04-03 13:36:50,Hobby Lords,Death Guard: Plague Marine Champion,55.00,in_stock,https://www.hobbylords.co.nz/products/single/death-guard-plague-marine-champion,
2026-04-03 13:36:57,Hobby Lords,Genestealer Cults: Biophagus,,not_carried,,
2026-04-03 13:36:57,Hobby Lords,Orruk Warclans: Ardboy Big Boss,,not_carried,,
2026-04-03 13:36:57,Hobby Lords,Orruk Warclans: Orruk Brutes,110.35,in_stock,https://www.hobbylords.co.nz/products/single/orruk-warclans-orruk-brutes,
2026-04-03 13:37:06,Hobby Lords,Space Marines: Gladiator,,not_carried,,
2026-04-03 13:37:06,Hobby Lords,Space Marines: Primaris Intercessors,120.00,in_stock,https://www.hobbylords.co.nz/products/single/space-marines-intercessors,
2026-04-03 13:37:16,Hobby Lords,Space Marines Primaris Librarian,,not_carried,,
2026-04-03 13:37:16,Hobby Lords,Space Marines Primaris Reivers,120.00,in_stock,https://www.hobbylords.co.nz/products/single/space-marines-primaris-reivers,
2026-04-03 13:37:25,Hobby Lords,Sylvaneth: Tree-Revenants,93.00,in_stock,https://www.hobbylords.co.nz/products/single/sylvaneth-tree-revenants,
2026-04-03 13:37:35,Hobby Lords,Warhammer 40000: Introductory Set,100.00,in_stock,https://www.hobbylords.co.nz/products/single/warhammer-40000-introductory-set,
2026-04-03 13:37:43,Hobby Master,Age Of Sigmar: Introductory Set,97.00,in_stock,https://hobbymaster.co.nz/products/product/43416,
2026-04-03 13:37:47,Hobby Master,Death Guard: Plague Marine Champion,54.00,in_stock,https://hobbymaster.co.nz/products/product/40411,
2026-04-03 13:37:50,Hobby Master,Genestealer Cults: Biophagus,54.00,in_stock,https://hobbymaster.co.nz/products/product/31527,
2026-04-03 13:37:52,Hobby Master,Orruk Warclans: Ardboy Big Boss,75.00,in_stock,https://hobbymaster.co.nz/products/product/41743,
2026-04-03 13:37:55,Hobby Master,Orruk Warclans: Orruk Brutes,110.00,in_stock,https://hobbymaster.co.nz/products/product/37181,
2026-04-03 13:37:59,Hobby Master,Space Marines: Gladiator,174.00,in_stock,https://hobbymaster.co.nz/products/product/36228,
2026-04-03 13:38:03,Hobby Master,Space Marines: Primaris Intercessors,118.00,in_stock,https://hobbymaster.co.nz/products/product/28412,
2026-04-03 13:38:05,Hobby Master,Space Marines Primaris Librarian,75.00,in_stock,https://hobbymaster.co.nz/products/product/28221,
2026-04-03 13:38:09,Hobby Master,Space Marines Primaris Reivers,118.00,in_stock,https://hobbymaster.co.nz/products/product/28086,
2026-04-03 13:38:12,Hobby Master,Sylvaneth: Tree-Revenants,92.00,in_stock,https://hobbymaster.co.nz/products/product/39777,
2026-04-03 13:38:15,Hobby Master,Warhammer 40000: Introductory Set,93.00,in_stock,https://hobbymaster.co.nz/products/product/41316,
2026-04-03 13:38:18,Iron Knight,Age Of Sigmar: Introductory Set,107.00,in_stock,https://ironknightgaming.co.nz/products/warhammer-age-of-sigmar-introductory-set,
2026-04-03 13:38:20,Iron Knight,Death Guard: Plague Marine Champion,,not_carried,,
2026-04-03 13:38:20,Iron Knight,Genestealer Cults: Biophagus,,not_carried,,
2026-04-03 13:38:20,Iron Knight,Orruk Warclans: Ardboy Big Boss,,not_carried,,
2026-04-03 13:38:20,Iron Knight,Orruk Warclans: Orruk Brutes,121.00,in_stock,https://ironknightgaming.co.nz/products/orruk-warclans-orruk-brutes,
2026-04-03 13:38:23,Iron Knight,Space Marines Primaris Librarian,,not_carried,,
2026-04-03 13:38:23,Iron Knight,Space Marines Primaris Reivers,,not_carried,,
2026-04-03 13:38:23,Iron Knight,Space Marines: Gladiator,185.00,in_stock,https://ironknightgaming.co.nz/products/space-marines-gladiator,
2026-04-03 13:38:25,Iron Knight,Space Marines: Primaris Intercessors,130.00,in_stock,https://ironknightgaming.co.nz/products/space-marines-primaris-intercessors,
2026-04-03 13:38:29,Iron Knight,Sylvaneth: Tree-Revenants,,not_carried,,
2026-04-03 13:38:29,Iron Knight,Warhammer 40000: Introductory Set,102.00,in_stock,https://ironknightgaming.co.nz/products/warhammer-40000-introductory-set,
2026-04-03 13:38:31,Mighty Ape,Age Of Sigmar: Introductory Set,,unknown,https://www.mightyape.co.nz/mn/buy/mighty-ape-warhammer-age-of-sigmar-introductory-set-39006494/,
2026-04-03 13:38:39,Mighty Ape,Death Guard: Plague Marine Champion,,not_carried,,
2026-04-03 13:38:39,Mighty Ape,Genestealer Cults: Biophagus,,unknown,https://www.mightyape.co.nz/mn/buy/mighty-ape-warhammer-40000-genestealer-cults-biophagus-29189815/,
2026-04-03 13:38:49,Mighty Ape,Orruk Warclans: Ardboy Big Boss,,not_carried,,
2026-04-03 13:38:49,Mighty Ape,Orruk Warclans: Orruk Brutes,,unknown,https://www.mightyape.co.nz/mn/buy/mighty-ape-ironjawz-orruk-brutes-25217197/,
2026-04-03 13:38:59,Mighty Ape,Space Marines: Gladiator,,unknown,https://www.mightyape.co.nz/product/warhammer-40000-space-marine-gladiator/34016507,
2026-04-03 13:39:09,Mighty Ape,Space Marines: Primaris Intercessors,,unknown,https://www.mightyape.co.nz/mn/buy/mighty-ape-warhammer-40000-space-marine-primaris-intercessors-26859092/,
2026-04-03 13:39:17,Mighty Ape,Space Marines Primaris Librarian,,unknown,https://www.mightyape.co.nz/product/warhammer-40000-space-marine-primaris-librarian/26853441,
2026-04-03 13:39:27,Mighty Ape,Space Marines Primaris Reivers,,unknown,https://www.mightyape.co.nz/product/warhammer-40000-space-marine-primaris-reivers/26856277,
2026-04-03 13:39:38,Mighty Ape,Sylvaneth: Tree-Revenants,,unknown,https://www.mightyape.co.nz/product/sylvaneth-tree-revenants/25522630,
2026-04-03 13:39:48,Mighty Ape,Warhammer 40000: Introductory Set,,unknown,https://www.mightyape.co.nz/mn/buy/mighty-ape-warhammer-40000-introductory-set-37875024/,
2026-04-03 13:39:58,Nova Games,Age Of Sigmar: Introductory Set,96.50,in_stock,https://novagames.co.nz/products/age-of-sigmar-introductory-set,
2026-04-03 13:40:00,Nova Games,Death Guard: Plague Marine Champion,,not_carried,,
2026-04-03 13:40:00,Nova Games,Orruk Warclans: Ardboy Big Boss,71.00,in_stock,https://novagames.co.nz/products/ardboy-big-boss,
2026-04-03 13:40:03,Nova Games,Orruk Warclans: Orruk Brutes,109.00,in_stock,https://novagames.co.nz/products/orruk-brutes,
2026-04-03 13:40:07,Nova Games,Space Marines Primaris Librarian,,not_carried,,
2026-04-03 13:40:07,Nova Games,Space Marines Primaris Reivers,,not_carried,,
2026-04-03 13:40:07,Nova Games,Space Marines: Gladiator,,not_carried,,
2026-04-03 13:40:07,Nova Games,Space Marines: Primaris Intercessors,117.00,in_stock,https://novagames.co.nz/products/intercessors,
2026-04-03 13:40:11,Nova Games,Sylvaneth: Tree-Revenants,,not_carried,,
2026-04-03 13:40:11,Nova Games,Warhammer 40000: Introductory Set,98.50,in_stock,https://novagames.co.nz/products/warhammer-40-000-introductory-set,
2026-04-03 13:40:14,Nova Games,Genestealer Cults: Biophagus,,not_carried,,
2026-04-03 13:40:14,Vagabond,Age Of Sigmar: Introductory Set,96.00,out_of_stock,https://vagabond.co.nz/warhammer-age-of-sigmar-introductory-set-2024/,
2026-04-03 13:40:18,Vagabond,Death Guard: Plague Marine Champion,51.00,in_stock,https://vagabond.co.nz/death-guard-plague-marine-champion/,
2026-04-03 13:40:22,Vagabond,Genestealer Cults: Biophagus,,not_carried,,
2026-04-03 13:40:22,Vagabond,Orruk Warclans: Ardboy Big Boss,66.50,in_stock,https://vagabond.co.nz/orruk-warclans-ardboy-big-boss,
2026-04-03 13:40:26,Vagabond,Orruk Warclans: Orruk Brutes,94.50,in_stock,https://vagabond.co.nz/ironjawz-orruk-brutes/,
2026-04-03 13:40:29,Vagabond,Space Marines: Gladiator,166.50,out_of_stock,https://vagabond.co.nz/space-marines-gladiator/,
2026-04-03 13:40:32,Vagabond,Space Marines: Primaris Intercessors,117.00,out_of_stock,https://vagabond.co.nz/space-marines-primaris-intercessors/,
2026-04-03 13:40:36,Vagabond,Space Marines Primaris Librarian,,not_carried,,
2026-04-03 13:40:36,Vagabond,Space Marines Primaris Reivers,117.00,in_stock,https://vagabond.co.nz/space-marines-primaris-reivers/,
2026-04-03 13:40:39,Vagabond,Sylvaneth: Tree-Revenants,,not_carried,,
2026-04-03 13:40:39,Vagabond,Warhammer 40000: Introductory Set,98.00,in_stock,https://vagabond.co.nz/warhammer-40-000-introductory-set/,
2026-04-03 13:52:27,Bea DnD,Age Of Sigmar: Introductory Set,90.00,in_stock,https://www.beadndgames.co.nz/products/warhammer-age-of-sigmar-introductory-set,
2026-04-03 13:52:31,Bea DnD,Death Guard: Plague Marine Champion,53.00,in_stock,https://www.beadndgames.co.nz/products/death-guard-plague-marine-champion-warhammer-40-000,
2026-04-03 13:52:34,Bea DnD,Genestealer Cults: Biophagus,,not_carried,,
2026-04-03 13:52:34,Bea DnD,Orruk Warclans: Ardboy Big Boss,,not_carried,,
2026-04-03 13:52:34,Bea DnD,Orruk Warclans: Orruk Brutes,,not_carried,,
2026-04-03 13:52:34,Bea DnD,Space Marines: Gladiator,,not_carried,,
2026-04-03 13:52:34,Bea DnD,Space Marines: Primaris Intercessors,120.00,in_stock,https://www.beadndgames.co.nz/products/space-marines-primaris-intercessors-warhammer-40-000,
2026-04-03 13:52:38,Bea DnD,Space Marines Primaris Librarian,62.40,in_stock,https://www.beadndgames.co.nz/products/space-marines-primaris-librarian-warhammer-40-000,
2026-04-03 13:52:40,Bea DnD,Space Marines Primaris Reivers,,not_carried,,
2026-04-03 13:52:40,Bea DnD,Sylvaneth: Tree-Revenants,82.00,in_stock,https://www.beadndgames.co.nz/products/sylvaneth-tree-revenants-warhammer-age-of-sigmar,
2026-04-03 13:52:44,Bea DnD,Warhammer 40000: Introductory Set,76.00,in_stock,https://www.beadndgames.co.nz/products/warhammer-40-000-introductory-set-start-your-warhammer-journey,
2026-04-03 13:52:46,Games Lab,Age Of Sigmar: Introductory Set,90.00,in_stock,https://www.gameslab.co.nz/products/Age-Of-Sigmar-Introductory-Set-p686464525,
2026-04-03 13:52:51,Games Lab,Death Guard: Plague Marine Champion,,not_carried,,
2026-04-03 13:52:51,Games Lab,Genestealer Cults: Biophagus,,not_carried,,
2026-04-03 13:52:51,Games Lab,Orruk Warclans: Ardboy Big Boss,,not_carried,,
2026-04-03 13:52:51,Games Lab,Orruk Warclans: Orruk Brutes,,not_carried,,
2026-04-03 13:52:51,Games Lab,Space Marines: Gladiator,158.00,out_of_stock,https://www.gameslab.co.nz/products/Space-Marine-Gladiator-p689900566,
2026-04-03 13:52:54,Games Lab,Space Marines: Primaris Intercessors,117.00,in_stock,https://www.gameslab.co.nz/products/Space-Marines-Primaris-Intercessors-p605967672,
2026-04-03 13:52:59,Games Lab,Space Marines Primaris Librarian,69.99,out_of_stock,https://www.gameslab.co.nz/products/Space-Marines-Primaris-Librarian-p651995264,
2026-04-03 13:53:04,Games Lab,Space Marines Primaris Reivers,109.00,out_of_stock,https://www.gameslab.co.nz/products/Space-Marines-Primaris-Reivers-p696127817,
2026-04-03 13:53:07,Games Lab,Sylvaneth: Tree-Revenants,81.00,in_stock,https://www.gameslab.co.nz/products/Sylvaneth-Tree-Revenants-p695852248,
2026-04-03 13:53:12,Games Lab,Warhammer 40000: Introductory Set,98.00,in_stock,https://www.gameslab.co.nz/products/Warhammer-40-000-Introductory-Set-p604427018,
2026-04-03 13:53:15,Goblin Games,Age Of Sigmar: Introductory Set,100.00,in_stock,https://goblingames.nz/products/warhammer-age-of-sigmar-introductory-set,
2026-04-03 13:53:18,Goblin Games,Death Guard: Plague Marine Champion,,not_carried,,
2026-04-03 13:53:18,Goblin Games,Genestealer Cults: Biophagus,,not_carried,,
2026-04-03 13:53:18,Goblin Games,Orruk Warclans: Ardboy Big Boss,,not_carried,,
2026-04-03 13:53:18,Goblin Games,Orruk Warclans: Orruk Brutes,113.00,in_stock,https://goblingames.nz/products/orruk-warclans-orruk-brutes,
2026-04-03 13:53:20,Goblin Games,Space Marines Primaris Librarian,,not_carried,,
2026-04-03 13:53:20,Goblin Games,Space Marines Primaris Reivers,124.50,in_stock,https://goblingames.nz/products/space-marines-primaris-reivers-1,
2026-04-03 13:53:23,Goblin Games,Space Marines: Gladiator,191.00,in_stock,https://goblingames.nz/products/space-marines-gladiator,
2026-04-03 13:53:26,Goblin Games,Space Marines: Primaris Intercessors,130.00,in_stock,https://goblingames.nz/products/space-marines-intercessors,
2026-04-03 13:53:29,Goblin Games,Sylvaneth: Tree-Revenants,95.00,in_stock,https://goblingames.nz/products/sylvaneth-tree-revenants,
2026-04-03 13:53:32,Goblin Games,Warhammer 40000: Introductory Set,,not_carried,,
2026-04-03 13:53:32,Hobby Collective,Age Of Sigmar: Introductory Set,85.60,out_of_stock,https://thehobbycollective.co.nz/warhammer-age-of-sigmar-introductory-set,
2026-04-03 13:53:36,Hobby Collective,Death Guard: Plague Marine Champion,,not_carried,,
2026-04-03 13:53:36,Hobby Collective,Genestealer Cults: Biophagus,,not_carried,,
2026-04-03 13:53:36,Hobby Collective,Orruk Warclans: Ardboy Big Boss,,not_carried,,
2026-04-03 13:53:36,Hobby Collective,Orruk Warclans: Orruk Brutes,,not_carried,,
2026-04-03 13:53:36,Hobby Collective,Space Marines Primaris Librarian,,not_carried,,
2026-04-03 13:53:36,Hobby Collective,Space Marines Primaris Reivers,,not_carried,,
2026-04-03 13:53:36,Hobby Collective,Space Marines: Gladiator,152.80,in_stock,https://thehobbycollective.co.nz/space-marines-gladiator-impulsor-lancer-valiant-reaper/,
2026-04-03 13:53:41,Hobby Collective,Space Marines: Primaris Intercessors,104.00,in_stock,https://thehobbycollective.co.nz/space-marines-primaris-intercessors/,
2026-04-03 13:53:43,Hobby Collective,Sylvaneth: Tree-Revenants,,not_carried,,
2026-04-03 13:53:43,Hobby Collective,Warhammer 40000: Introductory Set,87.20,in_stock,https://thehobbycollective.co.nz/warhammer-40-000-introductory-set/,
2026-04-03 13:53:46,Hobby Lords,Age Of Sigmar: Introductory Set,98.00,in_stock,https://www.hobbylords.co.nz/products/single/age-of-sigmar:-introductory-set,
2026-04-03 13:53:55,Hobby Lords,Death Guard: Plague Marine Champion,55.00,in_stock,https://www.hobbylords.co.nz/products/single/death-guard-plague-marine-champion,
2026-04-03 13:54:04,Hobby Lords,Genestealer Cults: Biophagus,,not_carried,,
2026-04-03 13:54:04,Hobby Lords,Orruk Warclans: Ardboy Big Boss,,not_carried,,
2026-04-03 13:54:04,Hobby Lords,Orruk Warclans: Orruk Brutes,110.35,in_stock,https://www.hobbylords.co.nz/products/single/orruk-warclans-orruk-brutes,
2026-04-03 13:54:12,Hobby Lords,Space Marines: Gladiator,,not_carried,,
2026-04-03 13:54:12,Hobby Lords,Space Marines: Primaris Intercessors,120.00,in_stock,https://www.hobbylords.co.nz/products/single/space-marines-intercessors,
2026-04-03 13:54:19,Hobby Lords,Space Marines Primaris Librarian,,not_carried,,
2026-04-03 13:54:19,Hobby Lords,Space Marines Primaris Reivers,120.00,in_stock,https://www.hobbylords.co.nz/products/single/space-marines-primaris-reivers,
2026-04-03 13:54:28,Hobby Lords,Sylvaneth: Tree-Revenants,93.00,in_stock,https://www.hobbylords.co.nz/products/single/sylvaneth-tree-revenants,
2026-04-03 13:54:36,Hobby Lords,Warhammer 40000: Introductory Set,100.00,in_stock,https://www.hobbylords.co.nz/products/single/warhammer-40000-introductory-set,
2026-04-03 13:54:44,Hobby Master,Age Of Sigmar: Introductory Set,97.00,in_stock,https://hobbymaster.co.nz/products/product/43416,
2026-04-03 13:55:04,Hobby Master,Death Guard: Plague Marine Champion,54.00,in_stock,https://hobbymaster.co.nz/products/product/40411,
2026-04-03 13:55:08,Hobby Master,Genestealer Cults: Biophagus,54.00,in_stock,https://hobbymaster.co.nz/products/product/31527,
2026-04-03 13:55:12,Hobby Master,Orruk Warclans: Ardboy Big Boss,75.00,in_stock,https://hobbymaster.co.nz/products/product/41743,
2026-04-03 13:55:14,Hobby Master,Orruk Warclans: Orruk Brutes,110.00,in_stock,https://hobbymaster.co.nz/products/product/37181,
2026-04-03 13:55:18,Hobby Master,Space Marines: Gladiator,174.00,in_stock,https://hobbymaster.co.nz/products/product/36228,
2026-04-03 13:55:21,Hobby Master,Space Marines: Primaris Intercessors,118.00,in_stock,https://hobbymaster.co.nz/products/product/28412,
2026-04-03 13:55:24,Hobby Master,Space Marines Primaris Librarian,75.00,in_stock,https://hobbymaster.co.nz/products/product/28221,
2026-04-03 13:55:27,Hobby Master,Space Marines Primaris Reivers,118.00,in_stock,https://hobbymaster.co.nz/products/product/28086,
2026-04-03 13:55:31,Hobby Master,Sylvaneth: Tree-Revenants,92.00,in_stock,https://hobbymaster.co.nz/products/product/39777,
2026-04-03 13:55:34,Hobby Master,Warhammer 40000: Introductory Set,93.00,in_stock,https://hobbymaster.co.nz/products/product/41316,
2026-04-03 13:55:38,Iron Knight,Age Of Sigmar: Introductory Set,107.00,in_stock,https://ironknightgaming.co.nz/products/warhammer-age-of-sigmar-introductory-set,
2026-04-03 13:55:41,Iron Knight,Death Guard: Plague Marine Champion,,not_carried,,
2026-04-03 13:55:41,Iron Knight,Genestealer Cults: Biophagus,,not_carried,,
2026-04-03 13:55:41,Iron Knight,Orruk Warclans: Ardboy Big Boss,,not_carried,,
2026-04-03 13:55:41,Iron Knight,Orruk Warclans: Orruk Brutes,121.00,in_stock,https://ironknightgaming.co.nz/products/orruk-warclans-orruk-brutes,
2026-04-03 13:55:43,Iron Knight,Space Marines Primaris Librarian,,not_carried,,
2026-04-03 13:55:43,Iron Knight,Space Marines Primaris Reivers,,not_carried,,
2026-04-03 13:55:43,Iron Knight,Space Marines: Gladiator,185.00,in_stock,https://ironknightgaming.co.nz/products/space-marines-gladiator,
2026-04-03 13:55:45,Iron Knight,Space Marines: Primaris Intercessors,130.00,in_stock,https://ironknightgaming.co.nz/products/space-marines-primaris-intercessors,
2026-04-03 13:55:48,Iron Knight,Sylvaneth: Tree-Revenants,,not_carried,,
2026-04-03 13:55:48,Iron Knight,Warhammer 40000: Introductory Set,102.00,in_stock,https://ironknightgaming.co.nz/products/warhammer-40000-introductory-set,
2026-04-03 13:59:22,Mighty Ape,Age Of Sigmar: Introductory Set,,unknown,https://www.mightyape.co.nz/mn/buy/mighty-ape-warhammer-age-of-sigmar-introductory-set-39006494/,
2026-04-03 13:59:33,Mighty Ape,Death Guard: Plague Marine Champion,,not_carried,,
2026-04-03 13:59:33,Mighty Ape,Genestealer Cults: Biophagus,,unknown,https://www.mightyape.co.nz/mn/buy/mighty-ape-warhammer-40000-genestealer-cults-biophagus-29189815/,
2026-04-03 13:59:41,Mighty Ape,Orruk Warclans: Ardboy Big Boss,,not_carried,,
2026-04-03 13:59:41,Mighty Ape,Orruk Warclans: Orruk Brutes,,unknown,https://www.mightyape.co.nz/mn/buy/mighty-ape-ironjawz-orruk-brutes-25217197/,
2026-04-03 13:59:50,Mighty Ape,Space Marines: Gladiator,,unknown,https://www.mightyape.co.nz/product/warhammer-40000-space-marine-gladiator/34016507,
2026-04-03 13:59:58,Mighty Ape,Space Marines: Primaris Intercessors,,unknown,https://www.mightyape.co.nz/mn/buy/mighty-ape-warhammer-40000-space-marine-primaris-intercessors-26859092/,
2026-04-03 14:00:08,Mighty Ape,Space Marines Primaris Librarian,,unknown,https://www.mightyape.co.nz/product/warhammer-40000-space-marine-primaris-librarian/26853441,
2026-04-03 14:17:23,Mighty Ape,Space Marines Primaris Reivers,,unknown,https://www.mightyape.co.nz/product/warhammer-40000-space-marine-primaris-reivers/26856277,
2026-04-03 14:17:32,Mighty Ape,Sylvaneth: Tree-Revenants,,unknown,https://www.mightyape.co.nz/product/sylvaneth-tree-revenants/25522630,
2026-04-03 14:17:40,Mighty Ape,Warhammer 40000: Introductory Set,,unknown,https://www.mightyape.co.nz/mn/buy/mighty-ape-warhammer-40000-introductory-set-37875024/,
2026-04-03 14:17:48,Nova Games,Age Of Sigmar: Introductory Set,96.50,in_stock,https://novagames.co.nz/products/age-of-sigmar-introductory-set,
2026-04-03 14:17:51,Nova Games,Death Guard: Plague Marine Champion,,not_carried,,
2026-04-03 14:17:51,Nova Games,Orruk Warclans: Ardboy Big Boss,71.00,in_stock,https://novagames.co.nz/products/ardboy-big-boss,
2026-04-03 14:17:53,Nova Games,Orruk Warclans: Orruk Brutes,109.00,in_stock,https://novagames.co.nz/products/orruk-brutes,
2026-04-03 14:17:56,Nova Games,Space Marines Primaris Librarian,,not_carried,,
2026-04-03 14:17:56,Nova Games,Space Marines Primaris Reivers,,not_carried,,
2026-04-03 14:17:56,Nova Games,Space Marines: Gladiator,,not_carried,,
2026-04-03 14:17:56,Nova Games,Space Marines: Primaris Intercessors,117.00,in_stock,https://novagames.co.nz/products/intercessors,
2026-04-03 14:17:58,Nova Games,Sylvaneth: Tree-Revenants,,not_carried,,
2026-04-03 14:17:58,Nova Games,Warhammer 40000: Introductory Set,98.50,in_stock,https://novagames.co.nz/products/warhammer-40-000-introductory-set,
2026-04-03 14:18:00,Nova Games,Genestealer Cults: Biophagus,,not_carried,,
2026-04-03 14:18:00,Vagabond,Age Of Sigmar: Introductory Set,96.00,out_of_stock,https://vagabond.co.nz/warhammer-age-of-sigmar-introductory-set-2024/,
2026-04-03 14:18:03,Vagabond,Death Guard: Plague Marine Champion,51.00,in_stock,https://vagabond.co.nz/death-guard-plague-marine-champion/,
2026-04-03 14:18:07,Vagabond,Genestealer Cults: Biophagus,,not_carried,,
2026-04-03 14:18:07,Vagabond,Orruk Warclans: Ardboy Big Boss,66.50,in_stock,https://vagabond.co.nz/orruk-warclans-ardboy-big-boss,
2026-04-03 14:20:17,Vagabond,Orruk Warclans: Orruk Brutes,94.50,in_stock,https://vagabond.co.nz/ironjawz-orruk-brutes/,
2026-04-03 14:20:20,Vagabond,Space Marines: Gladiator,166.50,out_of_stock,https://vagabond.co.nz/space-marines-gladiator/,
2026-04-03 14:20:24,Vagabond,Space Marines: Primaris Intercessors,117.00,out_of_stock,https://vagabond.co.nz/space-marines-primaris-intercessors/,
2026-04-03 14:20:28,Vagabond,Space Marines Primaris Librarian,,not_carried,,
2026-04-03 14:20:28,Vagabond,Space Marines Primaris Reivers,117.00,in_stock,https://vagabond.co.nz/space-marines-primaris-reivers/,
2026-04-03 14:20:31,Vagabond,Sylvaneth: Tree-Revenants,,not_carried,,
2026-04-03 14:20:31,Vagabond,Warhammer 40000: Introductory Set,98.00,in_stock,https://vagabond.co.nz/warhammer-40-000-introductory-set/,
2026-04-03 16:36:43,Bea DnD,Age Of Sigmar: Introductory Set,90.00,in_stock,https://www.beadndgames.co.nz/products/warhammer-age-of-sigmar-introductory-set,
2026-04-03 16:36:45,Bea DnD,Death Guard: Plague Marine Champion,53.00,in_stock,https://www.beadndgames.co.nz/products/death-guard-plague-marine-champion-warhammer-40-000,
2026-04-03 16:36:47,Bea DnD,Genestealer Cults: Biophagus,,not_carried,,
2026-04-03 16:36:47,Bea DnD,Orruk Warclans: Ardboy Big Boss,,not_carried,,
2026-04-03 16:36:47,Bea DnD,Orruk Warclans: Orruk Brutes,,not_carried,,
2026-04-03 16:36:47,Bea DnD,Space Marines: Gladiator,,not_carried,,
2026-04-03 16:36:47,Bea DnD,Space Marines: Primaris Intercessors,120.00,in_stock,https://www.beadndgames.co.nz/products/space-marines-primaris-intercessors-warhammer-40-000,
2026-04-03 16:36:51,Bea DnD,Space Marines Primaris Librarian,62.40,in_stock,https://www.beadndgames.co.nz/products/space-marines-primaris-librarian-warhammer-40-000,
2026-04-03 16:36:54,Bea DnD,Space Marines Primaris Reivers,,not_carried,,
2026-04-03 16:36:54,Bea DnD,Sylvaneth: Tree-Revenants,82.00,in_stock,https://www.beadndgames.co.nz/products/sylvaneth-tree-revenants-warhammer-age-of-sigmar,
2026-04-03 16:36:57,Bea DnD,Warhammer 40000: Introductory Set,76.00,in_stock,https://www.beadndgames.co.nz/products/warhammer-40-000-introductory-set-start-your-warhammer-journey,
2026-04-03 16:36:59,Games Lab,Age Of Sigmar: Introductory Set,90.00,in_stock,https://www.gameslab.co.nz/products/Age-Of-Sigmar-Introductory-Set-p686464525,
2026-04-03 16:37:03,Games Lab,Death Guard: Plague Marine Champion,,not_carried,,
2026-04-03 16:37:03,Games Lab,Genestealer Cults: Biophagus,,not_carried,,
2026-04-03 16:37:03,Games Lab,Orruk Warclans: Ardboy Big Boss,,not_carried,,
2026-04-03 16:37:03,Games Lab,Orruk Warclans: Orruk Brutes,,not_carried,,
2026-04-03 16:37:03,Games Lab,Space Marines: Gladiator,158.00,out_of_stock,https://www.gameslab.co.nz/products/Space-Marine-Gladiator-p689900566,
2026-04-03 16:37:07,Games Lab,Space Marines: Primaris Intercessors,117.00,in_stock,https://www.gameslab.co.nz/products/Space-Marines-Primaris-Intercessors-p605967672,
2026-04-03 16:37:12,Games Lab,Space Marines Primaris Librarian,69.99,out_of_stock,https://www.gameslab.co.nz/products/Space-Marines-Primaris-Librarian-p651995264,
2026-04-03 16:37:16,Games Lab,Space Marines Primaris Reivers,109.00,out_of_stock,https://www.gameslab.co.nz/products/Space-Marines-Primaris-Reivers-p696127817,
2026-04-03 16:37:21,Games Lab,Sylvaneth: Tree-Revenants,81.00,in_stock,https://www.gameslab.co.nz/products/Sylvaneth-Tree-Revenants-p695852248,
2026-04-03 16:37:25,Games Lab,Warhammer 40000: Introductory Set,98.00,in_stock,https://www.gameslab.co.nz/products/Warhammer-40-000-Introductory-Set-p604427018,
2026-04-03 16:37:29,Goblin Games,Age Of Sigmar: Introductory Set,100.00,in_stock,https://goblingames.nz/products/warhammer-age-of-sigmar-introductory-set,
2026-04-03 16:37:31,Goblin Games,Death Guard: Plague Marine Champion,,not_carried,,
2026-04-03 16:37:31,Goblin Games,Genestealer Cults: Biophagus,,not_carried,,
2026-04-03 16:37:31,Goblin Games,Orruk Warclans: Ardboy Big Boss,,not_carried,,
2026-04-03 16:37:31,Goblin Games,Orruk Warclans: Orruk Brutes,113.00,in_stock,https://goblingames.nz/products/orruk-warclans-orruk-brutes,
2026-04-03 16:37:34,Goblin Games,Space Marines Primaris Librarian,,not_carried,,
2026-04-03 16:37:34,Goblin Games,Space Marines Primaris Reivers,124.50,in_stock,https://goblingames.nz/products/space-marines-primaris-reivers-1,
2026-04-03 16:37:36,Goblin Games,Space Marines: Gladiator,191.00,in_stock,https://goblingames.nz/products/space-marines-gladiator,
2026-04-03 16:37:39,Goblin Games,Space Marines: Primaris Intercessors,130.00,in_stock,https://goblingames.nz/products/space-marines-intercessors,
2026-04-03 16:37:42,Goblin Games,Sylvaneth: Tree-Revenants,95.00,in_stock,https://goblingames.nz/products/sylvaneth-tree-revenants,
2026-04-03 16:37:45,Goblin Games,Warhammer 40000: Introductory Set,,not_carried,,
2026-04-03 16:37:45,Hobby Collective,Age Of Sigmar: Introductory Set,85.60,out_of_stock,https://thehobbycollective.co.nz/warhammer-age-of-sigmar-introductory-set,
2026-04-03 16:37:50,Hobby Collective,Death Guard: Plague Marine Champion,,not_carried,,
2026-04-03 16:37:50,Hobby Collective,Genestealer Cults: Biophagus,,not_carried,,
2026-04-03 16:37:50,Hobby Collective,Orruk Warclans: Ardboy Big Boss,,not_carried,,
2026-04-03 16:37:50,Hobby Collective,Orruk Warclans: Orruk Brutes,,not_carried,,
2026-04-03 16:37:50,Hobby Collective,Space Marines Primaris Librarian,,not_carried,,
2026-04-03 16:37:50,Hobby Collective,Space Marines Primaris Reivers,,not_carried,,
2026-04-03 16:37:50,Hobby Collective,Space Marines: Gladiator,152.80,in_stock,https://thehobbycollective.co.nz/space-marines-gladiator-impulsor-lancer-valiant-reaper/,
2026-04-03 16:37:54,Hobby Collective,Space Marines: Primaris Intercessors,104.00,in_stock,https://thehobbycollective.co.nz/space-marines-primaris-intercessors/,
2026-04-03 16:37:58,Hobby Collective,Sylvaneth: Tree-Revenants,,not_carried,,
2026-04-03 16:37:58,Hobby Collective,Warhammer 40000: Introductory Set,87.20,in_stock,https://thehobbycollective.co.nz/warhammer-40-000-introductory-set/,
2026-04-03 16:38:02,Hobby Lords,Age Of Sigmar: Introductory Set,98.00,in_stock,https://www.hobbylords.co.nz/products/single/age-of-sigmar:-introductory-set,
2026-04-03 16:38:12,Hobby Lords,Death Guard: Plague Marine Champion,55.00,in_stock,https://www.hobbylords.co.nz/products/single/death-guard-plague-marine-champion,
2026-04-03 16:38:21,Hobby Lords,Genestealer Cults: Biophagus,,not_carried,,
2026-04-03 16:38:21,Hobby Lords,Orruk Warclans: Ardboy Big Boss,,not_carried,,
2026-04-03 16:38:21,Hobby Lords,Orruk Warclans: Orruk Brutes,110.35,in_stock,https://www.hobbylords.co.nz/products/single/orruk-warclans-orruk-brutes,
2026-04-03 16:38:30,Hobby Lords,Space Marines: Gladiator,,not_carried,,
2026-04-03 16:38:30,Hobby Lords,Space Marines: Primaris Intercessors,120.00,in_stock,https://www.hobbylords.co.nz/products/single/space-marines-intercessors,
2026-04-03 16:38:40,Hobby Lords,Space Marines Primaris Librarian,,not_carried,,
2026-04-03 16:38:40,Hobby Lords,Space Marines Primaris Reivers,120.00,in_stock,https://www.hobbylords.co.nz/products/single/space-marines-primaris-reivers,
2026-04-03 16:38:49,Hobby Lords,Sylvaneth: Tree-Revenants,93.00,in_stock,https://www.hobbylords.co.nz/products/single/sylvaneth-tree-revenants,
2026-04-03 16:38:59,Hobby Lords,Warhammer 40000: Introductory Set,100.00,in_stock,https://www.hobbylords.co.nz/products/single/warhammer-40000-introductory-set,
2026-04-03 16:39:09,Hobby Master,Age Of Sigmar: Introductory Set,97.00,in_stock,https://hobbymaster.co.nz/products/product/43416,
2026-04-03 16:39:11,Hobby Master,Death Guard: Plague Marine Champion,54.00,in_stock,https://hobbymaster.co.nz/products/product/40411,
2026-04-03 16:39:16,Hobby Master,Genestealer Cults: Biophagus,54.00,in_stock,https://hobbymaster.co.nz/products/product/31527,
2026-04-03 16:39:19,Hobby Master,Orruk Warclans: Ardboy Big Boss,75.00,in_stock,https://hobbymaster.co.nz/products/product/41743,
2026-04-03 16:39:22,Hobby Master,Orruk Warclans: Orruk Brutes,110.00,in_stock,https://hobbymaster.co.nz/products/product/37181,
2026-04-03 16:39:25,Hobby Master,Space Marines: Gladiator,174.00,in_stock,https://hobbymaster.co.nz/products/product/36228,
2026-04-03 16:39:27,Hobby Master,Space Marines: Primaris Intercessors,118.00,in_stock,https://hobbymaster.co.nz/products/product/28412,
2026-04-03 16:39:31,Hobby Master,Space Marines Primaris Librarian,75.00,in_stock,https://hobbymaster.co.nz/products/product/28221,
2026-04-03 16:39:35,Hobby Master,Space Marines Primaris Reivers,118.00,in_stock,https://hobbymaster.co.nz/products/product/28086,
2026-04-03 16:39:39,Hobby Master,Sylvaneth: Tree-Revenants,92.00,in_stock,https://hobbymaster.co.nz/products/product/39777,
2026-04-03 16:39:42,Hobby Master,Warhammer 40000: Introductory Set,93.00,in_stock,https://hobbymaster.co.nz/products/product/41316,
2026-04-03 16:39:46,Iron Knight,Age Of Sigmar: Introductory Set,107.00,in_stock,https://ironknightgaming.co.nz/products/warhammer-age-of-sigmar-introductory-set,
2026-04-03 16:39:50,Iron Knight,Death Guard: Plague Marine Champion,,not_carried,,
2026-04-03 16:39:50,Iron Knight,Genestealer Cults: Biophagus,,not_carried,,
2026-04-03 16:39:50,Iron Knight,Orruk Warclans: Ardboy Big Boss,,not_carried,,
2026-04-03 16:39:50,Iron Knight,Orruk Warclans: Orruk Brutes,121.00,in_stock,https://ironknightgaming.co.nz/products/orruk-warclans-orruk-brutes,
2026-04-03 16:39:54,Iron Knight,Space Marines Primaris Librarian,,not_carried,,
2026-04-03 16:39:54,Iron Knight,Space Marines Primaris Reivers,,not_carried,,
2026-04-03 16:39:54,Iron Knight,Space Marines: Gladiator,185.00,in_stock,https://ironknightgaming.co.nz/products/space-marines-gladiator,
2026-04-03 16:39:56,Iron Knight,Space Marines: Primaris Intercessors,130.00,in_stock,https://ironknightgaming.co.nz/products/space-marines-primaris-intercessors,
2026-04-03 16:39:59,Iron Knight,Sylvaneth: Tree-Revenants,,not_carried,,
2026-04-03 16:39:59,Iron Knight,Warhammer 40000: Introductory Set,102.00,in_stock,https://ironknightgaming.co.nz/products/warhammer-40000-introductory-set,
2026-04-03 16:40:02,Mighty Ape,Age Of Sigmar: Introductory Set,,unknown,https://www.mightyape.co.nz/mn/buy/mighty-ape-warhammer-age-of-sigmar-introductory-set-39006494/,
2026-04-03 16:40:13,Mighty Ape,Death Guard: Plague Marine Champion,,not_carried,,
2026-04-03 16:40:13,Mighty Ape,Genestealer Cults: Biophagus,,unknown,https://www.mightyape.co.nz/mn/buy/mighty-ape-warhammer-40000-genestealer-cults-biophagus-29189815/,
2026-04-03 16:40:23,Mighty Ape,Orruk Warclans: Ardboy Big Boss,,not_carried,,
2026-04-03 16:40:23,Mighty Ape,Orruk Warclans: Orruk Brutes,,unknown,https://www.mightyape.co.nz/mn/buy/mighty-ape-ironjawz-orruk-brutes-25217197/,
2026-04-03 16:40:34,Mighty Ape,Space Marines: Gladiator,,unknown,https://www.mightyape.co.nz/product/warhammer-40000-space-marine-gladiator/34016507,
2026-04-03 16:40:42,Mighty Ape,Space Marines: Primaris Intercessors,,unknown,https://www.mightyape.co.nz/mn/buy/mighty-ape-warhammer-40000-space-marine-primaris-intercessors-26859092/,
2026-04-03 16:40:53,Mighty Ape,Space Marines Primaris Librarian,,unknown,https://www.mightyape.co.nz/product/warhammer-40000-space-marine-primaris-librarian/26853441,
2026-04-03 16:41:02,Mighty Ape,Space Marines Primaris Reivers,,unknown,https://www.mightyape.co.nz/product/warhammer-40000-space-marine-primaris-reivers/26856277,
2026-04-03 16:41:11,Mighty Ape,Sylvaneth: Tree-Revenants,,unknown,https://www.mightyape.co.nz/product/sylvaneth-tree-revenants/25522630,
2026-04-03 16:41:20,Mighty Ape,Warhammer 40000: Introductory Set,,unknown,https://www.mightyape.co.nz/mn/buy/mighty-ape-warhammer-40000-introductory-set-37875024/,
2026-04-03 16:41:28,Nova Games,Age Of Sigmar: Introductory Set,96.50,in_stock,https://novagames.co.nz/products/age-of-sigmar-introductory-set,
2026-04-03 16:41:31,Nova Games,Death Guard: Plague Marine Champion,,not_carried,,
2026-04-03 16:41:31,Nova Games,Orruk Warclans: Ardboy Big Boss,71.00,in_stock,https://novagames.co.nz/products/ardboy-big-boss,
2026-04-03 16:41:35,Nova Games,Orruk Warclans: Orruk Brutes,109.00,in_stock,https://novagames.co.nz/products/orruk-brutes,
2026-04-03 16:41:38,Nova Games,Space Marines Primaris Librarian,,not_carried,,
2026-04-03 16:41:38,Nova Games,Space Marines Primaris Reivers,,not_carried,,
2026-04-03 16:41:38,Nova Games,Space Marines: Gladiator,,not_carried,,
2026-04-03 16:41:38,Nova Games,Space Marines: Primaris Intercessors,117.00,in_stock,https://novagames.co.nz/products/intercessors,
2026-04-03 16:41:42,Nova Games,Sylvaneth: Tree-Revenants,,not_carried,,
2026-04-03 16:41:42,Nova Games,Warhammer 40000: Introductory Set,98.50,in_stock,https://novagames.co.nz/products/warhammer-40-000-introductory-set,
2026-04-03 16:41:44,Nova Games,Genestealer Cults: Biophagus,,not_carried,,
2026-04-03 16:41:44,Vagabond,Age Of Sigmar: Introductory Set,96.00,out_of_stock,https://vagabond.co.nz/warhammer-age-of-sigmar-introductory-set-2024/,
2026-04-03 16:41:47,Vagabond,Death Guard: Plague Marine Champion,51.00,in_stock,https://vagabond.co.nz/death-guard-plague-marine-champion/,
2026-04-03 16:41:50,Vagabond,Genestealer Cults: Biophagus,,not_carried,,
2026-04-03 16:41:50,Vagabond,Orruk Warclans: Ardboy Big Boss,66.50,in_stock,https://vagabond.co.nz/orruk-warclans-ardboy-big-boss,
2026-04-03 16:41:54,Vagabond,Orruk Warclans: Orruk Brutes,94.50,in_stock,https://vagabond.co.nz/ironjawz-orruk-brutes/,
2026-04-03 16:41:58,Vagabond,Space Marines: Gladiator,166.50,out_of_stock,https://vagabond.co.nz/space-marines-gladiator/,
2026-04-03 16:42:03,Vagabond,Space Marines: Primaris Intercessors,117.00,out_of_stock,https://vagabond.co.nz/space-marines-primaris-intercessors/,
2026-04-03 16:42:06,Vagabond,Space Marines Primaris Librarian,,not_carried,,
2026-04-03 16:42:06,Vagabond,Space Marines Primaris Reivers,117.00,in_stock,https://vagabond.co.nz/space-marines-primaris-reivers/,
2026-04-03 16:42:10,Vagabond,Sylvaneth: Tree-Revenants,,not_carried,,
2026-04-03 16:42:10,Vagabond,Warhammer 40000: Introductory Set,98.00,in_stock,https://vagabond.co.nz/warhammer-40-000-introductory-set/,
2026-04-03 17:19:21,Bea DnD,Age Of Sigmar: Introductory Set,90.00,in_stock,https://www.beadndgames.co.nz/products/warhammer-age-of-sigmar-introductory-set,
2026-04-03 17:19:23,Bea DnD,Death Guard: Plague Marine Champion,53.00,in_stock,https://www.beadndgames.co.nz/products/death-guard-plague-marine-champion-warhammer-40-000,
2026-04-03 17:19:26,Bea DnD,Genestealer Cults: Biophagus,,not_carried,,
2026-04-03 17:19:26,Bea DnD,Orruk Warclans: Ardboy Big Boss,,not_carried,,
2026-04-03 17:19:26,Bea DnD,Orruk Warclans: Orruk Brutes,,not_carried,,
2026-04-03 17:19:26,Bea DnD,Space Marines: Gladiator,,not_carried,,
2026-04-03 17:19:26,Bea DnD,Space Marines: Primaris Intercessors,120.00,in_stock,https://www.beadndgames.co.nz/products/space-marines-primaris-intercessors-warhammer-40-000,
2026-04-03 17:19:29,Bea DnD,Space Marines Primaris Librarian,62.40,in_stock,https://www.beadndgames.co.nz/products/space-marines-primaris-librarian-warhammer-40-000,
2026-04-03 17:19:33,Bea DnD,Space Marines Primaris Reivers,,not_carried,,
2026-04-03 17:19:33,Bea DnD,Sylvaneth: Tree-Revenants,82.00,in_stock,https://www.beadndgames.co.nz/products/sylvaneth-tree-revenants-warhammer-age-of-sigmar,
2026-04-03 17:19:36,Bea DnD,Warhammer 40000: Introductory Set,76.00,in_stock,https://www.beadndgames.co.nz/products/warhammer-40-000-introductory-set-start-your-warhammer-journey,
2026-04-03 17:19:38,Games Lab,Age Of Sigmar: Introductory Set,90.00,in_stock,https://www.gameslab.co.nz/products/Age-Of-Sigmar-Introductory-Set-p686464525,
2026-04-03 17:19:42,Games Lab,Death Guard: Plague Marine Champion,,not_carried,,
2026-04-03 17:19:42,Games Lab,Genestealer Cults: Biophagus,,not_carried,,
2026-04-03 17:19:42,Games Lab,Orruk Warclans: Ardboy Big Boss,,not_carried,,
2026-04-03 17:19:42,Games Lab,Orruk Warclans: Orruk Brutes,,not_carried,,
2026-04-03 17:19:42,Games Lab,Space Marines: Gladiator,158.00,out_of_stock,https://www.gameslab.co.nz/products/Space-Marine-Gladiator-p689900566,
2026-04-03 17:19:46,Games Lab,Space Marines: Primaris Intercessors,117.00,in_stock,https://www.gameslab.co.nz/products/Space-Marines-Primaris-Intercessors-p605967672,
2026-04-03 17:19:49,Games Lab,Space Marines Primaris Librarian,69.99,out_of_stock,https://www.gameslab.co.nz/products/Space-Marines-Primaris-Librarian-p651995264,
2026-04-03 17:19:52,Games Lab,Space Marines Primaris Reivers,109.00,out_of_stock,https://www.gameslab.co.nz/products/Space-Marines-Primaris-Reivers-p696127817,
2026-04-03 17:19:57,Games Lab,Sylvaneth: Tree-Revenants,81.00,in_stock,https://www.gameslab.co.nz/products/Sylvaneth-Tree-Revenants-p695852248,
2026-04-03 17:20:02,Games Lab,Warhammer 40000: Introductory Set,98.00,in_stock,https://www.gameslab.co.nz/products/Warhammer-40-000-Introductory-Set-p604427018,
2026-04-03 17:20:05,Goblin Games,Age Of Sigmar: Introductory Set,100.00,in_stock,https://goblingames.nz/products/warhammer-age-of-sigmar-introductory-set,
2026-04-03 17:20:08,Goblin Games,Death Guard: Plague Marine Champion,,not_carried,,
2026-04-03 17:20:08,Goblin Games,Genestealer Cults: Biophagus,,not_carried,,
2026-04-03 17:20:08,Goblin Games,Orruk Warclans: Ardboy Big Boss,,not_carried,,
2026-04-03 17:20:08,Goblin Games,Orruk Warclans: Orruk Brutes,113.00,in_stock,https://goblingames.nz/products/orruk-warclans-orruk-brutes,
2026-04-03 17:20:11,Goblin Games,Space Marines Primaris Librarian,,not_carried,,
2026-04-03 17:20:11,Goblin Games,Space Marines Primaris Reivers,124.50,in_stock,https://goblingames.nz/products/space-marines-primaris-reivers-1,
2026-04-03 17:20:14,Goblin Games,Space Marines: Gladiator,191.00,in_stock,https://goblingames.nz/products/space-marines-gladiator,
2026-04-03 17:20:17,Goblin Games,Space Marines: Primaris Intercessors,130.00,in_stock,https://goblingames.nz/products/space-marines-intercessors,
2026-04-03 17:20:20,Goblin Games,Sylvaneth: Tree-Revenants,95.00,in_stock,https://goblingames.nz/products/sylvaneth-tree-revenants,
2026-04-03 17:20:23,Goblin Games,Warhammer 40000: Introductory Set,,not_carried,,
2026-04-03 17:20:23,Hobby Collective,Age Of Sigmar: Introductory Set,85.60,out_of_stock,https://thehobbycollective.co.nz/warhammer-age-of-sigmar-introductory-set,
2026-04-03 17:20:28,Hobby Collective,Death Guard: Plague Marine Champion,,not_carried,,
2026-04-03 17:20:28,Hobby Collective,Genestealer Cults: Biophagus,,not_carried,,
2026-04-03 17:20:28,Hobby Collective,Orruk Warclans: Ardboy Big Boss,,not_carried,,
2026-04-03 17:20:28,Hobby Collective,Orruk Warclans: Orruk Brutes,,not_carried,,
2026-04-03 17:20:28,Hobby Collective,Space Marines Primaris Librarian,,not_carried,,
2026-04-03 17:20:28,Hobby Collective,Space Marines Primaris Reivers,,not_carried,,
2026-04-03 17:20:28,Hobby Collective,Space Marines: Gladiator,152.80,in_stock,https://thehobbycollective.co.nz/space-marines-gladiator-impulsor-lancer-valiant-reaper/,
2026-04-03 17:20:31,Hobby Collective,Space Marines: Primaris Intercessors,104.00,in_stock,https://thehobbycollective.co.nz/space-marines-primaris-intercessors/,
2026-04-03 17:20:33,Hobby Collective,Sylvaneth: Tree-Revenants,,not_carried,,
2026-04-03 17:20:33,Hobby Collective,Warhammer 40000: Introductory Set,87.20,in_stock,https://thehobbycollective.co.nz/warhammer-40-000-introductory-set/,
2026-04-03 17:20:37,Hobby Lords,Age Of Sigmar: Introductory Set,98.00,in_stock,https://www.hobbylords.co.nz/products/single/age-of-sigmar:-introductory-set,
2026-04-03 17:20:46,Hobby Lords,Death Guard: Plague Marine Champion,55.00,in_stock,https://www.hobbylords.co.nz/products/single/death-guard-plague-marine-champion,
2026-04-03 17:20:54,Hobby Lords,Genestealer Cults: Biophagus,,not_carried,,
2026-04-03 17:20:54,Hobby Lords,Orruk Warclans: Ardboy Big Boss,,not_carried,,
2026-04-03 17:20:54,Hobby Lords,Orruk Warclans: Orruk Brutes,110.35,in_stock,https://www.hobbylords.co.nz/products/single/orruk-warclans-orruk-brutes,
2026-04-03 17:21:03,Hobby Lords,Space Marines: Gladiator,,not_carried,,
2026-04-03 17:21:03,Hobby Lords,Space Marines: Primaris Intercessors,120.00,in_stock,https://www.hobbylords.co.nz/products/single/space-marines-intercessors,
2026-04-03 17:21:10,Hobby Lords,Space Marines Primaris Librarian,,not_carried,,
2026-04-03 17:21:10,Hobby Lords,Space Marines Primaris Reivers,120.00,in_stock,https://www.hobbylords.co.nz/products/single/space-marines-primaris-reivers,
2026-04-03 17:21:19,Hobby Lords,Sylvaneth: Tree-Revenants,93.00,in_stock,https://www.hobbylords.co.nz/products/single/sylvaneth-tree-revenants,
2026-04-03 17:21:26,Hobby Lords,Warhammer 40000: Introductory Set,100.00,in_stock,https://www.hobbylords.co.nz/products/single/warhammer-40000-introductory-set,
2026-04-03 17:21:35,Hobby Master,Age Of Sigmar: Introductory Set,97.00,in_stock,https://hobbymaster.co.nz/products/product/43416,
2026-04-03 17:21:38,Hobby Master,Death Guard: Plague Marine Champion,54.00,in_stock,https://hobbymaster.co.nz/products/product/40411,
2026-04-03 17:21:41,Hobby Master,Genestealer Cults: Biophagus,54.00,in_stock,https://hobbymaster.co.nz/products/product/31527,
2026-04-03 17:21:45,Hobby Master,Orruk Warclans: Ardboy Big Boss,75.00,in_stock,https://hobbymaster.co.nz/products/product/41743,
2026-04-03 17:21:49,Hobby Master,Orruk Warclans: Orruk Brutes,110.00,in_stock,https://hobbymaster.co.nz/products/product/37181,
2026-04-03 17:21:52,Hobby Master,Space Marines: Gladiator,174.00,in_stock,https://hobbymaster.co.nz/products/product/36228,
2026-04-03 17:21:55,Hobby Master,Space Marines: Primaris Intercessors,118.00,in_stock,https://hobbymaster.co.nz/products/product/28412,
2026-04-03 17:21:58,Hobby Master,Space Marines Primaris Librarian,75.00,in_stock,https://hobbymaster.co.nz/products/product/28221,
2026-04-03 17:22:01,Hobby Master,Space Marines Primaris Reivers,118.00,in_stock,https://hobbymaster.co.nz/products/product/28086,
2026-04-03 17:22:03,Hobby Master,Sylvaneth: Tree-Revenants,92.00,in_stock,https://hobbymaster.co.nz/products/product/39777,
2026-04-03 17:22:07,Hobby Master,Warhammer 40000: Introductory Set,93.00,in_stock,https://hobbymaster.co.nz/products/product/41316,
2026-04-03 17:22:10,Iron Knight,Age Of Sigmar: Introductory Set,107.00,in_stock,https://ironknightgaming.co.nz/products/warhammer-age-of-sigmar-introductory-set,
2026-04-03 17:22:12,Iron Knight,Death Guard: Plague Marine Champion,,not_carried,,
2026-04-03 17:22:12,Iron Knight,Genestealer Cults: Biophagus,,not_carried,,
2026-04-03 17:22:12,Iron Knight,Orruk Warclans: Ardboy Big Boss,,not_carried,,
2026-04-03 17:22:12,Iron Knight,Orruk Warclans: Orruk Brutes,121.00,in_stock,https://ironknightgaming.co.nz/products/orruk-warclans-orruk-brutes,
2026-04-03 17:22:15,Iron Knight,Space Marines Primaris Librarian,,not_carried,,
2026-04-03 17:22:15,Iron Knight,Space Marines Primaris Reivers,,not_carried,,
2026-04-03 17:22:15,Iron Knight,Space Marines: Gladiator,185.00,in_stock,https://ironknightgaming.co.nz/products/space-marines-gladiator,
2026-04-03 17:22:17,Iron Knight,Space Marines: Primaris Intercessors,130.00,in_stock,https://ironknightgaming.co.nz/products/space-marines-primaris-intercessors,
2026-04-03 17:22:20,Iron Knight,Sylvaneth: Tree-Revenants,,not_carried,,
2026-04-03 17:22:20,Iron Knight,Warhammer 40000: Introductory Set,102.00,in_stock,https://ironknightgaming.co.nz/products/warhammer-40000-introductory-set,
2026-04-03 17:22:23,Mighty Ape,Age Of Sigmar: Introductory Set,,unknown,https://www.mightyape.co.nz/mn/buy/mighty-ape-warhammer-age-of-sigmar-introductory-set-39006494/,
2026-04-03 17:22:32,Mighty Ape,Death Guard: Plague Marine Champion,,not_carried,,
2026-04-03 17:22:32,Mighty Ape,Genestealer Cults: Biophagus,,unknown,https://www.mightyape.co.nz/mn/buy/mighty-ape-warhammer-40000-genestealer-cults-biophagus-29189815/,
2026-04-03 17:22:40,Mighty Ape,Orruk Warclans: Ardboy Big Boss,,not_carried,,
2026-04-03 17:22:40,Mighty Ape,Orruk Warclans: Orruk Brutes,,unknown,https://www.mightyape.co.nz/mn/buy/mighty-ape-ironjawz-orruk-brutes-25217197/,
2026-04-03 17:22:49,Mighty Ape,Space Marines: Gladiator,,unknown,https://www.mightyape.co.nz/product/warhammer-40000-space-marine-gladiator/34016507,
2026-04-03 17:22:58,Mighty Ape,Space Marines: Primaris Intercessors,,unknown,https://www.mightyape.co.nz/mn/buy/mighty-ape-warhammer-40000-space-marine-primaris-intercessors-26859092/,
2026-04-03 17:23:06,Mighty Ape,Space Marines Primaris Librarian,,unknown,https://www.mightyape.co.nz/product/warhammer-40000-space-marine-primaris-librarian/26853441,
2026-04-03 17:23:16,Mighty Ape,Space Marines Primaris Reivers,,unknown,https://www.mightyape.co.nz/product/warhammer-40000-space-marine-primaris-reivers/26856277,
2026-04-03 17:23:24,Mighty Ape,Sylvaneth: Tree-Revenants,,unknown,https://www.mightyape.co.nz/product/sylvaneth-tree-revenants/25522630,
2026-04-03 17:23:34,Mighty Ape,Warhammer 40000: Introductory Set,,unknown,https://www.mightyape.co.nz/mn/buy/mighty-ape-warhammer-40000-introductory-set-37875024/,
2026-04-03 17:23:45,Nova Games,Age Of Sigmar: Introductory Set,96.50,in_stock,https://novagames.co.nz/products/age-of-sigmar-introductory-set,
2026-04-03 17:23:46,Nova Games,Death Guard: Plague Marine Champion,,not_carried,,
2026-04-03 17:23:46,Nova Games,Orruk Warclans: Ardboy Big Boss,71.00,in_stock,https://novagames.co.nz/products/ardboy-big-boss,
2026-04-03 17:23:48,Nova Games,Orruk Warclans: Orruk Brutes,109.00,in_stock,https://novagames.co.nz/products/orruk-brutes,
2026-04-03 17:23:51,Nova Games,Space Marines Primaris Librarian,,not_carried,,
2026-04-03 17:23:51,Nova Games,Space Marines Primaris Reivers,,not_carried,,
2026-04-03 17:23:51,Nova Games,Space Marines: Gladiator,,not_carried,,
2026-04-03 17:23:51,Nova Games,Space Marines: Primaris Intercessors,117.00,in_stock,https://novagames.co.nz/products/intercessors,
2026-04-03 17:23:53,Nova Games,Sylvaneth: Tree-Revenants,,not_carried,,
2026-04-03 17:23:53,Nova Games,Warhammer 40000: Introductory Set,98.50,in_stock,https://novagames.co.nz/products/warhammer-40-000-introductory-set,
2026-04-03 17:23:57,Nova Games,Genestealer Cults: Biophagus,,not_carried,,
2026-04-03 17:23:57,Vagabond,Age Of Sigmar: Introductory Set,96.00,out_of_stock,https://vagabond.co.nz/warhammer-age-of-sigmar-introductory-set-2024/,
2026-04-03 17:24:00,Vagabond,Death Guard: Plague Marine Champion,51.00,in_stock,https://vagabond.co.nz/death-guard-plague-marine-champion/,
2026-04-03 17:24:02,Vagabond,Genestealer Cults: Biophagus,,not_carried,,
2026-04-03 17:24:02,Vagabond,Orruk Warclans: Ardboy Big Boss,66.50,in_stock,https://vagabond.co.nz/orruk-warclans-ardboy-big-boss,
2026-04-03 17:24:05,Vagabond,Orruk Warclans: Orruk Brutes,94.50,in_stock,https://vagabond.co.nz/ironjawz-orruk-brutes/,
2026-04-03 17:24:08,Vagabond,Space Marines: Gladiator,166.50,out_of_stock,https://vagabond.co.nz/space-marines-gladiator/,
2026-04-03 17:24:11,Vagabond,Space Marines: Primaris Intercessors,117.00,out_of_stock,https://vagabond.co.nz/space-marines-primaris-intercessors/,
2026-04-03 17:24:14,Vagabond,Space Marines Primaris Librarian,,not_carried,,
2026-04-03 17:24:14,Vagabond,Space Marines Primaris Reivers,117.00,in_stock,https://vagabond.co.nz/space-marines-primaris-reivers/,
2026-04-03 17:24:17,Vagabond,Sylvaneth: Tree-Revenants,,not_carried,,
2026-04-03 17:24:17,Vagabond,Warhammer 40000: Introductory Set,98.00,in_stock,https://vagabond.co.nz/warhammer-40-000-introductory-set/,
2026-04-03 17:24:58,Bea DnD,Age Of Sigmar: Introductory Set,90.00,in_stock,https://www.beadndgames.co.nz/products/warhammer-age-of-sigmar-introductory-set,
2026-04-03 17:25:00,Bea DnD,Death Guard: Plague Marine Champion,53.00,in_stock,https://www.beadndgames.co.nz/products/death-guard-plague-marine-champion-warhammer-40-000,
2026-04-03 17:25:03,Bea DnD,Genestealer Cults: Biophagus,,not_carried,,
2026-04-03 17:25:03,Bea DnD,Orruk Warclans: Ardboy Big Boss,,not_carried,,
2026-04-03 17:25:03,Bea DnD,Orruk Warclans: Orruk Brutes,,not_carried,,
2026-04-03 17:25:03,Bea DnD,Space Marines: Gladiator,,not_carried,,
2026-04-03 17:25:03,Bea DnD,Space Marines: Primaris Intercessors,120.00,in_stock,https://www.beadndgames.co.nz/products/space-marines-primaris-intercessors-warhammer-40-000,
2026-04-03 17:25:06,Bea DnD,Space Marines Primaris Librarian,62.40,in_stock,https://www.beadndgames.co.nz/products/space-marines-primaris-librarian-warhammer-40-000,
2026-04-03 17:25:09,Bea DnD,Space Marines Primaris Reivers,,not_carried,,
2026-04-03 17:25:09,Bea DnD,Sylvaneth: Tree-Revenants,82.00,in_stock,https://www.beadndgames.co.nz/products/sylvaneth-tree-revenants-warhammer-age-of-sigmar,
2026-04-03 17:25:13,Bea DnD,Warhammer 40000: Introductory Set,76.00,in_stock,https://www.beadndgames.co.nz/products/warhammer-40-000-introductory-set-start-your-warhammer-journey,
2026-04-03 17:25:15,Games Lab,Age Of Sigmar: Introductory Set,90.00,in_stock,https://www.gameslab.co.nz/products/Age-Of-Sigmar-Introductory-Set-p686464525,
2026-04-03 17:25:18,Games Lab,Death Guard: Plague Marine Champion,,not_carried,,
2026-04-03 17:25:18,Games Lab,Genestealer Cults: Biophagus,,not_carried,,
2026-04-03 17:25:18,Games Lab,Orruk Warclans: Ardboy Big Boss,,not_carried,,
2026-04-03 17:25:18,Games Lab,Orruk Warclans: Orruk Brutes,,not_carried,,
2026-04-03 17:25:18,Games Lab,Space Marines: Gladiator,158.00,out_of_stock,https://www.gameslab.co.nz/products/Space-Marine-Gladiator-p689900566,
2026-04-03 17:25:22,Games Lab,Space Marines: Primaris Intercessors,117.00,in_stock,https://www.gameslab.co.nz/products/Space-Marines-Primaris-Intercessors-p605967672,
2026-04-03 17:25:27,Games Lab,Space Marines Primaris Librarian,69.99,out_of_stock,https://www.gameslab.co.nz/products/Space-Marines-Primaris-Librarian-p651995264,
2026-04-03 17:25:31,Games Lab,Space Marines Primaris Reivers,,error,https://www.gameslab.co.nz/products/Space-Marines-Primaris-Reivers-p696127817,"HTTPSConnectionPool(host='www.gameslab.co.nz', port=443): Read timed out. (read timeout=15)"
2026-04-03 17:25:49,Games Lab,Sylvaneth: Tree-Revenants,81.00,in_stock,https://www.gameslab.co.nz/products/Sylvaneth-Tree-Revenants-p695852248,
2026-04-03 17:25:52,Games Lab,Warhammer 40000: Introductory Set,98.00,in_stock,https://www.gameslab.co.nz/products/Warhammer-40-000-Introductory-Set-p604427018,
2026-04-03 17:25:56,Goblin Games,Age Of Sigmar: Introductory Set,100.00,in_stock,https://goblingames.nz/products/warhammer-age-of-sigmar-introductory-set,
2026-04-03 17:25:59,Goblin Games,Death Guard: Plague Marine Champion,,not_carried,,
2026-04-03 17:25:59,Goblin Games,Genestealer Cults: Biophagus,,not_carried,,
2026-04-03 17:25:59,Goblin Games,Orruk Warclans: Ardboy Big Boss,,not_carried,,
2026-04-03 17:25:59,Goblin Games,Orruk Warclans: Orruk Brutes,113.00,in_stock,https://goblingames.nz/products/orruk-warclans-orruk-brutes,
2026-04-03 17:26:02,Goblin Games,Space Marines Primaris Librarian,,not_carried,,
2026-04-03 17:26:02,Goblin Games,Space Marines Primaris Reivers,124.50,in_stock,https://goblingames.nz/products/space-marines-primaris-reivers-1,
2026-04-03 17:26:05,Goblin Games,Space Marines: Gladiator,191.00,in_stock,https://goblingames.nz/products/space-marines-gladiator,
2026-04-03 17:26:07,Goblin Games,Space Marines: Primaris Intercessors,130.00,in_stock,https://goblingames.nz/products/space-marines-intercessors,
2026-04-03 17:26:09,Goblin Games,Sylvaneth: Tree-Revenants,95.00,in_stock,https://goblingames.nz/products/sylvaneth-tree-revenants,
2026-04-03 17:26:11,Goblin Games,Warhammer 40000: Introductory Set,,not_carried,,
2026-04-03 17:26:11,Hobby Collective,Age Of Sigmar: Introductory Set,85.60,out_of_stock,https://thehobbycollective.co.nz/warhammer-age-of-sigmar-introductory-set,
2026-04-03 17:26:14,Hobby Collective,Death Guard: Plague Marine Champion,,not_carried,,
2026-04-03 17:26:14,Hobby Collective,Genestealer Cults: Biophagus,,not_carried,,
2026-04-03 17:26:14,Hobby Collective,Orruk Warclans: Ardboy Big Boss,,not_carried,,
2026-04-03 17:26:14,Hobby Collective,Orruk Warclans: Orruk Brutes,,not_carried,,
2026-04-03 17:26:14,Hobby Collective,Space Marines Primaris Librarian,,not_carried,,
2026-04-03 17:26:14,Hobby Collective,Space Marines Primaris Reivers,,not_carried,,
2026-04-03 17:26:14,Hobby Collective,Space Marines: Gladiator,152.80,in_stock,https://thehobbycollective.co.nz/space-marines-gladiator-impulsor-lancer-valiant-reaper/,
2026-04-03 17:26:17,Hobby Collective,Space Marines: Primaris Intercessors,104.00,in_stock,https://thehobbycollective.co.nz/space-marines-primaris-intercessors/,
2026-04-03 17:26:21,Hobby Collective,Sylvaneth: Tree-Revenants,,not_carried,,
2026-04-03 17:26:21,Hobby Collective,Warhammer 40000: Introductory Set,87.20,in_stock,https://thehobbycollective.co.nz/warhammer-40-000-introductory-set/,
2026-04-03 17:26:23,Hobby Lords,Age Of Sigmar: Introductory Set,98.00,in_stock,https://www.hobbylords.co.nz/products/single/age-of-sigmar:-introductory-set,
2026-04-03 17:26:34,Hobby Lords,Death Guard: Plague Marine Champion,55.00,in_stock,https://www.hobbylords.co.nz/products/single/death-guard-plague-marine-champion,
2026-04-03 17:26:41,Hobby Lords,Genestealer Cults: Biophagus,,not_carried,,
2026-04-03 17:26:41,Hobby Lords,Orruk Warclans: Ardboy Big Boss,,not_carried,,
2026-04-03 17:26:41,Hobby Lords,Orruk Warclans: Orruk Brutes,110.35,in_stock,https://www.hobbylords.co.nz/products/single/orruk-warclans-orruk-brutes,
2026-04-03 17:26:48,Hobby Lords,Space Marines: Gladiator,,not_carried,,
2026-04-03 17:26:48,Hobby Lords,Space Marines: Primaris Intercessors,120.00,in_stock,https://www.hobbylords.co.nz/products/single/space-marines-intercessors,
2026-04-03 17:26:56,Hobby Lords,Space Marines Primaris Librarian,,not_carried,,
2026-04-03 17:26:56,Hobby Lords,Space Marines Primaris Reivers,120.00,in_stock,https://www.hobbylords.co.nz/products/single/space-marines-primaris-reivers,
2026-04-03 17:27:04,Hobby Lords,Sylvaneth: Tree-Revenants,93.00,in_stock,https://www.hobbylords.co.nz/products/single/sylvaneth-tree-revenants,
2026-04-03 17:27:14,Hobby Lords,Warhammer 40000: Introductory Set,100.00,in_stock,https://www.hobbylords.co.nz/products/single/warhammer-40000-introductory-set,
2026-04-03 17:27:23,Hobby Master,Age Of Sigmar: Introductory Set,97.00,in_stock,https://hobbymaster.co.nz/products/product/43416,
2026-04-03 17:27:25,Hobby Master,Death Guard: Plague Marine Champion,54.00,in_stock,https://hobbymaster.co.nz/products/product/40411,
2026-04-03 17:27:29,Hobby Master,Genestealer Cults: Biophagus,54.00,in_stock,https://hobbymaster.co.nz/products/product/31527,
2026-04-03 17:27:33,Hobby Master,Orruk Warclans: Ardboy Big Boss,75.00,in_stock,https://hobbymaster.co.nz/products/product/41743,
2026-04-03 17:27:37,Hobby Master,Orruk Warclans: Orruk Brutes,110.00,in_stock,https://hobbymaster.co.nz/products/product/37181,
2026-04-03 17:27:40,Hobby Master,Space Marines: Gladiator,174.00,in_stock,https://hobbymaster.co.nz/products/product/36228,
2026-04-03 17:27:44,Hobby Master,Space Marines: Primaris Intercessors,118.00,in_stock,https://hobbymaster.co.nz/products/product/28412,
2026-04-03 17:27:47,Hobby Master,Space Marines Primaris Librarian,75.00,in_stock,https://hobbymaster.co.nz/products/product/28221,
2026-04-03 17:27:49,Hobby Master,Space Marines Primaris Reivers,118.00,in_stock,https://hobbymaster.co.nz/products/product/28086,
2026-04-03 17:27:51,Hobby Master,Sylvaneth: Tree-Revenants,92.00,in_stock,https://hobbymaster.co.nz/products/product/39777,
2026-04-03 17:27:56,Hobby Master,Warhammer 40000: Introductory Set,93.00,in_stock,https://hobbymaster.co.nz/products/product/41316,
2026-04-03 17:27:59,Iron Knight,Age Of Sigmar: Introductory Set,107.00,in_stock,https://ironknightgaming.co.nz/products/warhammer-age-of-sigmar-introductory-set,
2026-04-03 17:28:02,Iron Knight,Death Guard: Plague Marine Champion,,not_carried,,
2026-04-03 17:28:02,Iron Knight,Genestealer Cults: Biophagus,,not_carried,,
2026-04-03 17:28:02,Iron Knight,Orruk Warclans: Ardboy Big Boss,,not_carried,,
2026-04-03 17:28:02,Iron Knight,Orruk Warclans: Orruk Brutes,121.00,in_stock,https://ironknightgaming.co.nz/products/orruk-warclans-orruk-brutes,
2026-04-03 17:28:04,Iron Knight,Space Marines Primaris Librarian,,not_carried,,
2026-04-03 17:28:04,Iron Knight,Space Marines Primaris Reivers,,not_carried,,
2026-04-03 17:28:04,Iron Knight,Space Marines: Gladiator,185.00,in_stock,https://ironknightgaming.co.nz/products/space-marines-gladiator,
2026-04-03 17:28:08,Iron Knight,Space Marines: Primaris Intercessors,130.00,in_stock,https://ironknightgaming.co.nz/products/space-marines-primaris-intercessors,
2026-04-03 17:28:10,Iron Knight,Sylvaneth: Tree-Revenants,,not_carried,,
2026-04-03 17:28:10,Iron Knight,Warhammer 40000: Introductory Set,102.00,in_stock,https://ironknightgaming.co.nz/products/warhammer-40000-introductory-set,
2026-04-03 17:28:12,Mighty Ape,Age Of Sigmar: Introductory Set,,unknown,https://www.mightyape.co.nz/mn/buy/mighty-ape-warhammer-age-of-sigmar-introductory-set-39006494/,
2026-04-03 17:28:22,Mighty Ape,Death Guard: Plague Marine Champion,,not_carried,,
2026-04-03 17:28:22,Mighty Ape,Genestealer Cults: Biophagus,,unknown,https://www.mightyape.co.nz/mn/buy/mighty-ape-warhammer-40000-genestealer-cults-biophagus-29189815/,
2026-04-03 17:28:31,Mighty Ape,Orruk Warclans: Ardboy Big Boss,,not_carried,,
2026-04-03 17:28:31,Mighty Ape,Orruk Warclans: Orruk Brutes,,unknown,https://www.mightyape.co.nz/mn/buy/mighty-ape-ironjawz-orruk-brutes-25217197/,
2026-04-03 17:28:42,Mighty Ape,Space Marines: Gladiator,,unknown,https://www.mightyape.co.nz/product/warhammer-40000-space-marine-gladiator/34016507,
2026-04-03 17:28:50,Mighty Ape,Space Marines: Primaris Intercessors,,unknown,https://www.mightyape.co.nz/mn/buy/mighty-ape-warhammer-40000-space-marine-primaris-intercessors-26859092/,
2026-04-03 17:29:00,Mighty Ape,Space Marines Primaris Librarian,,unknown,https://www.mightyape.co.nz/product/warhammer-40000-space-marine-primaris-librarian/26853441,
2026-04-03 17:29:09,Mighty Ape,Space Marines Primaris Reivers,,unknown,https://www.mightyape.co.nz/product/warhammer-40000-space-marine-primaris-reivers/26856277,
2026-04-03 17:29:19,Mighty Ape,Sylvaneth: Tree-Revenants,,unknown,https://www.mightyape.co.nz/product/sylvaneth-tree-revenants/25522630,
2026-04-03 17:29:28,Mighty Ape,Warhammer 40000: Introductory Set,,unknown,https://www.mightyape.co.nz/mn/buy/mighty-ape-warhammer-40000-introductory-set-37875024/,
2026-04-03 17:29:38,Nova Games,Age Of Sigmar: Introductory Set,96.50,in_stock,https://novagames.co.nz/products/age-of-sigmar-introductory-set,
2026-04-03 17:29:40,Nova Games,Death Guard: Plague Marine Champion,,not_carried,,
2026-04-03 17:29:40,Nova Games,Orruk Warclans: Ardboy Big Boss,71.00,in_stock,https://novagames.co.nz/products/ardboy-big-boss,
2026-04-03 17:29:44,Nova Games,Orruk Warclans: Orruk Brutes,109.00,in_stock,https://novagames.co.nz/products/orruk-brutes,
2026-04-03 17:29:47,Nova Games,Space Marines Primaris Librarian,,not_carried,,
2026-04-03 17:29:47,Nova Games,Space Marines Primaris Reivers,,not_carried,,
2026-04-03 17:29:47,Nova Games,Space Marines: Gladiator,,not_carried,,
2026-04-03 17:29:47,Nova Games,Space Marines: Primaris Intercessors,117.00,in_stock,https://novagames.co.nz/products/intercessors,
2026-04-03 17:29:51,Nova Games,Sylvaneth: Tree-Revenants,,not_carried,,
2026-04-03 17:29:51,Nova Games,Warhammer 40000: Introductory Set,98.50,in_stock,https://novagames.co.nz/products/warhammer-40-000-introductory-set,
2026-04-03 17:29:53,Nova Games,Genestealer Cults: Biophagus,,not_carried,,
2026-04-03 17:29:53,Vagabond,Age Of Sigmar: Introductory Set,96.00,out_of_stock,https://vagabond.co.nz/warhammer-age-of-sigmar-introductory-set-2024/,
2026-04-03 17:29:56,Vagabond,Death Guard: Plague Marine Champion,51.00,in_stock,https://vagabond.co.nz/death-guard-plague-marine-champion/,
2026-04-03 17:29:59,Vagabond,Genestealer Cults: Biophagus,,not_carried,,
2026-04-03 17:29:59,Vagabond,Orruk Warclans: Ardboy Big Boss,66.50,in_stock,https://vagabond.co.nz/orruk-warclans-ardboy-big-boss,
2026-04-03 17:30:04,Vagabond,Orruk Warclans: Orruk Brutes,94.50,in_stock,https://vagabond.co.nz/ironjawz-orruk-brutes/,
2026-04-03 17:30:07,Vagabond,Space Marines: Gladiator,166.50,out_of_stock,https://vagabond.co.nz/space-marines-gladiator/,
2026-04-03 17:30:11,Vagabond,Space Marines: Primaris Intercessors,117.00,out_of_stock,https://vagabond.co.nz/space-marines-primaris-intercessors/,
2026-04-03 17:30:15,Vagabond,Space Marines Primaris Librarian,,not_carried,,
2026-04-03 17:30:15,Vagabond,Space Marines Primaris Reivers,117.00,in_stock,https://vagabond.co.nz/space-marines-primaris-reivers/,
2026-04-03 17:30:19,Vagabond,Sylvaneth: Tree-Revenants,,not_carried,,
2026-04-03 17:30:19,Vagabond,Warhammer 40000: Introductory Set,98.00,in_stock,https://vagabond.co.nz/warhammer-40-000-introductory-set/,
2026-04-05 21:59:26,Bea DnD,Age Of Sigmar: Introductory Set,90.00,in_stock,https://www.beadndgames.co.nz/products/warhammer-age-of-sigmar-introductory-set,
2026-04-05 21:59:29,Bea DnD,Death Guard: Plague Marine Champion,53.00,in_stock,https://www.beadndgames.co.nz/products/death-guard-plague-marine-champion-warhammer-40-000,
2026-04-05 21:59:33,Bea DnD,Genestealer Cults: Biophagus,,not_carried,,
2026-04-05 21:59:33,Bea DnD,Orruk Warclans: Ardboy Big Boss,,not_carried,,
2026-04-05 21:59:33,Bea DnD,Orruk Warclans: Orruk Brutes,,not_carried,,
2026-04-05 21:59:33,Bea DnD,Space Marines: Gladiator,,not_carried,,
2026-04-05 21:59:33,Bea DnD,Space Marines: Primaris Intercessors,120.00,in_stock,https://www.beadndgames.co.nz/products/space-marines-primaris-intercessors-warhammer-40-000,
2026-04-05 21:59:35,Bea DnD,Space Marines Primaris Librarian,62.40,in_stock,https://www.beadndgames.co.nz/products/space-marines-primaris-librarian-warhammer-40-000,
2026-04-05 21:59:38,Bea DnD,Space Marines Primaris Reivers,,not_carried,,
2026-04-05 21:59:38,Bea DnD,Sylvaneth: Tree-Revenants,82.00,in_stock,https://www.beadndgames.co.nz/products/sylvaneth-tree-revenants-warhammer-age-of-sigmar,
2026-04-05 21:59:40,Bea DnD,Warhammer 40000: Introductory Set,76.00,in_stock,https://www.beadndgames.co.nz/products/warhammer-40-000-introductory-set-start-your-warhammer-journey,
2026-04-05 21:59:43,Games Lab,Age Of Sigmar: Introductory Set,90.00,in_stock,https://www.gameslab.co.nz/products/Age-Of-Sigmar-Introductory-Set-p686464525,
2026-04-05 21:59:47,Games Lab,Death Guard: Plague Marine Champion,,not_carried,,
2026-04-05 21:59:47,Games Lab,Genestealer Cults: Biophagus,,not_carried,,
2026-04-05 21:59:47,Games Lab,Orruk Warclans: Ardboy Big Boss,,not_carried,,
2026-04-05 21:59:47,Games Lab,Orruk Warclans: Orruk Brutes,,not_carried,,
2026-04-05 21:59:47,Games Lab,Space Marines: Gladiator,158.00,out_of_stock,https://www.gameslab.co.nz/products/Space-Marine-Gladiator-p689900566,
2026-04-05 21:59:51,Games Lab,Space Marines: Primaris Intercessors,117.00,in_stock,https://www.gameslab.co.nz/products/Space-Marines-Primaris-Intercessors-p605967672,
2026-04-05 21:59:53,Games Lab,Space Marines Primaris Librarian,69.99,out_of_stock,https://www.gameslab.co.nz/products/Space-Marines-Primaris-Librarian-p651995264,
2026-04-05 21:59:56,Games Lab,Space Marines Primaris Reivers,109.00,out_of_stock,https://www.gameslab.co.nz/products/Space-Marines-Primaris-Reivers-p696127817,
2026-04-05 22:00:00,Games Lab,Sylvaneth: Tree-Revenants,81.00,in_stock,https://www.gameslab.co.nz/products/Sylvaneth-Tree-Revenants-p695852248,
2026-04-05 22:00:04,Games Lab,Warhammer 40000: Introductory Set,98.00,in_stock,https://www.gameslab.co.nz/products/Warhammer-40-000-Introductory-Set-p604427018,
2026-04-05 22:00:07,Goblin Games,Age Of Sigmar: Introductory Set,100.00,in_stock,https://goblingames.nz/products/warhammer-age-of-sigmar-introductory-set,
2026-04-05 22:00:09,Goblin Games,Death Guard: Plague Marine Champion,,not_carried,,
2026-04-05 22:00:09,Goblin Games,Genestealer Cults: Biophagus,,not_carried,,
2026-04-05 22:00:09,Goblin Games,Orruk Warclans: Ardboy Big Boss,,not_carried,,
2026-04-05 22:00:09,Goblin Games,Orruk Warclans: Orruk Brutes,113.00,in_stock,https://goblingames.nz/products/orruk-warclans-orruk-brutes,
2026-04-05 22:00:11,Goblin Games,Space Marines Primaris Librarian,,not_carried,,
2026-04-05 22:00:11,Goblin Games,Space Marines Primaris Reivers,124.50,in_stock,https://goblingames.nz/products/space-marines-primaris-reivers-1,
2026-04-05 22:00:13,Goblin Games,Space Marines: Gladiator,191.00,in_stock,https://goblingames.nz/products/space-marines-gladiator,
2026-04-05 22:00:16,Goblin Games,Space Marines: Primaris Intercessors,130.00,in_stock,https://goblingames.nz/products/space-marines-intercessors,
2026-04-05 22:00:18,Goblin Games,Sylvaneth: Tree-Revenants,95.00,in_stock,https://goblingames.nz/products/sylvaneth-tree-revenants,
2026-04-05 22:00:21,Goblin Games,Warhammer 40000: Introductory Set,,not_carried,,
2026-04-05 22:00:21,Hobby Collective,Age Of Sigmar: Introductory Set,85.60,out_of_stock,https://thehobbycollective.co.nz/warhammer-age-of-sigmar-introductory-set,
2026-04-05 22:00:24,Hobby Collective,Death Guard: Plague Marine Champion,,not_carried,,
2026-04-05 22:00:24,Hobby Collective,Genestealer Cults: Biophagus,,not_carried,,
2026-04-05 22:00:24,Hobby Collective,Orruk Warclans: Ardboy Big Boss,,not_carried,,
2026-04-05 22:00:24,Hobby Collective,Orruk Warclans: Orruk Brutes,,not_carried,,
2026-04-05 22:00:24,Hobby Collective,Space Marines Primaris Librarian,,not_carried,,
2026-04-05 22:00:24,Hobby Collective,Space Marines Primaris Reivers,,not_carried,,
2026-04-05 22:00:24,Hobby Collective,Space Marines: Gladiator,152.80,in_stock,https://thehobbycollective.co.nz/space-marines-gladiator-impulsor-lancer-valiant-reaper/,
2026-04-05 22:00:27,Hobby Collective,Space Marines: Primaris Intercessors,104.00,in_stock,https://thehobbycollective.co.nz/space-marines-primaris-intercessors/,
2026-04-05 22:00:31,Hobby Collective,Sylvaneth: Tree-Revenants,,not_carried,,
2026-04-05 22:00:31,Hobby Collective,Warhammer 40000: Introductory Set,87.20,in_stock,https://thehobbycollective.co.nz/warhammer-40-000-introductory-set/,
2026-04-05 22:00:34,Hobby Lords,Age Of Sigmar: Introductory Set,98.00,in_stock,https://www.hobbylords.co.nz/products/single/age-of-sigmar:-introductory-set,
2026-04-05 22:00:44,Hobby Lords,Death Guard: Plague Marine Champion,55.00,in_stock,https://www.hobbylords.co.nz/products/single/death-guard-plague-marine-champion,
2026-04-05 22:00:52,Hobby Lords,Genestealer Cults: Biophagus,,not_carried,,
2026-04-05 22:00:52,Hobby Lords,Orruk Warclans: Ardboy Big Boss,,not_carried,,
2026-04-05 22:00:52,Hobby Lords,Orruk Warclans: Orruk Brutes,110.35,in_stock,https://www.hobbylords.co.nz/products/single/orruk-warclans-orruk-brutes,
2026-04-05 22:01:02,Hobby Lords,Space Marines: Gladiator,,not_carried,,
2026-04-05 22:01:02,Hobby Lords,Space Marines: Primaris Intercessors,120.00,in_stock,https://www.hobbylords.co.nz/products/single/space-marines-intercessors,
2026-04-05 22:01:10,Hobby Lords,Space Marines Primaris Librarian,,not_carried,,
2026-04-05 22:01:10,Hobby Lords,Space Marines Primaris Reivers,120.00,in_stock,https://www.hobbylords.co.nz/products/single/space-marines-primaris-reivers,
2026-04-05 22:01:17,Hobby Lords,Sylvaneth: Tree-Revenants,93.00,in_stock,https://www.hobbylords.co.nz/products/single/sylvaneth-tree-revenants,
2026-04-05 22:01:29,Hobby Lords,Warhammer 40000: Introductory Set,100.00,in_stock,https://www.hobbylords.co.nz/products/single/warhammer-40000-introductory-set,
2026-04-05 22:01:38,Hobby Master,Age Of Sigmar: Introductory Set,97.00,in_stock,https://hobbymaster.co.nz/products/product/43416,
2026-04-05 22:01:40,Hobby Master,Death Guard: Plague Marine Champion,54.00,in_stock,https://hobbymaster.co.nz/products/product/40411,
2026-04-05 22:01:43,Hobby Master,Genestealer Cults: Biophagus,54.00,in_stock,https://hobbymaster.co.nz/products/product/31527,
2026-04-05 22:01:47,Hobby Master,Orruk Warclans: Ardboy Big Boss,75.00,in_stock,https://hobbymaster.co.nz/products/product/41743,
2026-04-05 22:01:50,Hobby Master,Orruk Warclans: Orruk Brutes,110.00,in_stock,https://hobbymaster.co.nz/products/product/37181,
2026-04-05 22:01:52,Hobby Master,Space Marines: Gladiator,174.00,in_stock,https://hobbymaster.co.nz/products/product/36228,
2026-04-05 22:01:55,Hobby Master,Space Marines: Primaris Intercessors,118.00,in_stock,https://hobbymaster.co.nz/products/product/28412,
2026-04-05 22:01:58,Hobby Master,Space Marines Primaris Librarian,75.00,in_stock,https://hobbymaster.co.nz/products/product/28221,
2026-04-05 22:02:00,Hobby Master,Space Marines Primaris Reivers,118.00,in_stock,https://hobbymaster.co.nz/products/product/28086,
2026-04-05 22:02:04,Hobby Master,Sylvaneth: Tree-Revenants,92.00,in_stock,https://hobbymaster.co.nz/products/product/39777,
2026-04-05 22:02:07,Hobby Master,Warhammer 40000: Introductory Set,93.00,out_of_stock,https://hobbymaster.co.nz/products/product/41316,
2026-04-05 22:02:09,Iron Knight,Age Of Sigmar: Introductory Set,62.18,in_stock,https://ironknightgaming.co.nz/products/warhammer-age-of-sigmar-introductory-set,
2026-04-05 22:02:13,Iron Knight,Death Guard: Plague Marine Champion,,not_carried,,
2026-04-05 22:02:13,Iron Knight,Genestealer Cults: Biophagus,,not_carried,,
2026-04-05 22:02:13,Iron Knight,Orruk Warclans: Ardboy Big Boss,,not_carried,,
2026-04-05 22:02:13,Iron Knight,Orruk Warclans: Orruk Brutes,70.31,in_stock,https://ironknightgaming.co.nz/products/orruk-warclans-orruk-brutes,
2026-04-05 22:02:16,Iron Knight,Space Marines Primaris Librarian,,not_carried,,
2026-04-05 22:02:16,Iron Knight,Space Marines Primaris Reivers,,not_carried,,
2026-04-05 22:02:16,Iron Knight,Space Marines: Gladiator,107.50,in_stock,https://ironknightgaming.co.nz/products/space-marines-gladiator,
2026-04-05 22:02:18,Iron Knight,Space Marines: Primaris Intercessors,75.54,in_stock,https://ironknightgaming.co.nz/products/space-marines-primaris-intercessors,
2026-04-05 22:02:21,Iron Knight,Sylvaneth: Tree-Revenants,,not_carried,,
2026-04-05 22:02:21,Iron Knight,Warhammer 40000: Introductory Set,59.27,in_stock,https://ironknightgaming.co.nz/products/warhammer-40000-introductory-set,
2026-04-05 22:02:23,Mighty Ape,Age Of Sigmar: Introductory Set,,manual,https://www.mightyape.co.nz/mn/buy/mighty-ape-warhammer-age-of-sigmar-introductory-set-39006494/,Cloudflare protected — update manually
2026-04-05 22:02:26,Mighty Ape,Death Guard: Plague Marine Champion,,not_carried,,
2026-04-05 22:02:26,Mighty Ape,Genestealer Cults: Biophagus,,manual,https://www.mightyape.co.nz/mn/buy/mighty-ape-warhammer-40000-genestealer-cults-biophagus-29189815/,Cloudflare protected — update manually
2026-04-05 22:02:29,Mighty Ape,Orruk Warclans: Ardboy Big Boss,,not_carried,,
2026-04-05 22:02:29,Mighty Ape,Orruk Warclans: Orruk Brutes,,manual,https://www.mightyape.co.nz/mn/buy/mighty-ape-ironjawz-orruk-brutes-25217197/,Cloudflare protected — update manually
2026-04-05 22:02:32,Mighty Ape,Space Marines: Gladiator,,manual,https://www.mightyape.co.nz/product/warhammer-40000-space-marine-gladiator/34016507,Cloudflare protected — update manually
2026-04-05 22:02:34,Mighty Ape,Space Marines: Primaris Intercessors,,manual,https://www.mightyape.co.nz/mn/buy/mighty-ape-warhammer-40000-space-marine-primaris-intercessors-26859092/,Cloudflare protected — update manually
2026-04-05 22:02:37,Mighty Ape,Space Marines Primaris Librarian,,manual,https://www.mightyape.co.nz/product/warhammer-40000-space-marine-primaris-librarian/26853441,Cloudflare protected — update manually
2026-04-05 22:02:39,Mighty Ape,Space Marines Primaris Reivers,,manual,https://www.mightyape.co.nz/product/warhammer-40000-space-marine-primaris-reivers/26856277,Cloudflare protected — update manually
2026-04-05 22:02:41,Mighty Ape,Sylvaneth: Tree-Revenants,,manual,https://www.mightyape.co.nz/product/sylvaneth-tree-revenants/25522630,Cloudflare protected — update manually
2026-04-05 22:02:45,Mighty Ape,Warhammer 40000: Introductory Set,,manual,https://www.mightyape.co.nz/mn/buy/mighty-ape-warhammer-40000-introductory-set-37875024/,Cloudflare protected — update manually
2026-04-05 22:02:47,Nova Games,Age Of Sigmar: Introductory Set,96.50,in_stock,https://novagames.co.nz/products/age-of-sigmar-introductory-set,
2026-04-05 22:02:49,Nova Games,Death Guard: Plague Marine Champion,,not_carried,,
2026-04-05 22:02:49,Nova Games,Orruk Warclans: Ardboy Big Boss,71.00,in_stock,https://novagames.co.nz/products/ardboy-big-boss,
2026-04-05 22:02:53,Nova Games,Orruk Warclans: Orruk Brutes,109.00,in_stock,https://novagames.co.nz/products/orruk-brutes,
2026-04-05 22:02:55,Nova Games,Space Marines Primaris Librarian,,not_carried,,
2026-04-05 22:02:55,Nova Games,Space Marines Primaris Reivers,,not_carried,,
2026-04-05 22:02:55,Nova Games,Space Marines: Gladiator,,not_carried,,
2026-04-05 22:02:55,Nova Games,Space Marines: Primaris Intercessors,117.00,in_stock,https://novagames.co.nz/products/intercessors,
2026-04-05 22:02:57,Nova Games,Sylvaneth: Tree-Revenants,,not_carried,,
2026-04-05 22:02:57,Nova Games,Warhammer 40000: Introductory Set,98.50,in_stock,https://novagames.co.nz/products/warhammer-40-000-introductory-set,
2026-04-05 22:03:00,Nova Games,Genestealer Cults: Biophagus,,not_carried,,
2026-04-05 22:03:00,Vagabond,Age Of Sigmar: Introductory Set,96.00,out_of_stock,https://vagabond.co.nz/warhammer-age-of-sigmar-introductory-set-2024/,
2026-04-05 22:03:04,Vagabond,Death Guard: Plague Marine Champion,51.00,in_stock,https://vagabond.co.nz/death-guard-plague-marine-champion/,
2026-04-05 22:03:08,Vagabond,Genestealer Cults: Biophagus,,not_carried,,
2026-04-05 22:03:08,Vagabond,Orruk Warclans: Ardboy Big Boss,66.50,in_stock,https://vagabond.co.nz/orruk-warclans-ardboy-big-boss,
2026-04-05 22:03:12,Vagabond,Orruk Warclans: Orruk Brutes,94.50,in_stock,https://vagabond.co.nz/ironjawz-orruk-brutes/,
2026-04-05 22:03:16,Vagabond,Space Marines: Gladiator,166.50,out_of_stock,https://vagabond.co.nz/space-marines-gladiator/,
2026-04-05 22:03:20,Vagabond,Space Marines: Primaris Intercessors,117.00,out_of_stock,https://vagabond.co.nz/space-marines-primaris-intercessors/,
2026-04-05 22:03:23,Vagabond,Space Marines Primaris Librarian,,not_carried,,
2026-04-05 22:03:23,Vagabond,Space Marines Primaris Reivers,117.00,in_stock,https://vagabond.co.nz/space-marines-primaris-reivers/,
2026-04-05 22:03:26,Vagabond,Sylvaneth: Tree-Revenants,,not_carried,,
2026-04-05 22:03:26,Vagabond,Warhammer 40000: Introductory Set,98.00,in_stock,https://vagabond.co.nz/warhammer-40-000-introductory-set/,
2026-04-12 22:03:20,Bea DnD,Age Of Sigmar: Introductory Set,90.00,in_stock,https://www.beadndgames.co.nz/products/warhammer-age-of-sigmar-introductory-set,
2026-04-12 22:03:23,Bea DnD,Death Guard: Plague Marine Champion,53.00,in_stock,https://www.beadndgames.co.nz/products/death-guard-plague-marine-champion-warhammer-40-000,
2026-04-12 22:03:26,Bea DnD,Genestealer Cults: Biophagus,,not_carried,,
2026-04-12 22:03:26,Bea DnD,Orruk Warclans: Ardboy Big Boss,,not_carried,,
2026-04-12 22:03:26,Bea DnD,Orruk Warclans: Orruk Brutes,,not_carried,,
2026-04-12 22:03:26,Bea DnD,Space Marines: Gladiator,,not_carried,,
2026-04-12 22:03:26,Bea DnD,Space Marines: Primaris Intercessors,120.00,in_stock,https://www.beadndgames.co.nz/products/space-marines-primaris-intercessors-warhammer-40-000,
2026-04-12 22:03:29,Bea DnD,Space Marines Primaris Librarian,78.00,in_stock,https://www.beadndgames.co.nz/products/space-marines-primaris-librarian-warhammer-40-000,
2026-04-12 22:03:32,Bea DnD,Space Marines Primaris Reivers,,not_carried,,
2026-04-12 22:03:32,Bea DnD,Sylvaneth: Tree-Revenants,82.00,in_stock,https://www.beadndgames.co.nz/products/sylvaneth-tree-revenants-warhammer-age-of-sigmar,
2026-04-12 22:03:35,Bea DnD,Warhammer 40000: Introductory Set,95.00,in_stock,https://www.beadndgames.co.nz/products/warhammer-40-000-introductory-set-start-your-warhammer-journey,
2026-04-12 22:03:38,Games Lab,Age Of Sigmar: Introductory Set,90.00,in_stock,https://www.gameslab.co.nz/products/Age-Of-Sigmar-Introductory-Set-p686464525,
2026-04-12 22:03:42,Games Lab,Death Guard: Plague Marine Champion,,not_carried,,
2026-04-12 22:03:42,Games Lab,Genestealer Cults: Biophagus,,not_carried,,
2026-04-12 22:03:42,Games Lab,Orruk Warclans: Ardboy Big Boss,,not_carried,,
2026-04-12 22:03:42,Games Lab,Orruk Warclans: Orruk Brutes,,not_carried,,
2026-04-12 22:03:42,Games Lab,Space Marines: Gladiator,158.00,out_of_stock,https://www.gameslab.co.nz/products/Space-Marine-Gladiator-p689900566,
2026-04-12 22:03:45,Games Lab,Space Marines: Primaris Intercessors,117.00,in_stock,https://www.gameslab.co.nz/products/Space-Marines-Primaris-Intercessors-p605967672,
2026-04-12 22:03:49,Games Lab,Space Marines Primaris Librarian,69.99,out_of_stock,https://www.gameslab.co.nz/products/Space-Marines-Primaris-Librarian-p651995264,
2026-04-12 22:03:52,Games Lab,Space Marines Primaris Reivers,109.00,out_of_stock,https://www.gameslab.co.nz/products/Space-Marines-Primaris-Reivers-p696127817,
2026-04-12 22:03:55,Games Lab,Sylvaneth: Tree-Revenants,81.00,in_stock,https://www.gameslab.co.nz/products/Sylvaneth-Tree-Revenants-p695852248,
2026-04-12 22:03:57,Games Lab,Warhammer 40000: Introductory Set,98.00,in_stock,https://www.gameslab.co.nz/products/Warhammer-40-000-Introductory-Set-p604427018,
2026-04-12 22:04:00,Goblin Games,Age Of Sigmar: Introductory Set,100.00,in_stock,https://goblingames.nz/products/warhammer-age-of-sigmar-introductory-set,
2026-04-12 22:04:03,Goblin Games,Death Guard: Plague Marine Champion,,not_carried,,
2026-04-12 22:04:03,Goblin Games,Genestealer Cults: Biophagus,,not_carried,,
2026-04-12 22:04:03,Goblin Games,Orruk Warclans: Ardboy Big Boss,,not_carried,,
2026-04-12 22:04:03,Goblin Games,Orruk Warclans: Orruk Brutes,113.00,in_stock,https://goblingames.nz/products/orruk-warclans-orruk-brutes,
2026-04-12 22:04:05,Goblin Games,Space Marines Primaris Librarian,,not_carried,,
2026-04-12 22:04:05,Goblin Games,Space Marines Primaris Reivers,124.50,in_stock,https://goblingames.nz/products/space-marines-primaris-reivers-1,
2026-04-12 22:04:08,Goblin Games,Space Marines: Gladiator,191.00,in_stock,https://goblingames.nz/products/space-marines-gladiator,
2026-04-12 22:04:11,Goblin Games,Space Marines: Primaris Intercessors,130.00,in_stock,https://goblingames.nz/products/space-marines-intercessors,
2026-04-12 22:04:13,Goblin Games,Sylvaneth: Tree-Revenants,95.00,in_stock,https://goblingames.nz/products/sylvaneth-tree-revenants,
2026-04-12 22:04:16,Goblin Games,Warhammer 40000: Introductory Set,,not_carried,,
2026-04-12 22:04:16,Hobby Collective,Age Of Sigmar: Introductory Set,85.60,out_of_stock,https://thehobbycollective.co.nz/warhammer-age-of-sigmar-introductory-set,
2026-04-12 22:04:21,Hobby Collective,Death Guard: Plague Marine Champion,,not_carried,,
2026-04-12 22:04:21,Hobby Collective,Genestealer Cults: Biophagus,,not_carried,,
2026-04-12 22:04:21,Hobby Collective,Orruk Warclans: Ardboy Big Boss,,not_carried,,
2026-04-12 22:04:21,Hobby Collective,Orruk Warclans: Orruk Brutes,,not_carried,,
2026-04-12 22:04:21,Hobby Collective,Space Marines Primaris Librarian,,not_carried,,
2026-04-12 22:04:21,Hobby Collective,Space Marines Primaris Reivers,,not_carried,,
2026-04-12 22:04:21,Hobby Collective,Space Marines: Gladiator,152.80,in_stock,https://thehobbycollective.co.nz/space-marines-gladiator-impulsor-lancer-valiant-reaper/,
2026-04-12 22:04:24,Hobby Collective,Space Marines: Primaris Intercessors,104.00,in_stock,https://thehobbycollective.co.nz/space-marines-primaris-intercessors/,
2026-04-12 22:04:27,Hobby Collective,Sylvaneth: Tree-Revenants,,not_carried,,
2026-04-12 22:04:27,Hobby Collective,Warhammer 40000: Introductory Set,87.20,in_stock,https://thehobbycollective.co.nz/warhammer-40-000-introductory-set/,
2026-04-12 22:04:30,Hobby Lords,Age Of Sigmar: Introductory Set,98.00,in_stock,https://www.hobbylords.co.nz/products/single/age-of-sigmar:-introductory-set,
2026-04-12 22:04:41,Hobby Lords,Death Guard: Plague Marine Champion,55.00,in_stock,https://www.hobbylords.co.nz/products/single/death-guard-plague-marine-champion,
2026-04-12 22:04:50,Hobby Lords,Genestealer Cults: Biophagus,,not_carried,,
2026-04-12 22:04:50,Hobby Lords,Orruk Warclans: Ardboy Big Boss,,not_carried,,
2026-04-12 22:04:50,Hobby Lords,Orruk Warclans: Orruk Brutes,110.35,in_stock,https://www.hobbylords.co.nz/products/single/orruk-warclans-orruk-brutes,
2026-04-12 22:04:59,Hobby Lords,Space Marines: Gladiator,,not_carried,,
2026-04-12 22:04:59,Hobby Lords,Space Marines: Primaris Intercessors,120.00,in_stock,https://www.hobbylords.co.nz/products/single/space-marines-intercessors,
2026-04-12 22:05:07,Hobby Lords,Space Marines Primaris Librarian,,not_carried,,
2026-04-12 22:05:07,Hobby Lords,Space Marines Primaris Reivers,120.00,in_stock,https://www.hobbylords.co.nz/products/single/space-marines-primaris-reivers,
2026-04-12 22:05:17,Hobby Lords,Sylvaneth: Tree-Revenants,93.00,in_stock,https://www.hobbylords.co.nz/products/single/sylvaneth-tree-revenants,
2026-04-12 22:05:26,Hobby Lords,Warhammer 40000: Introductory Set,100.00,in_stock,https://www.hobbylords.co.nz/products/single/warhammer-40000-introductory-set,
2026-04-12 22:05:36,Hobby Master,Age Of Sigmar: Introductory Set,97.00,in_stock,https://hobbymaster.co.nz/products/product/43416,
2026-04-12 22:05:40,Hobby Master,Death Guard: Plague Marine Champion,54.00,in_stock,https://hobbymaster.co.nz/products/product/40411,
2026-04-12 22:05:43,Hobby Master,Genestealer Cults: Biophagus,54.00,in_stock,https://hobbymaster.co.nz/products/product/31527,
2026-04-12 22:05:47,Hobby Master,Orruk Warclans: Ardboy Big Boss,75.00,in_stock,https://hobbymaster.co.nz/products/product/41743,
2026-04-12 22:05:50,Hobby Master,Orruk Warclans: Orruk Brutes,110.00,in_stock,https://hobbymaster.co.nz/products/product/37181,
2026-04-12 22:05:53,Hobby Master,Space Marines: Gladiator,174.00,in_stock,https://hobbymaster.co.nz/products/product/36228,
2026-04-12 22:05:57,Hobby Master,Space Marines: Primaris Intercessors,118.00,in_stock,https://hobbymaster.co.nz/products/product/28412,
2026-04-12 22:06:00,Hobby Master,Space Marines Primaris Librarian,75.00,in_stock,https://hobbymaster.co.nz/products/product/28221,
2026-04-12 22:06:04,Hobby Master,Space Marines Primaris Reivers,118.00,in_stock,https://hobbymaster.co.nz/products/product/28086,
2026-04-12 22:06:07,Hobby Master,Sylvaneth: Tree-Revenants,92.00,in_stock,https://hobbymaster.co.nz/products/product/39777,
2026-04-12 22:06:10,Hobby Master,Warhammer 40000: Introductory Set,93.00,out_of_stock,https://hobbymaster.co.nz/products/product/41316,
2026-04-12 22:06:13,Iron Knight,Age Of Sigmar: Introductory Set,63.43,in_stock,https://ironknightgaming.co.nz/products/warhammer-age-of-sigmar-introductory-set,
2026-04-12 22:06:16,Iron Knight,Death Guard: Plague Marine Champion,,not_carried,,
2026-04-12 22:06:16,Iron Knight,Genestealer Cults: Biophagus,,not_carried,,
2026-04-12 22:06:16,Iron Knight,Orruk Warclans: Ardboy Big Boss,,not_carried,,
2026-04-12 22:06:16,Iron Knight,Orruk Warclans: Orruk Brutes,71.72,in_stock,https://ironknightgaming.co.nz/products/orruk-warclans-orruk-brutes,
2026-04-12 22:06:18,Iron Knight,Space Marines Primaris Librarian,,not_carried,,
2026-04-12 22:06:18,Iron Knight,Space Marines Primaris Reivers,,not_carried,,
2026-04-12 22:06:18,Iron Knight,Space Marines: Gladiator,109.46,in_stock,https://ironknightgaming.co.nz/products/space-marines-gladiator,
2026-04-12 22:06:21,Iron Knight,Space Marines: Primaris Intercessors,77.06,in_stock,https://ironknightgaming.co.nz/products/space-marines-primaris-intercessors,
2026-04-12 22:06:23,Iron Knight,Sylvaneth: Tree-Revenants,,not_carried,,
2026-04-12 22:06:23,Iron Knight,Warhammer 40000: Introductory Set,60.35,in_stock,https://ironknightgaming.co.nz/products/warhammer-40000-introductory-set,
2026-04-12 22:06:25,Mighty Ape,Age Of Sigmar: Introductory Set,,manual,https://www.mightyape.co.nz/mn/buy/mighty-ape-warhammer-age-of-sigmar-introductory-set-39006494/,Cloudflare protected — update manually
2026-04-12 22:06:28,Mighty Ape,Death Guard: Plague Marine Champion,,not_carried,,
2026-04-12 22:06:28,Mighty Ape,Genestealer Cults: Biophagus,,manual,https://www.mightyape.co.nz/mn/buy/mighty-ape-warhammer-40000-genestealer-cults-biophagus-29189815/,Cloudflare protected — update manually
2026-04-12 22:06:30,Mighty Ape,Orruk Warclans: Ardboy Big Boss,,not_carried,,
2026-04-12 22:06:30,Mighty Ape,Orruk Warclans: Orruk Brutes,,manual,https://www.mightyape.co.nz/mn/buy/mighty-ape-ironjawz-orruk-brutes-25217197/,Cloudflare protected — update manually
2026-04-12 22:06:33,Mighty Ape,Space Marines: Gladiator,,manual,https://www.mightyape.co.nz/product/warhammer-40000-space-marine-gladiator/34016507,Cloudflare protected — update manually
2026-04-12 22:06:35,Mighty Ape,Space Marines: Primaris Intercessors,,manual,https://www.mightyape.co.nz/mn/buy/mighty-ape-warhammer-40000-space-marine-primaris-intercessors-26859092/,Cloudflare protected — update manually
2026-04-12 22:06:38,Mighty Ape,Space Marines Primaris Librarian,,manual,https://www.mightyape.co.nz/product/warhammer-40000-space-marine-primaris-librarian/26853441,Cloudflare protected — update manually
2026-04-12 22:06:40,Mighty Ape,Space Marines Primaris Reivers,,manual,https://www.mightyape.co.nz/product/warhammer-40000-space-marine-primaris-reivers/26856277,Cloudflare protected — update manually
2026-04-12 22:06:43,Mighty Ape,Sylvaneth: Tree-Revenants,,manual,https://www.mightyape.co.nz/product/sylvaneth-tree-revenants/25522630,Cloudflare protected — update manually
2026-04-12 22:06:46,Mighty Ape,Warhammer 40000: Introductory Set,,manual,https://www.mightyape.co.nz/mn/buy/mighty-ape-warhammer-40000-introductory-set-37875024/,Cloudflare protected — update manually
2026-04-12 22:06:49,Nova Games,Age Of Sigmar: Introductory Set,96.50,in_stock,https://novagames.co.nz/products/age-of-sigmar-introductory-set,
2026-04-12 22:06:51,Nova Games,Death Guard: Plague Marine Champion,,not_carried,,
2026-04-12 22:06:51,Nova Games,Orruk Warclans: Ardboy Big Boss,71.00,in_stock,https://novagames.co.nz/products/ardboy-big-boss,
2026-04-12 22:06:54,Nova Games,Orruk Warclans: Orruk Brutes,109.00,in_stock,https://novagames.co.nz/products/orruk-brutes,
2026-04-12 22:06:56,Nova Games,Space Marines Primaris Librarian,,not_carried,,
2026-04-12 22:06:56,Nova Games,Space Marines Primaris Reivers,,not_carried,,
2026-04-12 22:06:56,Nova Games,Space Marines: Gladiator,,not_carried,,
2026-04-12 22:06:56,Nova Games,Space Marines: Primaris Intercessors,117.00,in_stock,https://novagames.co.nz/products/intercessors,
2026-04-12 22:06:58,Nova Games,Sylvaneth: Tree-Revenants,,not_carried,,
2026-04-12 22:06:58,Nova Games,Warhammer 40000: Introductory Set,98.50,in_stock,https://novagames.co.nz/products/warhammer-40-000-introductory-set,
2026-04-12 22:07:02,Nova Games,Genestealer Cults: Biophagus,,not_carried,,
2026-04-12 22:07:02,Vagabond,Age Of Sigmar: Introductory Set,96.00,out_of_stock,https://vagabond.co.nz/warhammer-age-of-sigmar-introductory-set-2024/,
2026-04-12 22:07:04,Vagabond,Death Guard: Plague Marine Champion,51.00,in_stock,https://vagabond.co.nz/death-guard-plague-marine-champion/,
2026-04-12 22:07:08,Vagabond,Genestealer Cults: Biophagus,,not_carried,,
2026-04-12 22:07:08,Vagabond,Orruk Warclans: Ardboy Big Boss,66.50,in_stock,https://vagabond.co.nz/orruk-warclans-ardboy-big-boss,
2026-04-12 22:07:11,Vagabond,Orruk Warclans: Orruk Brutes,94.50,in_stock,https://vagabond.co.nz/ironjawz-orruk-brutes/,
2026-04-12 22:07:14,Vagabond,Space Marines: Gladiator,166.50,out_of_stock,https://vagabond.co.nz/space-marines-gladiator/,
2026-04-12 22:07:18,Vagabond,Space Marines: Primaris Intercessors,117.00,out_of_stock,https://vagabond.co.nz/space-marines-primaris-intercessors/,
2026-04-12 22:07:22,Vagabond,Space Marines Primaris Librarian,,not_carried,,
2026-04-12 22:07:22,Vagabond,Space Marines Primaris Reivers,117.00,in_stock,https://vagabond.co.nz/space-marines-primaris-reivers/,
2026-04-12 22:07:26,Vagabond,Sylvaneth: Tree-Revenants,,not_carried,,
2026-04-12 22:07:26,Vagabond,Warhammer 40000: Introductory Set,98.00,in_stock,https://vagabond.co.nz/warhammer-40-000-introductory-set/,
2026-04-19 22:05:10,Bea DnD,Age Of Sigmar: Introductory Set,90.00,in_stock,https://www.beadndgames.co.nz/products/warhammer-age-of-sigmar-introductory-set,
2026-04-19 22:05:14,Bea DnD,Death Guard: Plague Marine Champion,53.00,in_stock,https://www.beadndgames.co.nz/products/death-guard-plague-marine-champion-warhammer-40-000,
2026-04-19 22:05:17,Bea DnD,Genestealer Cults: Biophagus,,not_carried,,
2026-04-19 22:05:17,Bea DnD,Orruk Warclans: Ardboy Big Boss,,not_carried,,
2026-04-19 22:05:17,Bea DnD,Orruk Warclans: Orruk Brutes,,not_carried,,
2026-04-19 22:05:17,Bea DnD,Space Marines: Gladiator,,not_carried,,
2026-04-19 22:05:17,Bea DnD,Space Marines: Primaris Intercessors,120.00,in_stock,https://www.beadndgames.co.nz/products/space-marines-primaris-intercessors-warhammer-40-000,
2026-04-19 22:05:20,Bea DnD,Space Marines Primaris Librarian,78.00,in_stock,https://www.beadndgames.co.nz/products/space-marines-primaris-librarian-warhammer-40-000,
2026-04-19 22:05:23,Bea DnD,Space Marines Primaris Reivers,,not_carried,,
2026-04-19 22:05:23,Bea DnD,Sylvaneth: Tree-Revenants,82.00,in_stock,https://www.beadndgames.co.nz/products/sylvaneth-tree-revenants-warhammer-age-of-sigmar,
2026-04-19 22:05:26,Bea DnD,Warhammer 40000: Introductory Set,95.00,in_stock,https://www.beadndgames.co.nz/products/warhammer-40-000-introductory-set-start-your-warhammer-journey,
2026-04-19 22:05:29,Games Lab,Age Of Sigmar: Introductory Set,90.00,in_stock,https://www.gameslab.co.nz/products/Age-Of-Sigmar-Introductory-Set-p686464525,
2026-04-19 22:05:32,Games Lab,Death Guard: Plague Marine Champion,,not_carried,,
2026-04-19 22:05:32,Games Lab,Genestealer Cults: Biophagus,,not_carried,,
2026-04-19 22:05:32,Games Lab,Orruk Warclans: Ardboy Big Boss,,not_carried,,
2026-04-19 22:05:32,Games Lab,Orruk Warclans: Orruk Brutes,,not_carried,,
2026-04-19 22:05:32,Games Lab,Space Marines: Gladiator,158.00,out_of_stock,https://www.gameslab.co.nz/products/Space-Marine-Gladiator-p689900566,
2026-04-19 22:05:35,Games Lab,Space Marines: Primaris Intercessors,117.00,in_stock,https://www.gameslab.co.nz/products/Space-Marines-Primaris-Intercessors-p605967672,
2026-04-19 22:05:38,Games Lab,Space Marines Primaris Librarian,,error,https://www.gameslab.co.nz/products/Space-Marines-Primaris-Librarian-p651995264,"HTTPSConnectionPool(host='www.gameslab.co.nz', port=443): Read timed out. (read timeout=15)"
2026-04-19 22:05:55,Games Lab,Space Marines Primaris Reivers,109.00,out_of_stock,https://www.gameslab.co.nz/products/Space-Marines-Primaris-Reivers-p696127817,
2026-04-19 22:05:58,Games Lab,Sylvaneth: Tree-Revenants,81.00,in_stock,https://www.gameslab.co.nz/products/Sylvaneth-Tree-Revenants-p695852248,
2026-04-19 22:06:00,Games Lab,Warhammer 40000: Introductory Set,98.00,in_stock,https://www.gameslab.co.nz/products/Warhammer-40-000-Introductory-Set-p604427018,
2026-04-19 22:06:03,Goblin Games,Age Of Sigmar: Introductory Set,100.00,in_stock,https://goblingames.nz/products/warhammer-age-of-sigmar-introductory-set,
2026-04-19 22:06:06,Goblin Games,Death Guard: Plague Marine Champion,,not_carried,,
2026-04-19 22:06:06,Goblin Games,Genestealer Cults: Biophagus,,not_carried,,
2026-04-19 22:06:06,Goblin Games,Orruk Warclans: Ardboy Big Boss,,not_carried,,
2026-04-19 22:06:06,Goblin Games,Orruk Warclans: Orruk Brutes,113.00,in_stock,https://goblingames.nz/products/orruk-warclans-orruk-brutes,
2026-04-19 22:06:10,Goblin Games,Space Marines Primaris Librarian,,not_carried,,
2026-04-19 22:06:10,Goblin Games,Space Marines Primaris Reivers,124.50,in_stock,https://goblingames.nz/products/space-marines-primaris-reivers-1,
2026-04-19 22:06:13,Goblin Games,Space Marines: Gladiator,191.00,in_stock,https://goblingames.nz/products/space-marines-gladiator,
2026-04-19 22:06:15,Goblin Games,Space Marines: Primaris Intercessors,130.00,in_stock,https://goblingames.nz/products/space-marines-intercessors,
2026-04-19 22:06:18,Goblin Games,Sylvaneth: Tree-Revenants,95.00,in_stock,https://goblingames.nz/products/sylvaneth-tree-revenants,
2026-04-19 22:06:22,Goblin Games,Warhammer 40000: Introductory Set,,not_carried,,
2026-04-19 22:06:22,Hobby Collective,Age Of Sigmar: Introductory Set,85.60,out_of_stock,https://thehobbycollective.co.nz/warhammer-age-of-sigmar-introductory-set,
2026-04-19 22:06:25,Hobby Collective,Death Guard: Plague Marine Champion,,not_carried,,
2026-04-19 22:06:25,Hobby Collective,Genestealer Cults: Biophagus,,not_carried,,
2026-04-19 22:06:25,Hobby Collective,Orruk Warclans: Ardboy Big Boss,,not_carried,,
2026-04-19 22:06:25,Hobby Collective,Orruk Warclans: Orruk Brutes,,not_carried,,
2026-04-19 22:06:25,Hobby Collective,Space Marines Primaris Librarian,,not_carried,,
2026-04-19 22:06:25,Hobby Collective,Space Marines Primaris Reivers,,not_carried,,
2026-04-19 22:06:25,Hobby Collective,Space Marines: Gladiator,152.80,in_stock,https://thehobbycollective.co.nz/space-marines-gladiator-impulsor-lancer-valiant-reaper/,
2026-04-19 22:06:29,Hobby Collective,Space Marines: Primaris Intercessors,104.00,in_stock,https://thehobbycollective.co.nz/space-marines-primaris-intercessors/,
2026-04-19 22:06:31,Hobby Collective,Sylvaneth: Tree-Revenants,,not_carried,,
2026-04-19 22:06:31,Hobby Collective,Warhammer 40000: Introductory Set,87.20,in_stock,https://thehobbycollective.co.nz/warhammer-40-000-introductory-set/,
2026-04-19 22:06:34,Hobby Lords,Age Of Sigmar: Introductory Set,98.00,in_stock,https://www.hobbylords.co.nz/products/single/age-of-sigmar:-introductory-set,
2026-04-19 22:06:44,Hobby Lords,Death Guard: Plague Marine Champion,55.00,in_stock,https://www.hobbylords.co.nz/products/single/death-guard-plague-marine-champion,
2026-04-19 22:06:55,Hobby Lords,Genestealer Cults: Biophagus,,not_carried,,
2026-04-19 22:06:55,Hobby Lords,Orruk Warclans: Ardboy Big Boss,,not_carried,,
2026-04-19 22:06:55,Hobby Lords,Orruk Warclans: Orruk Brutes,110.35,in_stock,https://www.hobbylords.co.nz/products/single/orruk-warclans-orruk-brutes,
2026-04-19 22:07:06,Hobby Lords,Space Marines: Gladiator,,not_carried,,
2026-04-19 22:07:06,Hobby Lords,Space Marines: Primaris Intercessors,120.00,in_stock,https://www.hobbylords.co.nz/products/single/space-marines-intercessors,
2026-04-19 22:07:15,Hobby Lords,Space Marines Primaris Librarian,,not_carried,,
2026-04-19 22:07:15,Hobby Lords,Space Marines Primaris Reivers,120.00,in_stock,https://www.hobbylords.co.nz/products/single/space-marines-primaris-reivers,
2026-04-19 22:07:23,Hobby Lords,Sylvaneth: Tree-Revenants,93.00,in_stock,https://www.hobbylords.co.nz/products/single/sylvaneth-tree-revenants,
2026-04-19 22:07:31,Hobby Lords,Warhammer 40000: Introductory Set,100.00,in_stock,https://www.hobbylords.co.nz/products/single/warhammer-40000-introductory-set,
2026-04-19 22:07:39,Hobby Master,Age Of Sigmar: Introductory Set,97.00,in_stock,https://hobbymaster.co.nz/products/product/43416,
2026-04-19 22:07:42,Hobby Master,Death Guard: Plague Marine Champion,54.00,in_stock,https://hobbymaster.co.nz/products/product/40411,
2026-04-19 22:07:46,Hobby Master,Genestealer Cults: Biophagus,54.00,in_stock,https://hobbymaster.co.nz/products/product/31527,
2026-04-19 22:07:49,Hobby Master,Orruk Warclans: Ardboy Big Boss,75.00,in_stock,https://hobbymaster.co.nz/products/product/41743,
2026-04-19 22:07:53,Hobby Master,Orruk Warclans: Orruk Brutes,110.00,in_stock,https://hobbymaster.co.nz/products/product/37181,
2026-04-19 22:07:57,Hobby Master,Space Marines: Gladiator,174.00,out_of_stock,https://hobbymaster.co.nz/products/product/36228,
2026-04-19 22:07:59,Hobby Master,Space Marines: Primaris Intercessors,118.00,in_stock,https://hobbymaster.co.nz/products/product/28412,
2026-04-19 22:08:03,Hobby Master,Space Marines Primaris Librarian,75.00,in_stock,https://hobbymaster.co.nz/products/product/28221,
2026-04-19 22:08:08,Hobby Master,Space Marines Primaris Reivers,118.00,in_stock,https://hobbymaster.co.nz/products/product/28086,
2026-04-19 22:08:10,Hobby Master,Sylvaneth: Tree-Revenants,92.00,in_stock,https://hobbymaster.co.nz/products/product/39777,
2026-04-19 22:08:13,Hobby Master,Warhammer 40000: Introductory Set,99.00,in_stock,https://hobbymaster.co.nz/products/product/41316,
2026-04-19 22:08:17,Iron Knight,Age Of Sigmar: Introductory Set,63.89,in_stock,https://ironknightgaming.co.nz/products/warhammer-age-of-sigmar-introductory-set,
2026-04-19 22:08:20,Iron Knight,Death Guard: Plague Marine Champion,,not_carried,,
2026-04-19 22:08:20,Iron Knight,Genestealer Cults: Biophagus,,not_carried,,
2026-04-19 22:08:20,Iron Knight,Orruk Warclans: Ardboy Big Boss,,not_carried,,
2026-04-19 22:08:20,Iron Knight,Orruk Warclans: Orruk Brutes,72.24,in_stock,https://ironknightgaming.co.nz/products/orruk-warclans-orruk-brutes,
2026-04-19 22:08:22,Iron Knight,Space Marines Primaris Librarian,,not_carried,,
2026-04-19 22:08:22,Iron Knight,Space Marines Primaris Reivers,,not_carried,,
2026-04-19 22:08:22,Iron Knight,Space Marines: Gladiator,110.46,in_stock,https://ironknightgaming.co.nz/products/space-marines-gladiator,
2026-04-19 22:08:25,Iron Knight,Space Marines: Primaris Intercessors,77.62,in_stock,https://ironknightgaming.co.nz/products/space-marines-primaris-intercessors,
2026-04-19 22:08:27,Iron Knight,Sylvaneth: Tree-Revenants,,not_carried,,
2026-04-19 22:08:27,Iron Knight,Warhammer 40000: Introductory Set,60.90,in_stock,https://ironknightgaming.co.nz/products/warhammer-40000-introductory-set,
2026-04-19 22:08:30,Mighty Ape,Age Of Sigmar: Introductory Set,,manual,https://www.mightyape.co.nz/mn/buy/mighty-ape-warhammer-age-of-sigmar-introductory-set-39006494/,Cloudflare protected — update manually
2026-04-19 22:08:32,Mighty Ape,Death Guard: Plague Marine Champion,,not_carried,,
2026-04-19 22:08:32,Mighty Ape,Genestealer Cults: Biophagus,,manual,https://www.mightyape.co.nz/mn/buy/mighty-ape-warhammer-40000-genestealer-cults-biophagus-29189815/,Cloudflare protected — update manually
2026-04-19 22:08:35,Mighty Ape,Orruk Warclans: Ardboy Big Boss,,not_carried,,
2026-04-19 22:08:35,Mighty Ape,Orruk Warclans: Orruk Brutes,,manual,https://www.mightyape.co.nz/mn/buy/mighty-ape-ironjawz-orruk-brutes-25217197/,Cloudflare protected — update manually
2026-04-19 22:08:38,Mighty Ape,Space Marines: Gladiator,,manual,https://www.mightyape.co.nz/product/warhammer-40000-space-marine-gladiator/34016507,Cloudflare protected — update manually
2026-04-19 22:08:40,Mighty Ape,Space Marines: Primaris Intercessors,,manual,https://www.mightyape.co.nz/mn/buy/mighty-ape-warhammer-40000-space-marine-primaris-intercessors-26859092/,Cloudflare protected — update manually
2026-04-19 22:08:42,Mighty Ape,Space Marines Primaris Librarian,,manual,https://www.mightyape.co.nz/product/warhammer-40000-space-marine-primaris-librarian/26853441,Cloudflare protected — update manually
2026-04-19 22:08:45,Mighty Ape,Space Marines Primaris Reivers,,manual,https://www.mightyape.co.nz/product/warhammer-40000-space-marine-primaris-reivers/26856277,Cloudflare protected — update manually
2026-04-19 22:08:48,Mighty Ape,Sylvaneth: Tree-Revenants,,manual,https://www.mightyape.co.nz/product/sylvaneth-tree-revenants/25522630,Cloudflare protected — update manually
2026-04-19 22:08:51,Mighty Ape,Warhammer 40000: Introductory Set,,manual,https://www.mightyape.co.nz/mn/buy/mighty-ape-warhammer-40000-introductory-set-37875024/,Cloudflare protected — update manually
2026-04-19 22:08:53,Nova Games,Age Of Sigmar: Introductory Set,96.50,in_stock,https://novagames.co.nz/products/age-of-sigmar-introductory-set,
2026-04-19 22:08:55,Nova Games,Death Guard: Plague Marine Champion,,not_carried,,
2026-04-19 22:08:55,Nova Games,Orruk Warclans: Ardboy Big Boss,71.00,in_stock,https://novagames.co.nz/products/ardboy-big-boss,
2026-04-19 22:08:59,Nova Games,Orruk Warclans: Orruk Brutes,109.00,in_stock,https://novagames.co.nz/products/orruk-brutes,
2026-04-19 22:09:01,Nova Games,Space Marines Primaris Librarian,,not_carried,,
2026-04-19 22:09:01,Nova Games,Space Marines Primaris Reivers,,not_carried,,
2026-04-19 22:09:01,Nova Games,Space Marines: Gladiator,,not_carried,,
2026-04-19 22:09:01,Nova Games,Space Marines: Primaris Intercessors,117.00,in_stock,https://novagames.co.nz/products/intercessors,
2026-04-19 22:09:04,Nova Games,Sylvaneth: Tree-Revenants,,not_carried,,
2026-04-19 22:09:04,Nova Games,Warhammer 40000: Introductory Set,98.50,in_stock,https://novagames.co.nz/products/warhammer-40-000-introductory-set,
2026-04-19 22:09:07,Nova Games,Genestealer Cults: Biophagus,,not_carried,,
2026-04-19 22:09:07,Vagabond,Age Of Sigmar: Introductory Set,96.00,out_of_stock,https://vagabond.co.nz/warhammer-age-of-sigmar-introductory-set-2024/,
2026-04-19 22:09:11,Vagabond,Death Guard: Plague Marine Champion,51.00,in_stock,https://vagabond.co.nz/death-guard-plague-marine-champion/,
2026-04-19 22:09:14,Vagabond,Genestealer Cults: Biophagus,,not_carried,,
2026-04-19 22:09:14,Vagabond,Orruk Warclans: Ardboy Big Boss,66.50,in_stock,https://vagabond.co.nz/orruk-warclans-ardboy-big-boss,
2026-04-19 22:09:18,Vagabond,Orruk Warclans: Orruk Brutes,94.50,in_stock,https://vagabond.co.nz/ironjawz-orruk-brutes/,
2026-04-19 22:09:21,Vagabond,Space Marines: Gladiator,166.50,out_of_stock,https://vagabond.co.nz/space-marines-gladiator/,
2026-04-19 22:09:25,Vagabond,Space Marines: Primaris Intercessors,117.00,out_of_stock,https://vagabond.co.nz/space-marines-primaris-intercessors/,
2026-04-19 22:09:29,Vagabond,Space Marines Primaris Librarian,,not_carried,,
2026-04-19 22:09:29,Vagabond,Space Marines Primaris Reivers,117.00,in_stock,https://vagabond.co.nz/space-marines-primaris-reivers/,
2026-04-19 22:09:32,Vagabond,Sylvaneth: Tree-Revenants,,not_carried,,
2026-04-19 22:09:32,Vagabond,Warhammer 40000: Introductory Set,98.00,out_of_stock,https://vagabond.co.nz/warhammer-40-000-introductory-set/,
2026-04-26 23:09:24,Bea DnD,Age Of Sigmar: Introductory Set,90.00,in_stock,https://www.beadndgames.co.nz/products/warhammer-age-of-sigmar-introductory-set,
2026-04-26 23:09:27,Bea DnD,Death Guard: Plague Marine Champion,53.00,in_stock,https://www.beadndgames.co.nz/products/death-guard-plague-marine-champion-warhammer-40-000,
2026-04-26 23:09:30,Bea DnD,Genestealer Cults: Biophagus,,not_carried,,
2026-04-26 23:09:30,Bea DnD,Orruk Warclans: Ardboy Big Boss,,not_carried,,
2026-04-26 23:09:30,Bea DnD,Orruk Warclans: Orruk Brutes,,not_carried,,
2026-04-26 23:09:30,Bea DnD,Space Marines: Gladiator,,not_carried,,
2026-04-26 23:09:30,Bea DnD,Space Marines: Primaris Intercessors,120.00,in_stock,https://www.beadndgames.co.nz/products/space-marines-primaris-intercessors-warhammer-40-000,
2026-04-26 23:09:32,Bea DnD,Space Marines Primaris Librarian,78.00,in_stock,https://www.beadndgames.co.nz/products/space-marines-primaris-librarian-warhammer-40-000,
2026-04-26 23:09:34,Bea DnD,Space Marines Primaris Reivers,,not_carried,,
2026-04-26 23:09:34,Bea DnD,Sylvaneth: Tree-Revenants,82.00,in_stock,https://www.beadndgames.co.nz/products/sylvaneth-tree-revenants-warhammer-age-of-sigmar,
2026-04-26 23:09:37,Bea DnD,Warhammer 40000: Introductory Set,95.00,in_stock,https://www.beadndgames.co.nz/products/warhammer-40-000-introductory-set-start-your-warhammer-journey,
2026-04-26 23:09:39,Games Lab,Age Of Sigmar: Introductory Set,90.00,in_stock,https://www.gameslab.co.nz/products/Age-Of-Sigmar-Introductory-Set-p686464525,
2026-04-26 23:09:42,Games Lab,Death Guard: Plague Marine Champion,,not_carried,,
2026-04-26 23:09:42,Games Lab,Genestealer Cults: Biophagus,,not_carried,,
2026-04-26 23:09:42,Games Lab,Orruk Warclans: Ardboy Big Boss,,not_carried,,
2026-04-26 23:09:42,Games Lab,Orruk Warclans: Orruk Brutes,,not_carried,,
2026-04-26 23:09:42,Games Lab,Space Marines: Gladiator,158.00,out_of_stock,https://www.gameslab.co.nz/products/Space-Marine-Gladiator-p689900566,
2026-04-26 23:09:46,Games Lab,Space Marines: Primaris Intercessors,117.00,in_stock,https://www.gameslab.co.nz/products/Space-Marines-Primaris-Intercessors-p605967672,
2026-04-26 23:09:50,Games Lab,Space Marines Primaris Librarian,69.99,out_of_stock,https://www.gameslab.co.nz/products/Space-Marines-Primaris-Librarian-p651995264,
2026-04-26 23:09:53,Games Lab,Space Marines Primaris Reivers,109.00,out_of_stock,https://www.gameslab.co.nz/products/Space-Marines-Primaris-Reivers-p696127817,
2026-04-26 23:09:56,Games Lab,Sylvaneth: Tree-Revenants,81.00,in_stock,https://www.gameslab.co.nz/products/Sylvaneth-Tree-Revenants-p695852248,
2026-04-26 23:10:00,Games Lab,Warhammer 40000: Introductory Set,98.00,out_of_stock,https://www.gameslab.co.nz/products/Warhammer-40-000-Introductory-Set-p604427018,
2026-04-26 23:10:02,Goblin Games,Age Of Sigmar: Introductory Set,100.00,in_stock,https://goblingames.nz/products/warhammer-age-of-sigmar-introductory-set,
2026-04-26 23:10:05,Goblin Games,Death Guard: Plague Marine Champion,,not_carried,,
2026-04-26 23:10:05,Goblin Games,Genestealer Cults: Biophagus,,not_carried,,
2026-04-26 23:10:05,Goblin Games,Orruk Warclans: Ardboy Big Boss,,not_carried,,
2026-04-26 23:10:05,Goblin Games,Orruk Warclans: Orruk Brutes,113.00,in_stock,https://goblingames.nz/products/orruk-warclans-orruk-brutes,
2026-04-26 23:10:08,Goblin Games,Space Marines Primaris Librarian,,not_carried,,
2026-04-26 23:10:08,Goblin Games,Space Marines Primaris Reivers,124.50,in_stock,https://goblingames.nz/products/space-marines-primaris-reivers-1,
2026-04-26 23:10:10,Goblin Games,Space Marines: Gladiator,191.00,in_stock,https://goblingames.nz/products/space-marines-gladiator,
2026-04-26 23:10:12,Goblin Games,Space Marines: Primaris Intercessors,130.00,in_stock,https://goblingames.nz/products/space-marines-intercessors,
2026-04-26 23:10:14,Goblin Games,Sylvaneth: Tree-Revenants,95.00,in_stock,https://goblingames.nz/products/sylvaneth-tree-revenants,
2026-04-26 23:10:18,Goblin Games,Warhammer 40000: Introductory Set,,not_carried,,
2026-04-26 23:10:18,Hobby Collective,Age Of Sigmar: Introductory Set,85.60,out_of_stock,https://thehobbycollective.co.nz/warhammer-age-of-sigmar-introductory-set,
2026-04-26 23:10:22,Hobby Collective,Death Guard: Plague Marine Champion,,not_carried,,
2026-04-26 23:10:22,Hobby Collective,Genestealer Cults: Biophagus,,not_carried,,
2026-04-26 23:10:22,Hobby Collective,Orruk Warclans: Ardboy Big Boss,,not_carried,,
2026-04-26 23:10:22,Hobby Collective,Orruk Warclans: Orruk Brutes,,not_carried,,
2026-04-26 23:10:22,Hobby Collective,Space Marines Primaris Librarian,,not_carried,,
2026-04-26 23:10:22,Hobby Collective,Space Marines Primaris Reivers,,not_carried,,
2026-04-26 23:10:22,Hobby Collective,Space Marines: Gladiator,152.80,in_stock,https://thehobbycollective.co.nz/space-marines-gladiator-impulsor-lancer-valiant-reaper/,
2026-04-26 23:10:26,Hobby Collective,Space Marines: Primaris Intercessors,104.00,in_stock,https://thehobbycollective.co.nz/space-marines-primaris-intercessors/,
2026-04-26 23:10:29,Hobby Collective,Sylvaneth: Tree-Revenants,,not_carried,,
2026-04-26 23:10:29,Hobby Collective,Warhammer 40000: Introductory Set,87.20,in_stock,https://thehobbycollective.co.nz/warhammer-40-000-introductory-set/,
2026-04-26 23:10:32,Hobby Lords,Age Of Sigmar: Introductory Set,98.00,in_stock,https://www.hobbylords.co.nz/products/single/age-of-sigmar:-introductory-set,
2026-04-26 23:10:43,Hobby Lords,Death Guard: Plague Marine Champion,55.00,in_stock,https://www.hobbylords.co.nz/products/single/death-guard-plague-marine-champion,
2026-04-26 23:10:50,Hobby Lords,Genestealer Cults: Biophagus,,not_carried,,
2026-04-26 23:10:50,Hobby Lords,Orruk Warclans: Ardboy Big Boss,,not_carried,,
2026-04-26 23:10:50,Hobby Lords,Orruk Warclans: Orruk Brutes,110.35,in_stock,https://www.hobbylords.co.nz/products/single/orruk-warclans-orruk-brutes,
2026-04-26 23:10:59,Hobby Lords,Space Marines: Gladiator,,not_carried,,
2026-04-26 23:10:59,Hobby Lords,Space Marines: Primaris Intercessors,120.00,in_stock,https://www.hobbylords.co.nz/products/single/space-marines-intercessors,
2026-04-26 23:11:09,Hobby Lords,Space Marines Primaris Librarian,,not_carried,,
2026-04-26 23:11:09,Hobby Lords,Space Marines Primaris Reivers,120.00,in_stock,https://www.hobbylords.co.nz/products/single/space-marines-primaris-reivers,
2026-04-26 23:11:18,Hobby Lords,Sylvaneth: Tree-Revenants,93.00,in_stock,https://www.hobbylords.co.nz/products/single/sylvaneth-tree-revenants,
2026-04-26 23:11:27,Hobby Lords,Warhammer 40000: Introductory Set,100.00,in_stock,https://www.hobbylords.co.nz/products/single/warhammer-40000-introductory-set,
2026-04-26 23:11:35,Hobby Master,Age Of Sigmar: Introductory Set,97.00,in_stock,https://hobbymaster.co.nz/products/product/43416,
2026-04-26 23:11:38,Hobby Master,Death Guard: Plague Marine Champion,54.00,out_of_stock,https://hobbymaster.co.nz/products/product/40411,
2026-04-26 23:11:40,Hobby Master,Genestealer Cults: Biophagus,54.00,in_stock,https://hobbymaster.co.nz/products/product/31527,
2026-04-26 23:11:43,Hobby Master,Orruk Warclans: Ardboy Big Boss,75.00,in_stock,https://hobbymaster.co.nz/products/product/41743,
2026-04-26 23:11:47,Hobby Master,Orruk Warclans: Orruk Brutes,110.00,in_stock,https://hobbymaster.co.nz/products/product/37181,
2026-04-26 23:11:50,Hobby Master,Space Marines: Gladiator,174.00,out_of_stock,https://hobbymaster.co.nz/products/product/36228,
2026-04-26 23:11:53,Hobby Master,Space Marines: Primaris Intercessors,118.00,in_stock,https://hobbymaster.co.nz/products/product/28412,
2026-04-26 23:11:56,Hobby Master,Space Marines Primaris Librarian,75.00,in_stock,https://hobbymaster.co.nz/products/product/28221,
2026-04-26 23:12:00,Hobby Master,Space Marines Primaris Reivers,118.00,in_stock,https://hobbymaster.co.nz/products/product/28086,
2026-04-26 23:12:03,Hobby Master,Sylvaneth: Tree-Revenants,92.00,in_stock,https://hobbymaster.co.nz/products/product/39777,
2026-04-26 23:12:07,Hobby Master,Warhammer 40000: Introductory Set,99.00,in_stock,https://hobbymaster.co.nz/products/product/41316,
2026-04-26 23:12:09,Iron Knight,Age Of Sigmar: Introductory Set,64.09,in_stock,https://ironknightgaming.co.nz/products/warhammer-age-of-sigmar-introductory-set,
2026-04-26 23:12:12,Iron Knight,Death Guard: Plague Marine Champion,,not_carried,,
2026-04-26 23:12:12,Iron Knight,Genestealer Cults: Biophagus,,not_carried,,
2026-04-26 23:12:12,Iron Knight,Orruk Warclans: Ardboy Big Boss,,not_carried,,
2026-04-26 23:12:12,Iron Knight,Orruk Warclans: Orruk Brutes,72.47,in_stock,https://ironknightgaming.co.nz/products/orruk-warclans-orruk-brutes,
2026-04-26 23:12:14,Iron Knight,Space Marines Primaris Librarian,,not_carried,,
2026-04-26 23:12:14,Iron Knight,Space Marines Primaris Reivers,,not_carried,,
2026-04-26 23:12:14,Iron Knight,Space Marines: Gladiator,110.80,in_stock,https://ironknightgaming.co.nz/products/space-marines-gladiator,
2026-04-26 23:12:16,Iron Knight,Space Marines: Primaris Intercessors,77.86,in_stock,https://ironknightgaming.co.nz/products/space-marines-primaris-intercessors,
2026-04-26 23:12:18,Iron Knight,Sylvaneth: Tree-Revenants,,not_carried,,
2026-04-26 23:12:18,Iron Knight,Warhammer 40000: Introductory Set,61.09,in_stock,https://ironknightgaming.co.nz/products/warhammer-40000-introductory-set,
2026-04-26 23:12:21,Mighty Ape,Age Of Sigmar: Introductory Set,,manual,https://www.mightyape.co.nz/mn/buy/mighty-ape-warhammer-age-of-sigmar-introductory-set-39006494/,Cloudflare protected — update manually
2026-04-26 23:12:23,Mighty Ape,Death Guard: Plague Marine Champion,,not_carried,,
2026-04-26 23:12:23,Mighty Ape,Genestealer Cults: Biophagus,,manual,https://www.mightyape.co.nz/mn/buy/mighty-ape-warhammer-40000-genestealer-cults-biophagus-29189815/,Cloudflare protected — update manually
2026-04-26 23:12:24,Mighty Ape,Orruk Warclans: Ardboy Big Boss,,not_carried,,
2026-04-26 23:12:24,Mighty Ape,Orruk Warclans: Orruk Brutes,,manual,https://www.mightyape.co.nz/mn/buy/mighty-ape-ironjawz-orruk-brutes-25217197/,Cloudflare protected — update manually
2026-04-26 23:12:27,Mighty Ape,Space Marines: Gladiator,,manual,https://www.mightyape.co.nz/product/warhammer-40000-space-marine-gladiator/34016507,Cloudflare protected — update manually
2026-04-26 23:12:29,Mighty Ape,Space Marines: Primaris Intercessors,,manual,https://www.mightyape.co.nz/mn/buy/mighty-ape-warhammer-40000-space-marine-primaris-intercessors-26859092/,Cloudflare protected — update manually
2026-04-26 23:12:31,Mighty Ape,Space Marines Primaris Librarian,,manual,https://www.mightyape.co.nz/product/warhammer-40000-space-marine-primaris-librarian/26853441,Cloudflare protected — update manually
2026-04-26 23:12:33,Mighty Ape,Space Marines Primaris Reivers,,manual,https://www.mightyape.co.nz/product/warhammer-40000-space-marine-primaris-reivers/26856277,Cloudflare protected — update manually
2026-04-26 23:12:37,Mighty Ape,Sylvaneth: Tree-Revenants,,manual,https://www.mightyape.co.nz/product/sylvaneth-tree-revenants/25522630,Cloudflare protected — update manually
2026-04-26 23:12:40,Mighty Ape,Warhammer 40000: Introductory Set,,manual,https://www.mightyape.co.nz/mn/buy/mighty-ape-warhammer-40000-introductory-set-37875024/,Cloudflare protected — update manually
2026-04-26 23:12:43,Nova Games,Age Of Sigmar: Introductory Set,96.50,in_stock,https://novagames.co.nz/products/age-of-sigmar-introductory-set,
2026-04-26 23:12:46,Nova Games,Death Guard: Plague Marine Champion,,not_carried,,
2026-04-26 23:12:46,Nova Games,Orruk Warclans: Ardboy Big Boss,71.00,in_stock,https://novagames.co.nz/products/ardboy-big-boss,
2026-04-26 23:12:49,Nova Games,Orruk Warclans: Orruk Brutes,109.00,in_stock,https://novagames.co.nz/products/orruk-brutes,
2026-04-26 23:12:51,Nova Games,Space Marines Primaris Librarian,,not_carried,,
2026-04-26 23:12:51,Nova Games,Space Marines Primaris Reivers,,not_carried,,
2026-04-26 23:12:51,Nova Games,Space Marines: Gladiator,,not_carried,,
2026-04-26 23:12:51,Nova Games,Space Marines: Primaris Intercessors,117.00,in_stock,https://novagames.co.nz/products/intercessors,
2026-04-26 23:12:54,Nova Games,Sylvaneth: Tree-Revenants,,not_carried,,
2026-04-26 23:12:54,Nova Games,Warhammer 40000: Introductory Set,98.50,in_stock,https://novagames.co.nz/products/warhammer-40-000-introductory-set,
2026-04-26 23:12:57,Nova Games,Genestealer Cults: Biophagus,,not_carried,,
2026-04-26 23:12:57,Vagabond,Age Of Sigmar: Introductory Set,96.00,out_of_stock,https://vagabond.co.nz/warhammer-age-of-sigmar-introductory-set-2024/,
2026-04-26 23:13:01,Vagabond,Death Guard: Plague Marine Champion,51.00,in_stock,https://vagabond.co.nz/death-guard-plague-marine-champion/,
2026-04-26 23:13:04,Vagabond,Genestealer Cults: Biophagus,,not_carried,,
2026-04-26 23:13:04,Vagabond,Orruk Warclans: Ardboy Big Boss,66.50,in_stock,https://vagabond.co.nz/orruk-warclans-ardboy-big-boss,
2026-04-26 23:13:08,Vagabond,Orruk Warclans: Orruk Brutes,94.50,in_stock,https://vagabond.co.nz/ironjawz-orruk-brutes/,
2026-04-26 23:13:11,Vagabond,Space Marines: Gladiator,166.50,out_of_stock,https://vagabond.co.nz/space-marines-gladiator/,
2026-04-26 23:13:15,Vagabond,Space Marines: Primaris Intercessors,117.00,out_of_stock,https://vagabond.co.nz/space-marines-primaris-intercessors/,
2026-04-26 23:13:19,Vagabond,Space Marines Primaris Librarian,,not_carried,,
2026-04-26 23:13:19,Vagabond,Space Marines Primaris Reivers,117.00,in_stock,https://vagabond.co.nz/space-marines-primaris-reivers/,
2026-04-26 23:13:22,Vagabond,Sylvaneth: Tree-Revenants,,not_carried,,
2026-04-26 23:13:22,Vagabond,Warhammer 40000: Introductory Set,98.00,out_of_stock,https://vagabond.co.nz/warhammer-40-000-introductory-set/,
2026-05-03 21:45:54,Bea DnD,Age Of Sigmar: Introductory Set,90.00,in_stock,https://www.beadndgames.co.nz/products/warhammer-age-of-sigmar-introductory-set,
2026-05-03 21:45:57,Bea DnD,Death Guard: Plague Marine Champion,53.00,in_stock,https://www.beadndgames.co.nz/products/death-guard-plague-marine-champion-warhammer-40-000,
2026-05-03 21:46:00,Bea DnD,Genestealer Cults: Biophagus,,not_carried,,
2026-05-03 21:46:00,Bea DnD,Orruk Warclans: Ardboy Big Boss,,not_carried,,
2026-05-03 21:46:00,Bea DnD,Orruk Warclans: Orruk Brutes,,not_carried,,
2026-05-03 21:46:00,Bea DnD,Space Marines: Gladiator,,not_carried,,
2026-05-03 21:46:00,Bea DnD,Space Marines: Primaris Intercessors,120.00,in_stock,https://www.beadndgames.co.nz/products/space-marines-primaris-intercessors-warhammer-40-000,
2026-05-03 21:46:03,Bea DnD,Space Marines Primaris Librarian,78.00,in_stock,https://www.beadndgames.co.nz/products/space-marines-primaris-librarian-warhammer-40-000,
2026-05-03 21:46:05,Bea DnD,Space Marines Primaris Reivers,,not_carried,,
2026-05-03 21:46:05,Bea DnD,Sylvaneth: Tree-Revenants,82.00,in_stock,https://www.beadndgames.co.nz/products/sylvaneth-tree-revenants-warhammer-age-of-sigmar,
2026-05-03 21:46:08,Bea DnD,Warhammer 40000: Introductory Set,95.00,in_stock,https://www.beadndgames.co.nz/products/warhammer-40-000-introductory-set-start-your-warhammer-journey,
2026-05-03 21:46:10,Games Lab,Age Of Sigmar: Introductory Set,90.00,in_stock,https://www.gameslab.co.nz/products/Age-Of-Sigmar-Introductory-Set-p686464525,
2026-05-03 21:46:14,Games Lab,Death Guard: Plague Marine Champion,,not_carried,,
2026-05-03 21:46:14,Games Lab,Genestealer Cults: Biophagus,,not_carried,,
2026-05-03 21:46:14,Games Lab,Orruk Warclans: Ardboy Big Boss,,not_carried,,
2026-05-03 21:46:14,Games Lab,Orruk Warclans: Orruk Brutes,,not_carried,,
2026-05-03 21:46:14,Games Lab,Space Marines: Gladiator,158.00,out_of_stock,https://www.gameslab.co.nz/products/Space-Marine-Gladiator-p689900566,
2026-05-03 21:46:16,Games Lab,Space Marines: Primaris Intercessors,117.00,in_stock,https://www.gameslab.co.nz/products/Space-Marines-Primaris-Intercessors-p605967672,
2026-05-03 21:46:20,Games Lab,Space Marines Primaris Librarian,69.99,out_of_stock,https://www.gameslab.co.nz/products/Space-Marines-Primaris-Librarian-p651995264,
2026-05-03 21:46:24,Games Lab,Space Marines Primaris Reivers,109.00,out_of_stock,https://www.gameslab.co.nz/products/Space-Marines-Primaris-Reivers-p696127817,
2026-05-03 21:46:26,Games Lab,Sylvaneth: Tree-Revenants,81.00,in_stock,https://www.gameslab.co.nz/products/Sylvaneth-Tree-Revenants-p695852248,
2026-05-03 21:46:28,Games Lab,Warhammer 40000: Introductory Set,98.00,out_of_stock,https://www.gameslab.co.nz/products/Warhammer-40-000-Introductory-Set-p604427018,
2026-05-03 21:46:31,Goblin Games,Age Of Sigmar: Introductory Set,100.00,in_stock,https://goblingames.nz/products/warhammer-age-of-sigmar-introductory-set,
2026-05-03 21:46:35,Goblin Games,Death Guard: Plague Marine Champion,,not_carried,,
2026-05-03 21:46:35,Goblin Games,Genestealer Cults: Biophagus,,not_carried,,
2026-05-03 21:46:35,Goblin Games,Orruk Warclans: Ardboy Big Boss,,not_carried,,
2026-05-03 21:46:35,Goblin Games,Orruk Warclans: Orruk Brutes,113.00,in_stock,https://goblingames.nz/products/orruk-warclans-orruk-brutes,
2026-05-03 21:46:38,Goblin Games,Space Marines Primaris Librarian,,not_carried,,
2026-05-03 21:46:38,Goblin Games,Space Marines Primaris Reivers,124.50,in_stock,https://goblingames.nz/products/space-marines-primaris-reivers-1,
2026-05-03 21:46:41,Goblin Games,Space Marines: Gladiator,191.00,in_stock,https://goblingames.nz/products/space-marines-gladiator,
2026-05-03 21:46:44,Goblin Games,Space Marines: Primaris Intercessors,130.00,in_stock,https://goblingames.nz/products/space-marines-intercessors,
2026-05-03 21:46:46,Goblin Games,Sylvaneth: Tree-Revenants,95.00,in_stock,https://goblingames.nz/products/sylvaneth-tree-revenants,
2026-05-03 21:46:48,Goblin Games,Warhammer 40000: Introductory Set,,not_carried,,
2026-05-03 21:46:48,Hobby Collective,Age Of Sigmar: Introductory Set,85.60,in_stock,https://thehobbycollective.co.nz/warhammer-age-of-sigmar-introductory-set,
2026-05-03 21:46:52,Hobby Collective,Death Guard: Plague Marine Champion,,not_carried,,
2026-05-03 21:46:52,Hobby Collective,Genestealer Cults: Biophagus,,not_carried,,
2026-05-03 21:46:52,Hobby Collective,Orruk Warclans: Ardboy Big Boss,,not_carried,,
2026-05-03 21:46:52,Hobby Collective,Orruk Warclans: Orruk Brutes,,not_carried,,
2026-05-03 21:46:52,Hobby Collective,Space Marines Primaris Librarian,,not_carried,,
2026-05-03 21:46:52,Hobby Collective,Space Marines Primaris Reivers,,not_carried,,
2026-05-03 21:46:52,Hobby Collective,Space Marines: Gladiator,152.80,in_stock,https://thehobbycollective.co.nz/space-marines-gladiator-impulsor-lancer-valiant-reaper/,
2026-05-03 21:46:55,Hobby Collective,Space Marines: Primaris Intercessors,104.00,in_stock,https://thehobbycollective.co.nz/space-marines-primaris-intercessors/,
2026-05-03 21:46:58,Hobby Collective,Sylvaneth: Tree-Revenants,,not_carried,,
2026-05-03 21:46:58,Hobby Collective,Warhammer 40000: Introductory Set,87.20,in_stock,https://thehobbycollective.co.nz/warhammer-40-000-introductory-set/,
2026-05-03 21:47:01,Hobby Lords,Age Of Sigmar: Introductory Set,98.00,in_stock,https://www.hobbylords.co.nz/products/single/age-of-sigmar:-introductory-set,
2026-05-03 21:47:11,Hobby Lords,Death Guard: Plague Marine Champion,55.00,in_stock,https://www.hobbylords.co.nz/products/single/death-guard-plague-marine-champion,
2026-05-03 21:47:20,Hobby Lords,Genestealer Cults: Biophagus,,not_carried,,
2026-05-03 21:47:20,Hobby Lords,Orruk Warclans: Ardboy Big Boss,,not_carried,,
2026-05-03 21:47:20,Hobby Lords,Orruk Warclans: Orruk Brutes,110.35,in_stock,https://www.hobbylords.co.nz/products/single/orruk-warclans-orruk-brutes,
2026-05-03 21:47:30,Hobby Lords,Space Marines: Gladiator,,not_carried,,
2026-05-03 21:47:30,Hobby Lords,Space Marines: Primaris Intercessors,120.00,in_stock,https://www.hobbylords.co.nz/products/single/space-marines-intercessors,
2026-05-03 21:47:40,Hobby Lords,Space Marines Primaris Librarian,,not_carried,,
2026-05-03 21:47:40,Hobby Lords,Space Marines Primaris Reivers,120.00,in_stock,https://www.hobbylords.co.nz/products/single/space-marines-primaris-reivers,
2026-05-03 21:47:49,Hobby Lords,Sylvaneth: Tree-Revenants,93.00,in_stock,https://www.hobbylords.co.nz/products/single/sylvaneth-tree-revenants,
2026-05-03 21:47:56,Hobby Lords,Warhammer 40000: Introductory Set,100.00,in_stock,https://www.hobbylords.co.nz/products/single/warhammer-40000-introductory-set,
2026-05-03 21:48:05,Hobby Master,Age Of Sigmar: Introductory Set,97.00,in_stock,https://hobbymaster.co.nz/products/product/43416,
2026-05-03 21:48:09,Hobby Master,Death Guard: Plague Marine Champion,54.00,out_of_stock,https://hobbymaster.co.nz/products/product/40411,
2026-05-03 21:48:11,Hobby Master,Genestealer Cults: Biophagus,54.00,in_stock,https://hobbymaster.co.nz/products/product/31527,
2026-05-03 21:48:14,Hobby Master,Orruk Warclans: Ardboy Big Boss,75.00,in_stock,https://hobbymaster.co.nz/products/product/41743,
2026-05-03 21:48:18,Hobby Master,Orruk Warclans: Orruk Brutes,110.00,in_stock,https://hobbymaster.co.nz/products/product/37181,
2026-05-03 21:48:21,Hobby Master,Space Marines: Gladiator,174.00,in_stock,https://hobbymaster.co.nz/products/product/36228,
2026-05-03 21:48:25,Hobby Master,Space Marines: Primaris Intercessors,118.00,in_stock,https://hobbymaster.co.nz/products/product/28412,
2026-05-03 21:48:28,Hobby Master,Space Marines Primaris Librarian,75.00,in_stock,https://hobbymaster.co.nz/products/product/28221,
2026-05-03 21:48:31,Hobby Master,Space Marines Primaris Reivers,118.00,in_stock,https://hobbymaster.co.nz/products/product/28086,
2026-05-03 21:48:35,Hobby Master,Sylvaneth: Tree-Revenants,92.00,in_stock,https://hobbymaster.co.nz/products/product/39777,
2026-05-03 21:48:39,Hobby Master,Warhammer 40000: Introductory Set,99.00,in_stock,https://hobbymaster.co.nz/products/product/41316,
2026-05-03 21:48:42,Iron Knight,Age Of Sigmar: Introductory Set,64.41,in_stock,https://ironknightgaming.co.nz/products/warhammer-age-of-sigmar-introductory-set,
2026-05-03 21:48:45,Iron Knight,Death Guard: Plague Marine Champion,,not_carried,,
2026-05-03 21:48:45,Iron Knight,Genestealer Cults: Biophagus,,not_carried,,
2026-05-03 21:48:45,Iron Knight,Orruk Warclans: Ardboy Big Boss,,not_carried,,
2026-05-03 21:48:45,Iron Knight,Orruk Warclans: Orruk Brutes,72.84,in_stock,https://ironknightgaming.co.nz/products/orruk-warclans-orruk-brutes,
2026-05-03 21:48:49,Iron Knight,Space Marines Primaris Librarian,,not_carried,,
2026-05-03 21:48:49,Iron Knight,Space Marines Primaris Reivers,,not_carried,,
2026-05-03 21:48:49,Iron Knight,Space Marines: Gladiator,111.37,in_stock,https://ironknightgaming.co.nz/products/space-marines-gladiator,
2026-05-03 21:48:51,Iron Knight,Space Marines: Primaris Intercessors,78.26,in_stock,https://ironknightgaming.co.nz/products/space-marines-primaris-intercessors,
2026-05-03 21:48:54,Iron Knight,Sylvaneth: Tree-Revenants,,not_carried,,
2026-05-03 21:48:54,Iron Knight,Warhammer 40000: Introductory Set,61.40,in_stock,https://ironknightgaming.co.nz/products/warhammer-40000-introductory-set,
2026-05-03 21:48:56,Mighty Ape,Age Of Sigmar: Introductory Set,,manual,https://www.mightyape.co.nz/mn/buy/mighty-ape-warhammer-age-of-sigmar-introductory-set-39006494/,Cloudflare protected — update manually
2026-05-03 21:48:59,Mighty Ape,Death Guard: Plague Marine Champion,,not_carried,,
2026-05-03 21:48:59,Mighty Ape,Genestealer Cults: Biophagus,,manual,https://www.mightyape.co.nz/mn/buy/mighty-ape-warhammer-40000-genestealer-cults-biophagus-29189815/,Cloudflare protected — update manually
2026-05-03 21:49:02,Mighty Ape,Orruk Warclans: Ardboy Big Boss,,not_carried,,
2026-05-03 21:49:02,Mighty Ape,Orruk Warclans: Orruk Brutes,,manual,https://www.mightyape.co.nz/mn/buy/mighty-ape-ironjawz-orruk-brutes-25217197/,Cloudflare protected — update manually
2026-05-03 21:49:04,Mighty Ape,Space Marines: Gladiator,,manual,https://www.mightyape.co.nz/product/warhammer-40000-space-marine-gladiator/34016507,Cloudflare protected — update manually
2026-05-03 21:49:08,Mighty Ape,Space Marines: Primaris Intercessors,,manual,https://www.mightyape.co.nz/mn/buy/mighty-ape-warhammer-40000-space-marine-primaris-intercessors-26859092/,Cloudflare protected — update manually
2026-05-03 21:49:09,Mighty Ape,Space Marines Primaris Librarian,,manual,https://www.mightyape.co.nz/product/warhammer-40000-space-marine-primaris-librarian/26853441,Cloudflare protected — update manually
2026-05-03 21:49:11,Mighty Ape,Space Marines Primaris Reivers,,manual,https://www.mightyape.co.nz/product/warhammer-40000-space-marine-primaris-reivers/26856277,Cloudflare protected — update manually
2026-05-03 21:49:13,Mighty Ape,Sylvaneth: Tree-Revenants,,manual,https://www.mightyape.co.nz/product/sylvaneth-tree-revenants/25522630,Cloudflare protected — update manually
2026-05-03 21:49:17,Mighty Ape,Warhammer 40000: Introductory Set,,manual,https://www.mightyape.co.nz/mn/buy/mighty-ape-warhammer-40000-introductory-set-37875024/,Cloudflare protected — update manually
2026-05-03 21:49:20,Nova Games,Age Of Sigmar: Introductory Set,96.50,in_stock,https://novagames.co.nz/products/age-of-sigmar-introductory-set,
2026-05-03 21:49:22,Nova Games,Death Guard: Plague Marine Champion,,not_carried,,
2026-05-03 21:49:22,Nova Games,Orruk Warclans: Ardboy Big Boss,71.00,in_stock,https://novagames.co.nz/products/ardboy-big-boss,
2026-05-03 21:49:24,Nova Games,Orruk Warclans: Orruk Brutes,109.00,in_stock,https://novagames.co.nz/products/orruk-brutes,
2026-05-03 21:49:27,Nova Games,Space Marines Primaris Librarian,,not_carried,,
2026-05-03 21:49:27,Nova Games,Space Marines Primaris Reivers,,not_carried,,
2026-05-03 21:49:27,Nova Games,Space Marines: Gladiator,,not_carried,,
2026-05-03 21:49:27,Nova Games,Space Marines: Primaris Intercessors,117.00,in_stock,https://novagames.co.nz/products/intercessors,
2026-05-03 21:49:30,Nova Games,Sylvaneth: Tree-Revenants,,not_carried,,
2026-05-03 21:49:30,Nova Games,Warhammer 40000: Introductory Set,98.50,in_stock,https://novagames.co.nz/products/warhammer-40-000-introductory-set,
2026-05-03 21:49:33,Nova Games,Genestealer Cults: Biophagus,,not_carried,,
2026-05-03 21:49:33,Vagabond,Age Of Sigmar: Introductory Set,96.00,out_of_stock,https://vagabond.co.nz/warhammer-age-of-sigmar-introductory-set-2024/,
2026-05-03 21:49:35,Vagabond,Death Guard: Plague Marine Champion,51.00,in_stock,https://vagabond.co.nz/death-guard-plague-marine-champion/,
2026-05-03 21:49:39,Vagabond,Genestealer Cults: Biophagus,,not_carried,,
2026-05-03 21:49:39,Vagabond,Orruk Warclans: Ardboy Big Boss,66.50,in_stock,https://vagabond.co.nz/orruk-warclans-ardboy-big-boss,
2026-05-03 21:49:42,Vagabond,Orruk Warclans: Orruk Brutes,94.50,in_stock,https://vagabond.co.nz/ironjawz-orruk-brutes/,
2026-05-03 21:49:45,Vagabond,Space Marines: Gladiator,166.50,out_of_stock,https://vagabond.co.nz/space-marines-gladiator/,
2026-05-03 21:49:49,Vagabond,Space Marines: Primaris Intercessors,117.00,in_stock,https://vagabond.co.nz/space-marines-primaris-intercessors/,
2026-05-03 21:49:53,Vagabond,Space Marines Primaris Librarian,,not_carried,,
2026-05-03 21:49:53,Vagabond,Space Marines Primaris Reivers,117.00,in_stock,https://vagabond.co.nz/space-marines-primaris-reivers/,
2026-05-03 21:49:55,Vagabond,Sylvaneth: Tree-Revenants,,not_carried,,
2026-05-03 21:49:55,Vagabond,Warhammer 40000: Introductory Set,98.00,out_of_stock,https://vagabond.co.nz/warhammer-40-000-introductory-set/,
2026-05-10 21:51:35,Bea DnD,Age Of Sigmar: Introductory Set,90.00,in_stock,https://www.beadndgames.co.nz/products/warhammer-age-of-sigmar-introductory-set,
2026-05-10 21:51:37,Bea DnD,Death Guard: Plague Marine Champion,53.00,in_stock,https://www.beadndgames.co.nz/products/death-guard-plague-marine-champion-warhammer-40-000,
2026-05-10 21:51:39,Bea DnD,Genestealer Cults: Biophagus,,not_carried,,
2026-05-10 21:51:39,Bea DnD,Orruk Warclans: Ardboy Big Boss,,not_carried,,
2026-05-10 21:51:39,Bea DnD,Orruk Warclans: Orruk Brutes,,not_carried,,
2026-05-10 21:51:39,Bea DnD,Space Marines: Gladiator,,not_carried,,
2026-05-10 21:51:39,Bea DnD,Space Marines: Primaris Intercessors,120.00,in_stock,https://www.beadndgames.co.nz/products/space-marines-primaris-intercessors-warhammer-40-000,
2026-05-10 21:51:41,Bea DnD,Space Marines Primaris Librarian,78.00,in_stock,https://www.beadndgames.co.nz/products/space-marines-primaris-librarian-warhammer-40-000,
2026-05-10 21:51:45,Bea DnD,Space Marines Primaris Reivers,,not_carried,,
2026-05-10 21:51:45,Bea DnD,Sylvaneth: Tree-Revenants,82.00,in_stock,https://www.beadndgames.co.nz/products/sylvaneth-tree-revenants-warhammer-age-of-sigmar,
2026-05-10 21:51:48,Bea DnD,Warhammer 40000: Introductory Set,95.00,in_stock,https://www.beadndgames.co.nz/products/warhammer-40-000-introductory-set-start-your-warhammer-journey,
2026-05-10 21:51:52,Games Lab,Age Of Sigmar: Introductory Set,,unknown,https://www.gameslab.co.nz/products/Age-Of-Sigmar-Introductory-Set-p686464525,
2026-05-10 21:52:00,Games Lab,Death Guard: Plague Marine Champion,,not_carried,,
2026-05-10 21:52:00,Games Lab,Genestealer Cults: Biophagus,,not_carried,,
2026-05-10 21:52:00,Games Lab,Orruk Warclans: Ardboy Big Boss,,not_carried,,
2026-05-10 21:52:00,Games Lab,Orruk Warclans: Orruk Brutes,,not_carried,,
2026-05-10 21:52:00,Games Lab,Space Marines: Gladiator,158.00,out_of_stock,https://www.gameslab.co.nz/products/Space-Marine-Gladiator-p689900566,
2026-05-10 21:52:03,Games Lab,Space Marines: Primaris Intercessors,117.00,in_stock,https://www.gameslab.co.nz/products/Space-Marines-Primaris-Intercessors-p605967672,
2026-05-10 21:52:07,Games Lab,Space Marines Primaris Librarian,,error,https://www.gameslab.co.nz/products/Space-Marines-Primaris-Librarian-p651995264,"HTTPSConnectionPool(host='www.gameslab.co.nz', port=443): Read timed out. (read timeout=15)"
2026-05-10 21:52:25,Games Lab,Space Marines Primaris Reivers,109.00,out_of_stock,https://www.gameslab.co.nz/products/Space-Marines-Primaris-Reivers-p696127817,
2026-05-10 21:52:28,Games Lab,Sylvaneth: Tree-Revenants,81.00,in_stock,https://www.gameslab.co.nz/products/Sylvaneth-Tree-Revenants-p695852248,
2026-05-10 21:52:30,Games Lab,Warhammer 40000: Introductory Set,98.00,out_of_stock,https://www.gameslab.co.nz/products/Warhammer-40-000-Introductory-Set-p604427018,
2026-05-10 21:52:34,Goblin Games,Age Of Sigmar: Introductory Set,100.00,in_stock,https://goblingames.nz/products/warhammer-age-of-sigmar-introductory-set,
2026-05-10 21:52:38,Goblin Games,Death Guard: Plague Marine Champion,,not_carried,,
2026-05-10 21:52:38,Goblin Games,Genestealer Cults: Biophagus,,not_carried,,
2026-05-10 21:52:38,Goblin Games,Orruk Warclans: Ardboy Big Boss,,not_carried,,
2026-05-10 21:52:38,Goblin Games,Orruk Warclans: Orruk Brutes,113.00,in_stock,https://goblingames.nz/products/orruk-warclans-orruk-brutes,
2026-05-10 21:52:40,Goblin Games,Space Marines Primaris Librarian,,not_carried,,
2026-05-10 21:52:40,Goblin Games,Space Marines Primaris Reivers,124.50,in_stock,https://goblingames.nz/products/space-marines-primaris-reivers-1,
2026-05-10 21:52:44,Goblin Games,Space Marines: Gladiator,191.00,in_stock,https://goblingames.nz/products/space-marines-gladiator,
2026-05-10 21:52:45,Goblin Games,Space Marines: Primaris Intercessors,130.00,in_stock,https://goblingames.nz/products/space-marines-intercessors,
2026-05-10 21:52:47,Goblin Games,Sylvaneth: Tree-Revenants,95.00,in_stock,https://goblingames.nz/products/sylvaneth-tree-revenants,
2026-05-10 21:52:50,Goblin Games,Warhammer 40000: Introductory Set,,not_carried,,
2026-05-10 21:52:50,Hobby Collective,Age Of Sigmar: Introductory Set,85.60,in_stock,https://thehobbycollective.co.nz/warhammer-age-of-sigmar-introductory-set,
2026-05-10 21:52:54,Hobby Collective,Death Guard: Plague Marine Champion,,not_carried,,
2026-05-10 21:52:54,Hobby Collective,Genestealer Cults: Biophagus,,not_carried,,
2026-05-10 21:52:54,Hobby Collective,Orruk Warclans: Ardboy Big Boss,,not_carried,,
2026-05-10 21:52:54,Hobby Collective,Orruk Warclans: Orruk Brutes,,not_carried,,
2026-05-10 21:52:54,Hobby Collective,Space Marines Primaris Librarian,,not_carried,,
2026-05-10 21:52:54,Hobby Collective,Space Marines Primaris Reivers,,not_carried,,
2026-05-10 21:52:54,Hobby Collective,Space Marines: Gladiator,152.80,in_stock,https://thehobbycollective.co.nz/space-marines-gladiator-impulsor-lancer-valiant-reaper/,
2026-05-10 21:52:56,Hobby Collective,Space Marines: Primaris Intercessors,104.00,in_stock,https://thehobbycollective.co.nz/space-marines-primaris-intercessors/,
2026-05-10 21:52:59,Hobby Collective,Sylvaneth: Tree-Revenants,,not_carried,,
2026-05-10 21:52:59,Hobby Collective,Warhammer 40000: Introductory Set,87.20,in_stock,https://thehobbycollective.co.nz/warhammer-40-000-introductory-set/,
2026-05-10 21:53:02,Hobby Lords,Age Of Sigmar: Introductory Set,98.00,in_stock,https://www.hobbylords.co.nz/products/single/age-of-sigmar:-introductory-set,
2026-05-10 21:53:12,Hobby Lords,Death Guard: Plague Marine Champion,55.00,in_stock,https://www.hobbylords.co.nz/products/single/death-guard-plague-marine-champion,
2026-05-10 21:53:21,Hobby Lords,Genestealer Cults: Biophagus,,not_carried,,
2026-05-10 21:53:21,Hobby Lords,Orruk Warclans: Ardboy Big Boss,,not_carried,,
2026-05-10 21:53:21,Hobby Lords,Orruk Warclans: Orruk Brutes,110.35,in_stock,https://www.hobbylords.co.nz/products/single/orruk-warclans-orruk-brutes,
2026-05-10 21:53:30,Hobby Lords,Space Marines: Gladiator,,not_carried,,
2026-05-10 21:53:30,Hobby Lords,Space Marines: Primaris Intercessors,120.00,in_stock,https://www.hobbylords.co.nz/products/single/space-marines-intercessors,
2026-05-10 21:53:38,Hobby Lords,Space Marines Primaris Librarian,,not_carried,,
2026-05-10 21:53:38,Hobby Lords,Space Marines Primaris Reivers,120.00,in_stock,https://www.hobbylords.co.nz/products/single/space-marines-primaris-reivers,
2026-05-10 21:53:47,Hobby Lords,Sylvaneth: Tree-Revenants,93.00,in_stock,https://www.hobbylords.co.nz/products/single/sylvaneth-tree-revenants,
2026-05-10 21:53:55,Hobby Lords,Warhammer 40000: Introductory Set,100.00,in_stock,https://www.hobbylords.co.nz/products/single/warhammer-40000-introductory-set,
2026-05-10 21:54:04,Hobby Master,Age Of Sigmar: Introductory Set,97.00,in_stock,https://hobbymaster.co.nz/products/product/43416,
2026-05-10 21:54:07,Hobby Master,Death Guard: Plague Marine Champion,54.00,in_stock,https://hobbymaster.co.nz/products/product/40411,
2026-05-10 21:54:09,Hobby Master,Genestealer Cults: Biophagus,54.00,in_stock,https://hobbymaster.co.nz/products/product/31527,
2026-05-10 21:54:12,Hobby Master,Orruk Warclans: Ardboy Big Boss,75.00,in_stock,https://hobbymaster.co.nz/products/product/41743,
2026-05-10 21:54:15,Hobby Master,Orruk Warclans: Orruk Brutes,110.00,in_stock,https://hobbymaster.co.nz/products/product/37181,
2026-05-10 21:54:18,Hobby Master,Space Marines: Gladiator,174.00,in_stock,https://hobbymaster.co.nz/products/product/36228,
2026-05-10 21:54:21,Hobby Master,Space Marines: Primaris Intercessors,118.00,in_stock,https://hobbymaster.co.nz/products/product/28412,
2026-05-10 21:54:24,Hobby Master,Space Marines Primaris Librarian,75.00,in_stock,https://hobbymaster.co.nz/products/product/28221,
2026-05-10 21:54:26,Hobby Master,Space Marines Primaris Reivers,118.00,in_stock,https://hobbymaster.co.nz/products/product/28086,
2026-05-10 21:54:28,Hobby Master,Sylvaneth: Tree-Revenants,92.00,in_stock,https://hobbymaster.co.nz/products/product/39777,
2026-05-10 21:54:32,Hobby Master,Warhammer 40000: Introductory Set,99.00,in_stock,https://hobbymaster.co.nz/products/product/41316,
2026-05-10 21:54:35,Iron Knight,Age Of Sigmar: Introductory Set,64.82,in_stock,https://ironknightgaming.co.nz/products/warhammer-age-of-sigmar-introductory-set,
2026-05-10 21:54:39,Iron Knight,Death Guard: Plague Marine Champion,,not_carried,,
2026-05-10 21:54:39,Iron Knight,Genestealer Cults: Biophagus,,not_carried,,
2026-05-10 21:54:39,Iron Knight,Orruk Warclans: Ardboy Big Boss,,not_carried,,
2026-05-10 21:54:39,Iron Knight,Orruk Warclans: Orruk Brutes,73.30,in_stock,https://ironknightgaming.co.nz/products/orruk-warclans-orruk-brutes,
2026-05-10 21:54:42,Iron Knight,Space Marines Primaris Librarian,,not_carried,,
2026-05-10 21:54:42,Iron Knight,Space Marines Primaris Reivers,,not_carried,,
2026-05-10 21:54:42,Iron Knight,Space Marines: Gladiator,112.08,in_stock,https://ironknightgaming.co.nz/products/space-marines-gladiator,
2026-05-10 21:54:44,Iron Knight,Space Marines: Primaris Intercessors,78.76,in_stock,https://ironknightgaming.co.nz/products/space-marines-primaris-intercessors,
2026-05-10 21:54:47,Iron Knight,Sylvaneth: Tree-Revenants,,not_carried,,
2026-05-10 21:54:47,Iron Knight,Warhammer 40000: Introductory Set,61.79,in_stock,https://ironknightgaming.co.nz/products/warhammer-40000-introductory-set,
2026-05-10 21:54:50,Mighty Ape,Age Of Sigmar: Introductory Set,,manual,https://www.mightyape.co.nz/mn/buy/mighty-ape-warhammer-age-of-sigmar-introductory-set-39006494/,Cloudflare protected — update manually
2026-05-10 21:54:52,Mighty Ape,Death Guard: Plague Marine Champion,,not_carried,,
2026-05-10 21:54:52,Mighty Ape,Genestealer Cults: Biophagus,,manual,https://www.mightyape.co.nz/mn/buy/mighty-ape-warhammer-40000-genestealer-cults-biophagus-29189815/,Cloudflare protected — update manually
2026-05-10 21:54:55,Mighty Ape,Orruk Warclans: Ardboy Big Boss,,not_carried,,
2026-05-10 21:54:55,Mighty Ape,Orruk Warclans: Orruk Brutes,,manual,https://www.mightyape.co.nz/mn/buy/mighty-ape-ironjawz-orruk-brutes-25217197/,Cloudflare protected — update manually
2026-05-10 21:54:57,Mighty Ape,Space Marines: Gladiator,,manual,https://www.mightyape.co.nz/product/warhammer-40000-space-marine-gladiator/34016507,Cloudflare protected — update manually
2026-05-10 21:54:59,Mighty Ape,Space Marines: Primaris Intercessors,,manual,https://www.mightyape.co.nz/mn/buy/mighty-ape-warhammer-40000-space-marine-primaris-intercessors-26859092/,Cloudflare protected — update manually
2026-05-10 21:55:01,Mighty Ape,Space Marines Primaris Librarian,,manual,https://www.mightyape.co.nz/product/warhammer-40000-space-marine-primaris-librarian/26853441,Cloudflare protected — update manually
2026-05-10 21:55:03,Mighty Ape,Space Marines Primaris Reivers,,manual,https://www.mightyape.co.nz/product/warhammer-40000-space-marine-primaris-reivers/26856277,Cloudflare protected — update manually
2026-05-10 21:55:06,Mighty Ape,Sylvaneth: Tree-Revenants,,manual,https://www.mightyape.co.nz/product/sylvaneth-tree-revenants/25522630,Cloudflare protected — update manually
2026-05-10 21:55:08,Mighty Ape,Warhammer 40000: Introductory Set,,manual,https://www.mightyape.co.nz/mn/buy/mighty-ape-warhammer-40000-introductory-set-37875024/,Cloudflare protected — update manually
2026-05-10 21:55:09,Nova Games,Age Of Sigmar: Introductory Set,96.50,in_stock,https://novagames.co.nz/products/age-of-sigmar-introductory-set,
2026-05-10 21:55:12,Nova Games,Death Guard: Plague Marine Champion,,not_carried,,
2026-05-10 21:55:12,Nova Games,Orruk Warclans: Ardboy Big Boss,71.00,in_stock,https://novagames.co.nz/products/ardboy-big-boss,
2026-05-10 21:55:16,Nova Games,Orruk Warclans: Orruk Brutes,109.00,in_stock,https://novagames.co.nz/products/orruk-brutes,
2026-05-10 21:55:19,Nova Games,Space Marines Primaris Librarian,,not_carried,,
2026-05-10 21:55:19,Nova Games,Space Marines Primaris Reivers,,not_carried,,
2026-05-10 21:55:19,Nova Games,Space Marines: Gladiator,,not_carried,,
2026-05-10 21:55:19,Nova Games,Space Marines: Primaris Intercessors,117.00,in_stock,https://novagames.co.nz/products/intercessors,
2026-05-10 21:55:22,Nova Games,Sylvaneth: Tree-Revenants,,not_carried,,
2026-05-10 21:55:22,Nova Games,Warhammer 40000: Introductory Set,98.50,in_stock,https://novagames.co.nz/products/warhammer-40-000-introductory-set,
2026-05-10 21:55:24,Nova Games,Genestealer Cults: Biophagus,,not_carried,,
2026-05-10 21:55:24,Vagabond,Age Of Sigmar: Introductory Set,96.00,out_of_stock,https://vagabond.co.nz/warhammer-age-of-sigmar-introductory-set-2024/,
2026-05-10 21:55:27,Vagabond,Death Guard: Plague Marine Champion,51.00,in_stock,https://vagabond.co.nz/death-guard-plague-marine-champion/,
2026-05-10 21:55:30,Vagabond,Genestealer Cults: Biophagus,,not_carried,,
2026-05-10 21:55:30,Vagabond,Orruk Warclans: Ardboy Big Boss,66.50,in_stock,https://vagabond.co.nz/orruk-warclans-ardboy-big-boss,
2026-05-10 21:55:34,Vagabond,Orruk Warclans: Orruk Brutes,94.50,in_stock,https://vagabond.co.nz/ironjawz-orruk-brutes/,
2026-05-10 21:55:37,Vagabond,Space Marines: Gladiator,166.50,out_of_stock,https://vagabond.co.nz/space-marines-gladiator/,
2026-05-10 21:55:41,Vagabond,Space Marines: Primaris Intercessors,117.00,in_stock,https://vagabond.co.nz/space-marines-primaris-intercessors/,
2026-05-10 21:55:44,Vagabond,Space Marines Primaris Librarian,,not_carried,,
2026-05-10 21:55:44,Vagabond,Space Marines Primaris Reivers,117.00,in_stock,https://vagabond.co.nz/space-marines-primaris-reivers/,
2026-05-10 21:55:48,Vagabond,Sylvaneth: Tree-Revenants,,not_carried,,
2026-05-10 21:55:48,Vagabond,Warhammer 40000: Introductory Set,98.00,out_of_stock,https://vagabond.co.nz/warhammer-40-000-introductory-set/,
2026-05-17 21:57:43,Bea DnD,Age Of Sigmar: Introductory Set,90.00,in_stock,https://www.beadndgames.co.nz/products/warhammer-age-of-sigmar-introductory-set,
2026-05-17 21:57:47,Bea DnD,Death Guard: Plague Marine Champion,53.00,in_stock,https://www.beadndgames.co.nz/products/death-guard-plague-marine-champion-warhammer-40-000,
2026-05-17 21:57:50,Bea DnD,Genestealer Cults: Biophagus,,not_carried,,
2026-05-17 21:57:50,Bea DnD,Orruk Warclans: Ardboy Big Boss,,not_carried,,
2026-05-17 21:57:50,Bea DnD,Orruk Warclans: Orruk Brutes,,not_carried,,
2026-05-17 21:57:50,Bea DnD,Space Marines: Gladiator,,not_carried,,
2026-05-17 21:57:50,Bea DnD,Space Marines: Primaris Intercessors,120.00,in_stock,https://www.beadndgames.co.nz/products/space-marines-primaris-intercessors-warhammer-40-000,
2026-05-17 21:57:54,Bea DnD,Space Marines Primaris Librarian,78.00,in_stock,https://www.beadndgames.co.nz/products/space-marines-primaris-librarian-warhammer-40-000,
2026-05-17 21:57:57,Bea DnD,Space Marines Primaris Reivers,,not_carried,,
2026-05-17 21:57:57,Bea DnD,Sylvaneth: Tree-Revenants,82.00,in_stock,https://www.beadndgames.co.nz/products/sylvaneth-tree-revenants-warhammer-age-of-sigmar,
2026-05-17 21:58:00,Bea DnD,Warhammer 40000: Introductory Set,95.00,in_stock,https://www.beadndgames.co.nz/products/warhammer-40-000-introductory-set-start-your-warhammer-journey,
2026-05-17 21:58:02,Games Lab,Age Of Sigmar: Introductory Set,90.00,in_stock,https://www.gameslab.co.nz/products/Age-Of-Sigmar-Introductory-Set-p686464525,
2026-05-17 21:58:05,Games Lab,Death Guard: Plague Marine Champion,,not_carried,,
2026-05-17 21:58:05,Games Lab,Genestealer Cults: Biophagus,,not_carried,,
2026-05-17 21:58:05,Games Lab,Orruk Warclans: Ardboy Big Boss,,not_carried,,
2026-05-17 21:58:05,Games Lab,Orruk Warclans: Orruk Brutes,,not_carried,,
2026-05-17 21:58:05,Games Lab,Space Marines: Gladiator,158.00,out_of_stock,https://www.gameslab.co.nz/products/Space-Marine-Gladiator-p689900566,
2026-05-17 21:58:08,Games Lab,Space Marines: Primaris Intercessors,117.00,in_stock,https://www.gameslab.co.nz/products/Space-Marines-Primaris-Intercessors-p605967672,
2026-05-17 21:58:11,Games Lab,Space Marines Primaris Librarian,69.99,out_of_stock,https://www.gameslab.co.nz/products/Space-Marines-Primaris-Librarian-p651995264,
2026-05-17 21:58:15,Games Lab,Space Marines Primaris Reivers,109.00,out_of_stock,https://www.gameslab.co.nz/products/Space-Marines-Primaris-Reivers-p696127817,
2026-05-17 21:58:17,Games Lab,Sylvaneth: Tree-Revenants,81.00,in_stock,https://www.gameslab.co.nz/products/Sylvaneth-Tree-Revenants-p695852248,
2026-05-17 21:58:21,Games Lab,Warhammer 40000: Introductory Set,98.00,out_of_stock,https://www.gameslab.co.nz/products/Warhammer-40-000-Introductory-Set-p604427018,
2026-05-17 21:58:24,Goblin Games,Age Of Sigmar: Introductory Set,100.00,in_stock,https://goblingames.nz/products/warhammer-age-of-sigmar-introductory-set,
2026-05-17 21:58:27,Goblin Games,Death Guard: Plague Marine Champion,,not_carried,,
2026-05-17 21:58:27,Goblin Games,Genestealer Cults: Biophagus,,not_carried,,
2026-05-17 21:58:27,Goblin Games,Orruk Warclans: Ardboy Big Boss,,not_carried,,
2026-05-17 21:58:27,Goblin Games,Orruk Warclans: Orruk Brutes,113.00,in_stock,https://goblingames.nz/products/orruk-warclans-orruk-brutes,
2026-05-17 21:58:29,Goblin Games,Space Marines Primaris Librarian,,not_carried,,
2026-05-17 21:58:29,Goblin Games,Space Marines Primaris Reivers,124.50,in_stock,https://goblingames.nz/products/space-marines-primaris-reivers-1,
2026-05-17 21:58:32,Goblin Games,Space Marines: Gladiator,191.00,in_stock,https://goblingames.nz/products/space-marines-gladiator,
2026-05-17 21:58:35,Goblin Games,Space Marines: Primaris Intercessors,130.00,in_stock,https://goblingames.nz/products/space-marines-intercessors,
2026-05-17 21:58:38,Goblin Games,Sylvaneth: Tree-Revenants,95.00,in_stock,https://goblingames.nz/products/sylvaneth-tree-revenants,
2026-05-17 21:58:41,Goblin Games,Warhammer 40000: Introductory Set,,not_carried,,
2026-05-17 21:58:41,Hobby Collective,Age Of Sigmar: Introductory Set,85.60,in_stock,https://thehobbycollective.co.nz/warhammer-age-of-sigmar-introductory-set,
2026-05-17 21:58:45,Hobby Collective,Death Guard: Plague Marine Champion,,not_carried,,
2026-05-17 21:58:45,Hobby Collective,Genestealer Cults: Biophagus,,not_carried,,
2026-05-17 21:58:45,Hobby Collective,Orruk Warclans: Ardboy Big Boss,,not_carried,,
2026-05-17 21:58:45,Hobby Collective,Orruk Warclans: Orruk Brutes,,not_carried,,
2026-05-17 21:58:45,Hobby Collective,Space Marines Primaris Librarian,,not_carried,,
2026-05-17 21:58:45,Hobby Collective,Space Marines Primaris Reivers,,not_carried,,
2026-05-17 21:58:45,Hobby Collective,Space Marines: Gladiator,152.80,in_stock,https://thehobbycollective.co.nz/space-marines-gladiator-impulsor-lancer-valiant-reaper/,
2026-05-17 21:58:48,Hobby Collective,Space Marines: Primaris Intercessors,104.00,in_stock,https://thehobbycollective.co.nz/space-marines-primaris-intercessors/,
2026-05-17 21:58:51,Hobby Collective,Sylvaneth: Tree-Revenants,,not_carried,,
2026-05-17 21:58:51,Hobby Collective,Warhammer 40000: Introductory Set,87.20,in_stock,https://thehobbycollective.co.nz/warhammer-40-000-introductory-set/,
2026-05-17 21:58:55,Hobby Lords,Age Of Sigmar: Introductory Set,98.00,in_stock,https://www.hobbylords.co.nz/products/single/age-of-sigmar:-introductory-set,
2026-05-17 21:59:06,Hobby Lords,Death Guard: Plague Marine Champion,55.00,in_stock,https://www.hobbylords.co.nz/products/single/death-guard-plague-marine-champion,
2026-05-17 21:59:14,Hobby Lords,Genestealer Cults: Biophagus,,not_carried,,
2026-05-17 21:59:14,Hobby Lords,Orruk Warclans: Ardboy Big Boss,,not_carried,,
2026-05-17 21:59:14,Hobby Lords,Orruk Warclans: Orruk Brutes,110.35,in_stock,https://www.hobbylords.co.nz/products/single/orruk-warclans-orruk-brutes,
2026-05-17 21:59:23,Hobby Lords,Space Marines: Gladiator,,not_carried,,
2026-05-17 21:59:23,Hobby Lords,Space Marines: Primaris Intercessors,120.00,in_stock,https://www.hobbylords.co.nz/products/single/space-marines-intercessors,
2026-05-17 21:59:32,Hobby Lords,Space Marines Primaris Librarian,,not_carried,,
2026-05-17 21:59:32,Hobby Lords,Space Marines Primaris Reivers,120.00,in_stock,https://www.hobbylords.co.nz/products/single/space-marines-primaris-reivers,
2026-05-17 21:59:40,Hobby Lords,Sylvaneth: Tree-Revenants,93.00,in_stock,https://www.hobbylords.co.nz/products/single/sylvaneth-tree-revenants,
2026-05-17 21:59:47,Hobby Lords,Warhammer 40000: Introductory Set,100.00,in_stock,https://www.hobbylords.co.nz/products/single/warhammer-40000-introductory-set,
2026-05-17 21:59:57,Hobby Master,Age Of Sigmar: Introductory Set,97.00,in_stock,https://hobbymaster.co.nz/products/product/43416,
2026-05-17 22:00:00,Hobby Master,Death Guard: Plague Marine Champion,54.00,in_stock,https://hobbymaster.co.nz/products/product/40411,
2026-05-17 22:00:03,Hobby Master,Genestealer Cults: Biophagus,54.00,in_stock,https://hobbymaster.co.nz/products/product/31527,
2026-05-17 22:00:06,Hobby Master,Orruk Warclans: Ardboy Big Boss,75.00,in_stock,https://hobbymaster.co.nz/products/product/41743,
2026-05-17 22:00:09,Hobby Master,Orruk Warclans: Orruk Brutes,110.00,in_stock,https://hobbymaster.co.nz/products/product/37181,
2026-05-17 22:00:12,Hobby Master,Space Marines: Gladiator,174.00,in_stock,https://hobbymaster.co.nz/products/product/36228,
2026-05-17 22:00:14,Hobby Master,Space Marines: Primaris Intercessors,118.00,in_stock,https://hobbymaster.co.nz/products/product/28412,
2026-05-17 22:00:17,Hobby Master,Space Marines Primaris Librarian,75.00,in_stock,https://hobbymaster.co.nz/products/product/28221,
2026-05-17 22:00:20,Hobby Master,Space Marines Primaris Reivers,118.00,in_stock,https://hobbymaster.co.nz/products/product/28086,
2026-05-17 22:00:24,Hobby Master,Sylvaneth: Tree-Revenants,92.00,in_stock,https://hobbymaster.co.nz/products/product/39777,
2026-05-17 22:00:28,Hobby Master,Warhammer 40000: Introductory Set,99.00,in_stock,https://hobbymaster.co.nz/products/product/41316,
2026-05-17 22:00:30,Iron Knight,Age Of Sigmar: Introductory Set,63.84,in_stock,https://ironknightgaming.co.nz/products/warhammer-age-of-sigmar-introductory-set,
2026-05-17 22:00:33,Iron Knight,Death Guard: Plague Marine Champion,,not_carried,,
2026-05-17 22:00:33,Iron Knight,Genestealer Cults: Biophagus,,not_carried,,
2026-05-17 22:00:33,Iron Knight,Orruk Warclans: Ardboy Big Boss,,not_carried,,
2026-05-17 22:00:33,Iron Knight,Orruk Warclans: Orruk Brutes,72.19,in_stock,https://ironknightgaming.co.nz/products/orruk-warclans-orruk-brutes,
2026-05-17 22:00:36,Iron Knight,Space Marines Primaris Librarian,,not_carried,,
2026-05-17 22:00:36,Iron Knight,Space Marines Primaris Reivers,,not_carried,,
2026-05-17 22:00:36,Iron Knight,Space Marines: Gladiator,110.38,in_stock,https://ironknightgaming.co.nz/products/space-marines-gladiator,
2026-05-17 22:00:39,Iron Knight,Space Marines: Primaris Intercessors,77.56,in_stock,https://ironknightgaming.co.nz/products/space-marines-primaris-intercessors,
2026-05-17 22:00:43,Iron Knight,Sylvaneth: Tree-Revenants,,not_carried,,
2026-05-17 22:00:43,Iron Knight,Warhammer 40000: Introductory Set,60.86,in_stock,https://ironknightgaming.co.nz/products/warhammer-40000-introductory-set,
2026-05-17 22:00:46,Mighty Ape,Age Of Sigmar: Introductory Set,,manual,https://www.mightyape.co.nz/mn/buy/mighty-ape-warhammer-age-of-sigmar-introductory-set-39006494/,Cloudflare protected — update manually
2026-05-17 22:00:48,Mighty Ape,Death Guard: Plague Marine Champion,,not_carried,,
2026-05-17 22:00:48,Mighty Ape,Genestealer Cults: Biophagus,,manual,https://www.mightyape.co.nz/mn/buy/mighty-ape-warhammer-40000-genestealer-cults-biophagus-29189815/,Cloudflare protected — update manually
2026-05-17 22:00:50,Mighty Ape,Orruk Warclans: Ardboy Big Boss,,not_carried,,
2026-05-17 22:00:50,Mighty Ape,Orruk Warclans: Orruk Brutes,,manual,https://www.mightyape.co.nz/mn/buy/mighty-ape-ironjawz-orruk-brutes-25217197/,Cloudflare protected — update manually
2026-05-17 22:00:53,Mighty Ape,Space Marines: Gladiator,,manual,https://www.mightyape.co.nz/product/warhammer-40000-space-marine-gladiator/34016507,Cloudflare protected — update manually
2026-05-17 22:00:56,Mighty Ape,Space Marines: Primaris Intercessors,,manual,https://www.mightyape.co.nz/mn/buy/mighty-ape-warhammer-40000-space-marine-primaris-intercessors-26859092/,Cloudflare protected — update manually
2026-05-17 22:00:58,Mighty Ape,Space Marines Primaris Librarian,,manual,https://www.mightyape.co.nz/product/warhammer-40000-space-marine-primaris-librarian/26853441,Cloudflare protected — update manually
2026-05-17 22:01:00,Mighty Ape,Space Marines Primaris Reivers,,manual,https://www.mightyape.co.nz/product/warhammer-40000-space-marine-primaris-reivers/26856277,Cloudflare protected — update manually
2026-05-17 22:01:04,Mighty Ape,Sylvaneth: Tree-Revenants,,manual,https://www.mightyape.co.nz/product/sylvaneth-tree-revenants/25522630,Cloudflare protected — update manually
2026-05-17 22:01:06,Mighty Ape,Warhammer 40000: Introductory Set,,manual,https://www.mightyape.co.nz/mn/buy/mighty-ape-warhammer-40000-introductory-set-37875024/,Cloudflare protected — update manually
2026-05-17 22:01:09,Nova Games,Age Of Sigmar: Introductory Set,96.50,in_stock,https://novagames.co.nz/products/age-of-sigmar-introductory-set,
2026-05-17 22:01:11,Nova Games,Death Guard: Plague Marine Champion,,not_carried,,
2026-05-17 22:01:11,Nova Games,Orruk Warclans: Ardboy Big Boss,71.00,in_stock,https://novagames.co.nz/products/ardboy-big-boss,
2026-05-17 22:01:15,Nova Games,Orruk Warclans: Orruk Brutes,109.00,in_stock,https://novagames.co.nz/products/orruk-brutes,
2026-05-17 22:01:17,Nova Games,Space Marines Primaris Librarian,,not_carried,,
2026-05-17 22:01:17,Nova Games,Space Marines Primaris Reivers,,not_carried,,
2026-05-17 22:01:17,Nova Games,Space Marines: Gladiator,,not_carried,,
2026-05-17 22:01:17,Nova Games,Space Marines: Primaris Intercessors,117.00,in_stock,https://novagames.co.nz/products/intercessors,
2026-05-17 22:01:20,Nova Games,Sylvaneth: Tree-Revenants,,not_carried,,
2026-05-17 22:01:20,Nova Games,Warhammer 40000: Introductory Set,98.50,in_stock,https://novagames.co.nz/products/warhammer-40-000-introductory-set,
2026-05-17 22:01:22,Nova Games,Genestealer Cults: Biophagus,,not_carried,,
2026-05-17 22:01:22,Vagabond,Age Of Sigmar: Introductory Set,96.00,out_of_stock,https://vagabond.co.nz/warhammer-age-of-sigmar-introductory-set-2024/,
2026-05-17 22:01:27,Vagabond,Death Guard: Plague Marine Champion,51.00,in_stock,https://vagabond.co.nz/death-guard-plague-marine-champion/,
2026-05-17 22:01:30,Vagabond,Genestealer Cults: Biophagus,,not_carried,,
2026-05-17 22:01:30,Vagabond,Orruk Warclans: Ardboy Big Boss,66.50,in_stock,https://vagabond.co.nz/orruk-warclans-ardboy-big-boss,
2026-05-17 22:01:34,Vagabond,Orruk Warclans: Orruk Brutes,94.50,in_stock,https://vagabond.co.nz/ironjawz-orruk-brutes/,
2026-05-17 22:01:36,Vagabond,Space Marines: Gladiator,166.50,out_of_stock,https://vagabond.co.nz/space-marines-gladiator/,
2026-05-17 22:01:40,Vagabond,Space Marines: Primaris Intercessors,117.00,in_stock,https://vagabond.co.nz/space-marines-primaris-intercessors/,
2026-05-17 22:01:43,Vagabond,Space Marines Primaris Librarian,,not_carried,,
2026-05-17 22:01:43,Vagabond,Space Marines Primaris Reivers,117.00,in_stock,https://vagabond.co.nz/space-marines-primaris-reivers/,
2026-05-17 22:01:47,Vagabond,Sylvaneth: Tree-Revenants,,not_carried,,
2026-05-17 22:01:47,Vagabond,Warhammer 40000: Introductory Set,98.00,out_of_stock,https://vagabond.co.nz/warhammer-40-000-introductory-set/,
2026-05-24 21:58:14,Bea DnD,Age Of Sigmar: Introductory Set,90.00,in_stock,https://www.beadndgames.co.nz/products/warhammer-age-of-sigmar-introductory-set,
2026-05-24 21:58:18,Bea DnD,Death Guard: Plague Marine Champion,53.00,in_stock,https://www.beadndgames.co.nz/products/death-guard-plague-marine-champion-warhammer-40-000,
2026-05-24 21:58:21,Bea DnD,Genestealer Cults: Biophagus,,not_carried,,
2026-05-24 21:58:21,Bea DnD,Orruk Warclans: Ardboy Big Boss,,not_carried,,
2026-05-24 21:58:21,Bea DnD,Orruk Warclans: Orruk Brutes,,not_carried,,
2026-05-24 21:58:21,Bea DnD,Space Marines: Gladiator,,not_carried,,
2026-05-24 21:58:21,Bea DnD,Space Marines: Primaris Intercessors,120.00,in_stock,https://www.beadndgames.co.nz/products/space-marines-primaris-intercessors-warhammer-40-000,
2026-05-24 21:58:23,Bea DnD,Space Marines Primaris Librarian,78.00,in_stock,https://www.beadndgames.co.nz/products/space-marines-primaris-librarian-warhammer-40-000,
2026-05-24 21:58:25,Bea DnD,Space Marines Primaris Reivers,,not_carried,,
2026-05-24 21:58:25,Bea DnD,Sylvaneth: Tree-Revenants,82.00,in_stock,https://www.beadndgames.co.nz/products/sylvaneth-tree-revenants-warhammer-age-of-sigmar,
2026-05-24 21:58:28,Bea DnD,Warhammer 40000: Introductory Set,95.00,in_stock,https://www.beadndgames.co.nz/products/warhammer-40-000-introductory-set-start-your-warhammer-journey,
2026-05-24 21:58:32,Games Lab,Age Of Sigmar: Introductory Set,,unknown,https://www.gameslab.co.nz/products/Age-Of-Sigmar-Introductory-Set-p686464525,
2026-05-24 21:58:34,Games Lab,Death Guard: Plague Marine Champion,,not_carried,,
2026-05-24 21:58:34,Games Lab,Genestealer Cults: Biophagus,,not_carried,,
2026-05-24 21:58:34,Games Lab,Orruk Warclans: Ardboy Big Boss,,not_carried,,
2026-05-24 21:58:34,Games Lab,Orruk Warclans: Orruk Brutes,,not_carried,,
2026-05-24 21:58:34,Games Lab,Space Marines: Gladiator,,unknown,https://www.gameslab.co.nz/products/Space-Marine-Gladiator-p689900566,
2026-05-24 21:58:37,Games Lab,Space Marines: Primaris Intercessors,,unknown,https://www.gameslab.co.nz/products/Space-Marines-Primaris-Intercessors-p605967672,
2026-05-24 21:58:39,Games Lab,Space Marines Primaris Librarian,,unknown,https://www.gameslab.co.nz/products/Space-Marines-Primaris-Librarian-p651995264,
2026-05-24 21:58:42,Games Lab,Space Marines Primaris Reivers,,unknown,https://www.gameslab.co.nz/products/Space-Marines-Primaris-Reivers-p696127817,
2026-05-24 21:58:46,Games Lab,Sylvaneth: Tree-Revenants,,unknown,https://www.gameslab.co.nz/products/Sylvaneth-Tree-Revenants-p695852248,
2026-05-24 21:58:48,Games Lab,Warhammer 40000: Introductory Set,,unknown,https://www.gameslab.co.nz/products/Warhammer-40-000-Introductory-Set-p604427018,
2026-05-24 21:58:51,Goblin Games,Age Of Sigmar: Introductory Set,100.00,in_stock,https://goblingames.nz/products/warhammer-age-of-sigmar-introductory-set,
2026-05-24 21:58:54,Goblin Games,Death Guard: Plague Marine Champion,,not_carried,,
2026-05-24 21:58:54,Goblin Games,Genestealer Cults: Biophagus,,not_carried,,
2026-05-24 21:58:54,Goblin Games,Orruk Warclans: Ardboy Big Boss,,not_carried,,
2026-05-24 21:58:54,Goblin Games,Orruk Warclans: Orruk Brutes,113.00,in_stock,https://goblingames.nz/products/orruk-warclans-orruk-brutes,
2026-05-24 21:58:56,Goblin Games,Space Marines Primaris Librarian,,not_carried,,
2026-05-24 21:58:56,Goblin Games,Space Marines Primaris Reivers,124.50,in_stock,https://goblingames.nz/products/space-marines-primaris-reivers-1,
2026-05-24 21:58:59,Goblin Games,Space Marines: Gladiator,191.00,in_stock,https://goblingames.nz/products/space-marines-gladiator,
2026-05-24 21:59:02,Goblin Games,Space Marines: Primaris Intercessors,130.00,in_stock,https://goblingames.nz/products/space-marines-intercessors,
2026-05-24 21:59:05,Goblin Games,Sylvaneth: Tree-Revenants,95.00,in_stock,https://goblingames.nz/products/sylvaneth-tree-revenants,
2026-05-24 21:59:08,Goblin Games,Warhammer 40000: Introductory Set,,not_carried,,
2026-05-24 21:59:08,Hobby Collective,Age Of Sigmar: Introductory Set,85.60,in_stock,https://thehobbycollective.co.nz/warhammer-age-of-sigmar-introductory-set,
2026-05-24 21:59:12,Hobby Collective,Death Guard: Plague Marine Champion,,not_carried,,
2026-05-24 21:59:12,Hobby Collective,Genestealer Cults: Biophagus,,not_carried,,
2026-05-24 21:59:12,Hobby Collective,Orruk Warclans: Ardboy Big Boss,,not_carried,,
2026-05-24 21:59:12,Hobby Collective,Orruk Warclans: Orruk Brutes,,not_carried,,
2026-05-24 21:59:12,Hobby Collective,Space Marines Primaris Librarian,,not_carried,,
2026-05-24 21:59:12,Hobby Collective,Space Marines Primaris Reivers,,not_carried,,
2026-05-24 21:59:12,Hobby Collective,Space Marines: Gladiator,152.80,in_stock,https://thehobbycollective.co.nz/space-marines-gladiator-impulsor-lancer-valiant-reaper/,
2026-05-24 21:59:16,Hobby Collective,Space Marines: Primaris Intercessors,104.00,in_stock,https://thehobbycollective.co.nz/space-marines-primaris-intercessors/,
2026-05-24 21:59:18,Hobby Collective,Sylvaneth: Tree-Revenants,,not_carried,,
2026-05-24 21:59:18,Hobby Collective,Warhammer 40000: Introductory Set,87.20,in_stock,https://thehobbycollective.co.nz/warhammer-40-000-introductory-set/,
2026-05-24 21:59:21,Hobby Lords,Age Of Sigmar: Introductory Set,98.00,in_stock,https://www.hobbylords.co.nz/products/single/age-of-sigmar:-introductory-set,
2026-05-24 21:59:33,Hobby Lords,Death Guard: Plague Marine Champion,55.00,in_stock,https://www.hobbylords.co.nz/products/single/death-guard-plague-marine-champion,
2026-05-24 21:59:42,Hobby Lords,Genestealer Cults: Biophagus,,not_carried,,
2026-05-24 21:59:42,Hobby Lords,Orruk Warclans: Ardboy Big Boss,,not_carried,,
2026-05-24 21:59:42,Hobby Lords,Orruk Warclans: Orruk Brutes,110.35,in_stock,https://www.hobbylords.co.nz/products/single/orruk-warclans-orruk-brutes,
2026-05-24 21:59:51,Hobby Lords,Space Marines: Gladiator,,not_carried,,
2026-05-24 21:59:51,Hobby Lords,Space Marines: Primaris Intercessors,120.00,in_stock,https://www.hobbylords.co.nz/products/single/space-marines-intercessors,
2026-05-24 22:00:01,Hobby Lords,Space Marines Primaris Librarian,,not_carried,,
2026-05-24 22:00:01,Hobby Lords,Space Marines Primaris Reivers,120.00,in_stock,https://www.hobbylords.co.nz/products/single/space-marines-primaris-reivers,
2026-05-24 22:00:11,Hobby Lords,Sylvaneth: Tree-Revenants,93.00,in_stock,https://www.hobbylords.co.nz/products/single/sylvaneth-tree-revenants,
2026-05-24 22:00:19,Hobby Lords,Warhammer 40000: Introductory Set,100.00,in_stock,https://www.hobbylords.co.nz/products/single/warhammer-40000-introductory-set,
2026-05-24 22:00:28,Hobby Master,Age Of Sigmar: Introductory Set,97.00,out_of_stock,https://hobbymaster.co.nz/products/product/43416,
2026-05-24 22:00:32,Hobby Master,Death Guard: Plague Marine Champion,54.00,in_stock,https://hobbymaster.co.nz/products/product/40411,
2026-05-24 22:00:35,Hobby Master,Genestealer Cults: Biophagus,54.00,in_stock,https://hobbymaster.co.nz/products/product/31527,
2026-05-24 22:00:38,Hobby Master,Orruk Warclans: Ardboy Big Boss,75.00,in_stock,https://hobbymaster.co.nz/products/product/41743,
2026-05-24 22:00:41,Hobby Master,Orruk Warclans: Orruk Brutes,110.00,in_stock,https://hobbymaster.co.nz/products/product/37181,
2026-05-24 22:00:45,Hobby Master,Space Marines: Gladiator,174.00,in_stock,https://hobbymaster.co.nz/products/product/36228,
2026-05-24 22:00:49,Hobby Master,Space Marines: Primaris Intercessors,118.00,in_stock,https://hobbymaster.co.nz/products/product/28412,
2026-05-24 22:00:53,Hobby Master,Space Marines Primaris Librarian,75.00,in_stock,https://hobbymaster.co.nz/products/product/28221,
2026-05-24 22:00:57,Hobby Master,Space Marines Primaris Reivers,118.00,in_stock,https://hobbymaster.co.nz/products/product/28086,
2026-05-24 22:01:00,Hobby Master,Sylvaneth: Tree-Revenants,92.00,in_stock,https://hobbymaster.co.nz/products/product/39777,
2026-05-24 22:01:04,Hobby Master,Warhammer 40000: Introductory Set,99.00,in_stock,https://hobbymaster.co.nz/products/product/41316,
2026-05-24 22:01:06,Iron Knight,Age Of Sigmar: Introductory Set,64.15,in_stock,https://ironknightgaming.co.nz/products/warhammer-age-of-sigmar-introductory-set,
2026-05-24 22:01:10,Iron Knight,Death Guard: Plague Marine Champion,,not_carried,,
2026-05-24 22:01:10,Iron Knight,Genestealer Cults: Biophagus,,not_carried,,
2026-05-24 22:01:10,Iron Knight,Orruk Warclans: Ardboy Big Boss,,not_carried,,
2026-05-24 22:01:10,Iron Knight,Orruk Warclans: Orruk Brutes,72.55,in_stock,https://ironknightgaming.co.nz/products/orruk-warclans-orruk-brutes,
2026-05-24 22:01:13,Iron Knight,Space Marines Primaris Librarian,,not_carried,,
2026-05-24 22:01:13,Iron Knight,Space Marines Primaris Reivers,,not_carried,,
2026-05-24 22:01:13,Iron Knight,Space Marines: Gladiator,110.92,in_stock,https://ironknightgaming.co.nz/products/space-marines-gladiator,
2026-05-24 22:01:17,Iron Knight,Space Marines: Primaris Intercessors,77.94,in_stock,https://ironknightgaming.co.nz/products/space-marines-primaris-intercessors,
2026-05-24 22:01:20,Iron Knight,Sylvaneth: Tree-Revenants,,not_carried,,
2026-05-24 22:01:20,Iron Knight,Warhammer 40000: Introductory Set,61.16,in_stock,https://ironknightgaming.co.nz/products/warhammer-40000-introductory-set,
2026-05-24 22:01:23,Mighty Ape,Age Of Sigmar: Introductory Set,,manual,https://www.mightyape.co.nz/mn/buy/mighty-ape-warhammer-age-of-sigmar-introductory-set-39006494/,Cloudflare protected — update manually
2026-05-24 22:01:26,Mighty Ape,Death Guard: Plague Marine Champion,,not_carried,,
2026-05-24 22:01:26,Mighty Ape,Genestealer Cults: Biophagus,,manual,https://www.mightyape.co.nz/mn/buy/mighty-ape-warhammer-40000-genestealer-cults-biophagus-29189815/,Cloudflare protected — update manually
2026-05-24 22:01:28,Mighty Ape,Orruk Warclans: Ardboy Big Boss,,not_carried,,
2026-05-24 22:01:28,Mighty Ape,Orruk Warclans: Orruk Brutes,,manual,https://www.mightyape.co.nz/mn/buy/mighty-ape-ironjawz-orruk-brutes-25217197/,Cloudflare protected — update manually
2026-05-24 22:01:30,Mighty Ape,Space Marines: Gladiator,,manual,https://www.mightyape.co.nz/product/warhammer-40000-space-marine-gladiator/34016507,Cloudflare protected — update manually
2026-05-24 22:01:32,Mighty Ape,Space Marines: Primaris Intercessors,,manual,https://www.mightyape.co.nz/mn/buy/mighty-ape-warhammer-40000-space-marine-primaris-intercessors-26859092/,Cloudflare protected — update manually
2026-05-24 22:01:34,Mighty Ape,Space Marines Primaris Librarian,,manual,https://www.mightyape.co.nz/product/warhammer-40000-space-marine-primaris-librarian/26853441,Cloudflare protected — update manually
2026-05-24 22:01:36,Mighty Ape,Space Marines Primaris Reivers,,manual,https://www.mightyape.co.nz/product/warhammer-40000-space-marine-primaris-reivers/26856277,Cloudflare protected — update manually
2026-05-24 22:01:38,Mighty Ape,Sylvaneth: Tree-Revenants,,manual,https://www.mightyape.co.nz/product/sylvaneth-tree-revenants/25522630,Cloudflare protected — update manually
2026-05-24 22:01:40,Mighty Ape,Warhammer 40000: Introductory Set,,manual,https://www.mightyape.co.nz/mn/buy/mighty-ape-warhammer-40000-introductory-set-37875024/,Cloudflare protected — update manually
2026-05-24 22:01:42,Nova Games,Age Of Sigmar: Introductory Set,96.50,in_stock,https://novagames.co.nz/products/age-of-sigmar-introductory-set,
2026-05-24 22:01:46,Nova Games,Death Guard: Plague Marine Champion,,not_carried,,
2026-05-24 22:01:46,Nova Games,Orruk Warclans: Ardboy Big Boss,71.00,in_stock,https://novagames.co.nz/products/ardboy-big-boss,
2026-05-24 22:01:49,Nova Games,Orruk Warclans: Orruk Brutes,109.00,in_stock,https://novagames.co.nz/products/orruk-brutes,
2026-05-24 22:01:51,Nova Games,Space Marines Primaris Librarian,,not_carried,,
2026-05-24 22:01:51,Nova Games,Space Marines Primaris Reivers,,not_carried,,
2026-05-24 22:01:51,Nova Games,Space Marines: Gladiator,,not_carried,,
2026-05-24 22:01:51,Nova Games,Space Marines: Primaris Intercessors,117.00,in_stock,https://novagames.co.nz/products/intercessors,
2026-05-24 22:01:53,Nova Games,Sylvaneth: Tree-Revenants,,not_carried,,
2026-05-24 22:01:53,Nova Games,Warhammer 40000: Introductory Set,98.50,in_stock,https://novagames.co.nz/products/warhammer-40-000-introductory-set,
2026-05-24 22:01:56,Nova Games,Genestealer Cults: Biophagus,,not_carried,,
2026-05-24 22:01:56,Vagabond,Age Of Sigmar: Introductory Set,96.00,out_of_stock,https://vagabond.co.nz/warhammer-age-of-sigmar-introductory-set-2024/,
2026-05-24 22:01:59,Vagabond,Death Guard: Plague Marine Champion,51.00,in_stock,https://vagabond.co.nz/death-guard-plague-marine-champion/,
2026-05-24 22:02:02,Vagabond,Genestealer Cults: Biophagus,,not_carried,,
2026-05-24 22:02:02,Vagabond,Orruk Warclans: Ardboy Big Boss,66.50,in_stock,https://vagabond.co.nz/orruk-warclans-ardboy-big-boss,
2026-05-24 22:02:05,Vagabond,Orruk Warclans: Orruk Brutes,94.50,in_stock,https://vagabond.co.nz/ironjawz-orruk-brutes/,
2026-05-24 22:02:08,Vagabond,Space Marines: Gladiator,166.50,out_of_stock,https://vagabond.co.nz/space-marines-gladiator/,
2026-05-24 22:02:11,Vagabond,Space Marines: Primaris Intercessors,117.00,in_stock,https://vagabond.co.nz/space-marines-primaris-intercessors/,
2026-05-24 22:02:13,Vagabond,Space Marines Primaris Librarian,,not_carried,,
2026-05-24 22:02:13,Vagabond,Space Marines Primaris Reivers,117.00,in_stock,https://vagabond.co.nz/space-marines-primaris-reivers/,
2026-05-24 22:02:17,Vagabond,Sylvaneth: Tree-Revenants,,not_carried,,
2026-05-24 22:02:17,Vagabond,Warhammer 40000: Introductory Set,98.00,out_of_stock,https://vagabond.co.nz/warhammer-40-000-introductory-set/,
2026-05-31 22:02:14,Bea DnD,Age Of Sigmar: Introductory Set,90.00,in_stock,https://www.beadndgames.co.nz/products/warhammer-age-of-sigmar-introductory-set,
2026-05-31 22:02:17,Bea DnD,Death Guard: Plague Marine Champion,53.00,in_stock,https://www.beadndgames.co.nz/products/death-guard-plague-marine-champion-warhammer-40-000,
2026-05-31 22:02:20,Bea DnD,Genestealer Cults: Biophagus,,not_carried,,
2026-05-31 22:02:20,Bea DnD,Orruk Warclans: Ardboy Big Boss,,not_carried,,
2026-05-31 22:02:20,Bea DnD,Orruk Warclans: Orruk Brutes,,not_carried,,
2026-05-31 22:02:20,Bea DnD,Space Marines: Gladiator,,not_carried,,
2026-05-31 22:02:20,Bea DnD,Space Marines: Primaris Intercessors,120.00,in_stock,https://www.beadndgames.co.nz/products/space-marines-primaris-intercessors-warhammer-40-000,
2026-05-31 22:02:23,Bea DnD,Space Marines Primaris Librarian,62.40,in_stock,https://www.beadndgames.co.nz/products/space-marines-primaris-librarian-warhammer-40-000,
2026-05-31 22:02:27,Bea DnD,Space Marines Primaris Reivers,,not_carried,,
2026-05-31 22:02:27,Bea DnD,Sylvaneth: Tree-Revenants,82.00,in_stock,https://www.beadndgames.co.nz/products/sylvaneth-tree-revenants-warhammer-age-of-sigmar,
2026-05-31 22:02:29,Bea DnD,Warhammer 40000: Introductory Set,76.00,in_stock,https://www.beadndgames.co.nz/products/warhammer-40-000-introductory-set-start-your-warhammer-journey,
2026-05-31 22:02:31,Games Lab,Age Of Sigmar: Introductory Set,90.00,in_stock,https://www.gameslab.co.nz/products/Age-Of-Sigmar-Introductory-Set-p686464525,
2026-05-31 22:02:35,Games Lab,Death Guard: Plague Marine Champion,,not_carried,,
2026-05-31 22:02:35,Games Lab,Genestealer Cults: Biophagus,,not_carried,,
2026-05-31 22:02:35,Games Lab,Orruk Warclans: Ardboy Big Boss,,not_carried,,
2026-05-31 22:02:35,Games Lab,Orruk Warclans: Orruk Brutes,,not_carried,,
2026-05-31 22:02:35,Games Lab,Space Marines: Gladiator,158.00,out_of_stock,https://www.gameslab.co.nz/products/Space-Marine-Gladiator-p689900566,
2026-05-31 22:02:39,Games Lab,Space Marines: Primaris Intercessors,117.00,in_stock,https://www.gameslab.co.nz/products/Space-Marines-Primaris-Intercessors-p605967672,
2026-05-31 22:02:43,Games Lab,Space Marines Primaris Librarian,69.99,out_of_stock,https://www.gameslab.co.nz/products/Space-Marines-Primaris-Librarian-p651995264,
2026-05-31 22:02:47,Games Lab,Space Marines Primaris Reivers,109.00,out_of_stock,https://www.gameslab.co.nz/products/Space-Marines-Primaris-Reivers-p696127817,
2026-05-31 22:02:50,Games Lab,Sylvaneth: Tree-Revenants,81.00,in_stock,https://www.gameslab.co.nz/products/Sylvaneth-Tree-Revenants-p695852248,
2026-05-31 22:02:54,Games Lab,Warhammer 40000: Introductory Set,98.00,out_of_stock,https://www.gameslab.co.nz/products/Warhammer-40-000-Introductory-Set-p604427018,
2026-05-31 22:02:57,Goblin Games,Age Of Sigmar: Introductory Set,100.00,in_stock,https://goblingames.nz/products/warhammer-age-of-sigmar-introductory-set,
2026-05-31 22:03:00,Goblin Games,Death Guard: Plague Marine Champion,,not_carried,,
2026-05-31 22:03:00,Goblin Games,Genestealer Cults: Biophagus,,not_carried,,
2026-05-31 22:03:00,Goblin Games,Orruk Warclans: Ardboy Big Boss,,not_carried,,
2026-05-31 22:03:00,Goblin Games,Orruk Warclans: Orruk Brutes,113.00,in_stock,https://goblingames.nz/products/orruk-warclans-orruk-brutes,
2026-05-31 22:03:04,Goblin Games,Space Marines Primaris Librarian,,not_carried,,
2026-05-31 22:03:04,Goblin Games,Space Marines Primaris Reivers,124.50,in_stock,https://goblingames.nz/products/space-marines-primaris-reivers-1,
2026-05-31 22:03:07,Goblin Games,Space Marines: Gladiator,191.00,in_stock,https://goblingames.nz/products/space-marines-gladiator,
2026-05-31 22:03:09,Goblin Games,Space Marines: Primaris Intercessors,130.00,in_stock,https://goblingames.nz/products/space-marines-intercessors,
2026-05-31 22:03:12,Goblin Games,Sylvaneth: Tree-Revenants,95.00,in_stock,https://goblingames.nz/products/sylvaneth-tree-revenants,
2026-05-31 22:03:16,Goblin Games,Warhammer 40000: Introductory Set,,not_carried,,
2026-05-31 22:03:16,Hobby Collective,Age Of Sigmar: Introductory Set,85.60,in_stock,https://thehobbycollective.co.nz/warhammer-age-of-sigmar-introductory-set,
2026-05-31 22:03:19,Hobby Collective,Death Guard: Plague Marine Champion,,not_carried,,
2026-05-31 22:03:19,Hobby Collective,Genestealer Cults: Biophagus,,not_carried,,
2026-05-31 22:03:19,Hobby Collective,Orruk Warclans: Ardboy Big Boss,,not_carried,,
2026-05-31 22:03:19,Hobby Collective,Orruk Warclans: Orruk Brutes,,not_carried,,
2026-05-31 22:03:19,Hobby Collective,Space Marines Primaris Librarian,,not_carried,,
2026-05-31 22:03:19,Hobby Collective,Space Marines Primaris Reivers,,not_carried,,
2026-05-31 22:03:19,Hobby Collective,Space Marines: Gladiator,152.80,in_stock,https://thehobbycollective.co.nz/space-marines-gladiator-impulsor-lancer-valiant-reaper/,
2026-05-31 22:03:21,Hobby Collective,Space Marines: Primaris Intercessors,104.00,in_stock,https://thehobbycollective.co.nz/space-marines-primaris-intercessors/,
2026-05-31 22:03:24,Hobby Collective,Sylvaneth: Tree-Revenants,,not_carried,,
2026-05-31 22:03:24,Hobby Collective,Warhammer 40000: Introductory Set,87.20,in_stock,https://thehobbycollective.co.nz/warhammer-40-000-introductory-set/,
2026-05-31 22:03:27,Hobby Lords,Age Of Sigmar: Introductory Set,98.00,in_stock,https://www.hobbylords.co.nz/products/single/age-of-sigmar:-introductory-set,
2026-05-31 22:03:35,Hobby Lords,Death Guard: Plague Marine Champion,55.00,in_stock,https://www.hobbylords.co.nz/products/single/death-guard-plague-marine-champion,
2026-05-31 22:03:45,Hobby Lords,Genestealer Cults: Biophagus,,not_carried,,
2026-05-31 22:03:45,Hobby Lords,Orruk Warclans: Ardboy Big Boss,,not_carried,,
2026-05-31 22:03:45,Hobby Lords,Orruk Warclans: Orruk Brutes,110.35,in_stock,https://www.hobbylords.co.nz/products/single/orruk-warclans-orruk-brutes,
2026-05-31 22:03:54,Hobby Lords,Space Marines: Gladiator,,not_carried,,
2026-05-31 22:03:54,Hobby Lords,Space Marines: Primaris Intercessors,120.00,in_stock,https://www.hobbylords.co.nz/products/single/space-marines-intercessors,
2026-05-31 22:04:02,Hobby Lords,Space Marines Primaris Librarian,,not_carried,,
2026-05-31 22:04:02,Hobby Lords,Space Marines Primaris Reivers,120.00,in_stock,https://www.hobbylords.co.nz/products/single/space-marines-primaris-reivers,
2026-05-31 22:04:11,Hobby Lords,Sylvaneth: Tree-Revenants,93.00,in_stock,https://www.hobbylords.co.nz/products/single/sylvaneth-tree-revenants,
2026-05-31 22:04:19,Hobby Lords,Warhammer 40000: Introductory Set,100.00,in_stock,https://www.hobbylords.co.nz/products/single/warhammer-40000-introductory-set,
2026-05-31 22:04:28,Hobby Master,Age Of Sigmar: Introductory Set,97.00,out_of_stock,https://hobbymaster.co.nz/products/product/43416,
2026-05-31 22:04:31,Hobby Master,Death Guard: Plague Marine Champion,54.00,in_stock,https://hobbymaster.co.nz/products/product/40411,
2026-05-31 22:04:34,Hobby Master,Genestealer Cults: Biophagus,54.00,in_stock,https://hobbymaster.co.nz/products/product/31527,
2026-05-31 22:04:42,Hobby Master,Orruk Warclans: Ardboy Big Boss,75.00,in_stock,https://hobbymaster.co.nz/products/product/41743,
2026-05-31 22:04:45,Hobby Master,Orruk Warclans: Orruk Brutes,110.00,in_stock,https://hobbymaster.co.nz/products/product/37181,
2026-05-31 22:04:48,Hobby Master,Space Marines: Gladiator,174.00,in_stock,https://hobbymaster.co.nz/products/product/36228,
2026-05-31 22:04:51,Hobby Master,Space Marines: Primaris Intercessors,118.00,out_of_stock,https://hobbymaster.co.nz/products/product/28412,
2026-05-31 22:04:55,Hobby Master,Space Marines Primaris Librarian,75.00,in_stock,https://hobbymaster.co.nz/products/product/28221,
2026-05-31 22:04:58,Hobby Master,Space Marines Primaris Reivers,118.00,in_stock,https://hobbymaster.co.nz/products/product/28086,
2026-05-31 22:05:00,Hobby Master,Sylvaneth: Tree-Revenants,92.00,in_stock,https://hobbymaster.co.nz/products/product/39777,
2026-05-31 22:05:02,Hobby Master,Warhammer 40000: Introductory Set,99.00,in_stock,https://hobbymaster.co.nz/products/product/41316,
2026-05-31 22:05:05,Iron Knight,Age Of Sigmar: Introductory Set,65.17,in_stock,https://ironknightgaming.co.nz/products/warhammer-age-of-sigmar-introductory-set,
2026-05-31 22:05:07,Iron Knight,Death Guard: Plague Marine Champion,,not_carried,,
2026-05-31 22:05:07,Iron Knight,Genestealer Cults: Biophagus,,not_carried,,
2026-05-31 22:05:07,Iron Knight,Orruk Warclans: Ardboy Big Boss,,not_carried,,
2026-05-31 22:05:07,Iron Knight,Orruk Warclans: Orruk Brutes,73.69,in_stock,https://ironknightgaming.co.nz/products/orruk-warclans-orruk-brutes,
2026-05-31 22:05:10,Iron Knight,Space Marines Primaris Librarian,,not_carried,,
2026-05-31 22:05:10,Iron Knight,Space Marines Primaris Reivers,,not_carried,,
2026-05-31 22:05:10,Iron Knight,Space Marines: Gladiator,112.67,in_stock,https://ironknightgaming.co.nz/products/space-marines-gladiator,
2026-05-31 22:05:13,Iron Knight,Space Marines: Primaris Intercessors,79.17,in_stock,https://ironknightgaming.co.nz/products/space-marines-primaris-intercessors,
2026-05-31 22:05:16,Iron Knight,Sylvaneth: Tree-Revenants,,not_carried,,
2026-05-31 22:05:16,Iron Knight,Warhammer 40000: Introductory Set,62.12,in_stock,https://ironknightgaming.co.nz/products/warhammer-40000-introductory-set,
2026-05-31 22:05:19,Mighty Ape,Age Of Sigmar: Introductory Set,,manual,https://www.mightyape.co.nz/mn/buy/mighty-ape-warhammer-age-of-sigmar-introductory-set-39006494/,Cloudflare protected — update manually
2026-05-31 22:05:21,Mighty Ape,Death Guard: Plague Marine Champion,,not_carried,,
2026-05-31 22:05:21,Mighty Ape,Genestealer Cults: Biophagus,,manual,https://www.mightyape.co.nz/mn/buy/mighty-ape-warhammer-40000-genestealer-cults-biophagus-29189815/,Cloudflare protected — update manually
2026-05-31 22:05:23,Mighty Ape,Orruk Warclans: Ardboy Big Boss,,not_carried,,
2026-05-31 22:05:23,Mighty Ape,Orruk Warclans: Orruk Brutes,,manual,https://www.mightyape.co.nz/mn/buy/mighty-ape-ironjawz-orruk-brutes-25217197/,Cloudflare protected — update manually
2026-05-31 22:05:25,Mighty Ape,Space Marines: Gladiator,,manual,https://www.mightyape.co.nz/product/warhammer-40000-space-marine-gladiator/34016507,Cloudflare protected — update manually
2026-05-31 22:05:28,Mighty Ape,Space Marines: Primaris Intercessors,,manual,https://www.mightyape.co.nz/mn/buy/mighty-ape-warhammer-40000-space-marine-primaris-intercessors-26859092/,Cloudflare protected — update manually
2026-05-31 22:05:30,Mighty Ape,Space Marines Primaris Librarian,,manual,https://www.mightyape.co.nz/product/warhammer-40000-space-marine-primaris-librarian/26853441,Cloudflare protected — update manually
2026-05-31 22:05:33,Mighty Ape,Space Marines Primaris Reivers,,manual,https://www.mightyape.co.nz/product/warhammer-40000-space-marine-primaris-reivers/26856277,Cloudflare protected — update manually
2026-05-31 22:05:36,Mighty Ape,Sylvaneth: Tree-Revenants,,manual,https://www.mightyape.co.nz/product/sylvaneth-tree-revenants/25522630,Cloudflare protected — update manually
2026-05-31 22:05:37,Mighty Ape,Warhammer 40000: Introductory Set,,manual,https://www.mightyape.co.nz/mn/buy/mighty-ape-warhammer-40000-introductory-set-37875024/,Cloudflare protected — update manually
2026-05-31 22:05:40,Nova Games,Age Of Sigmar: Introductory Set,96.50,in_stock,https://novagames.co.nz/products/age-of-sigmar-introductory-set,
2026-05-31 22:05:43,Nova Games,Death Guard: Plague Marine Champion,,not_carried,,
2026-05-31 22:05:43,Nova Games,Orruk Warclans: Ardboy Big Boss,71.00,in_stock,https://novagames.co.nz/products/ardboy-big-boss,
2026-05-31 22:05:47,Nova Games,Orruk Warclans: Orruk Brutes,109.00,in_stock,https://novagames.co.nz/products/orruk-brutes,
2026-05-31 22:05:50,Nova Games,Space Marines Primaris Librarian,,not_carried,,
2026-05-31 22:05:50,Nova Games,Space Marines Primaris Reivers,,not_carried,,
2026-05-31 22:05:50,Nova Games,Space Marines: Gladiator,,not_carried,,
2026-05-31 22:05:50,Nova Games,Space Marines: Primaris Intercessors,117.00,in_stock,https://novagames.co.nz/products/intercessors,
2026-05-31 22:05:52,Nova Games,Sylvaneth: Tree-Revenants,,not_carried,,
2026-05-31 22:05:52,Nova Games,Warhammer 40000: Introductory Set,98.50,in_stock,https://novagames.co.nz/products/warhammer-40-000-introductory-set,
2026-05-31 22:05:54,Nova Games,Genestealer Cults: Biophagus,,not_carried,,
2026-05-31 22:05:54,Vagabond,Age Of Sigmar: Introductory Set,96.00,out_of_stock,https://vagabond.co.nz/warhammer-age-of-sigmar-introductory-set-2024/,
2026-05-31 22:05:58,Vagabond,Death Guard: Plague Marine Champion,51.00,in_stock,https://vagabond.co.nz/death-guard-plague-marine-champion/,
2026-05-31 22:06:01,Vagabond,Genestealer Cults: Biophagus,,not_carried,,
2026-05-31 22:06:01,Vagabond,Orruk Warclans: Ardboy Big Boss,66.50,in_stock,https://vagabond.co.nz/orruk-warclans-ardboy-big-boss,
2026-05-31 22:06:05,Vagabond,Orruk Warclans: Orruk Brutes,94.50,in_stock,https://vagabond.co.nz/ironjawz-orruk-brutes/,
2026-05-31 22:06:07,Vagabond,Space Marines: Gladiator,166.50,out_of_stock,https://vagabond.co.nz/space-marines-gladiator/,
2026-05-31 22:06:10,Vagabond,Space Marines: Primaris Intercessors,117.00,in_stock,https://vagabond.co.nz/space-marines-primaris-intercessors/,
2026-05-31 22:06:12,Vagabond,Space Marines Primaris Librarian,,not_carried,,
2026-05-31 22:06:12,Vagabond,Space Marines Primaris Reivers,117.00,in_stock,https://vagabond.co.nz/space-marines-primaris-reivers/,
2026-05-31 22:06:15,Vagabond,Sylvaneth: Tree-Revenants,,not_carried,,
2026-05-31 22:06:15,Vagabond,Warhammer 40000: Introductory Set,98.00,out_of_stock,https://vagabond.co.nz/warhammer-40-000-introductory-set/,
2026-06-07 22:06:14,Bea DnD,Age Of Sigmar: Introductory Set,90.00,in_stock,https://www.beadndgames.co.nz/products/warhammer-age-of-sigmar-introductory-set,
2026-06-07 22:06:17,Bea DnD,Death Guard: Plague Marine Champion,53.00,in_stock,https://www.beadndgames.co.nz/products/death-guard-plague-marine-champion-warhammer-40-000,
2026-06-07 22:06:19,Bea DnD,Genestealer Cults: Biophagus,,not_carried,,
2026-06-07 22:06:19,Bea DnD,Orruk Warclans: Ardboy Big Boss,,not_carried,,
2026-06-07 22:06:19,Bea DnD,Orruk Warclans: Orruk Brutes,,not_carried,,
2026-06-07 22:06:19,Bea DnD,Space Marines: Gladiator,,not_carried,,
2026-06-07 22:06:19,Bea DnD,Space Marines: Primaris Intercessors,120.00,in_stock,https://www.beadndgames.co.nz/products/space-marines-primaris-intercessors-warhammer-40-000,
2026-06-07 22:06:21,Bea DnD,Space Marines Primaris Librarian,78.00,in_stock,https://www.beadndgames.co.nz/products/space-marines-primaris-librarian-warhammer-40-000,
2026-06-07 22:06:24,Bea DnD,Space Marines Primaris Reivers,,not_carried,,
2026-06-07 22:06:24,Bea DnD,Sylvaneth: Tree-Revenants,82.00,in_stock,https://www.beadndgames.co.nz/products/sylvaneth-tree-revenants-warhammer-age-of-sigmar,
2026-06-07 22:06:28,Bea DnD,Warhammer 40000: Introductory Set,95.00,in_stock,https://www.beadndgames.co.nz/products/warhammer-40-000-introductory-set-start-your-warhammer-journey,
2026-06-07 22:06:31,Games Lab,Age Of Sigmar: Introductory Set,90.00,in_stock,https://www.gameslab.co.nz/products/Age-Of-Sigmar-Introductory-Set-p686464525,
2026-06-07 22:06:34,Games Lab,Death Guard: Plague Marine Champion,,not_carried,,
2026-06-07 22:06:34,Games Lab,Genestealer Cults: Biophagus,,not_carried,,
2026-06-07 22:06:34,Games Lab,Orruk Warclans: Ardboy Big Boss,,not_carried,,
2026-06-07 22:06:34,Games Lab,Orruk Warclans: Orruk Brutes,,not_carried,,
2026-06-07 22:06:34,Games Lab,Space Marines: Gladiator,158.00,out_of_stock,https://www.gameslab.co.nz/products/Space-Marine-Gladiator-p689900566,
2026-06-07 22:06:37,Games Lab,Space Marines: Primaris Intercessors,117.00,in_stock,https://www.gameslab.co.nz/products/Space-Marines-Primaris-Intercessors-p605967672,
2026-06-07 22:06:40,Games Lab,Space Marines Primaris Librarian,69.99,out_of_stock,https://www.gameslab.co.nz/products/Space-Marines-Primaris-Librarian-p651995264,
2026-06-07 22:06:43,Games Lab,Space Marines Primaris Reivers,109.00,out_of_stock,https://www.gameslab.co.nz/products/Space-Marines-Primaris-Reivers-p696127817,
2026-06-07 22:06:46,Games Lab,Sylvaneth: Tree-Revenants,81.00,in_stock,https://www.gameslab.co.nz/products/Sylvaneth-Tree-Revenants-p695852248,
2026-06-07 22:06:51,Games Lab,Warhammer 40000: Introductory Set,98.00,out_of_stock,https://www.gameslab.co.nz/products/Warhammer-40-000-Introductory-Set-p604427018,
2026-06-07 22:06:53,Goblin Games,Age Of Sigmar: Introductory Set,100.00,in_stock,https://goblingames.nz/products/warhammer-age-of-sigmar-introductory-set,
2026-06-07 22:06:56,Goblin Games,Death Guard: Plague Marine Champion,,not_carried,,
2026-06-07 22:06:56,Goblin Games,Genestealer Cults: Biophagus,,not_carried,,
2026-06-07 22:06:56,Goblin Games,Orruk Warclans: Ardboy Big Boss,,not_carried,,
2026-06-07 22:06:56,Goblin Games,Orruk Warclans: Orruk Brutes,113.00,in_stock,https://goblingames.nz/products/orruk-warclans-orruk-brutes,
2026-06-07 22:06:59,Goblin Games,Space Marines Primaris Librarian,,not_carried,,
2026-06-07 22:06:59,Goblin Games,Space Marines Primaris Reivers,124.50,in_stock,https://goblingames.nz/products/space-marines-primaris-reivers-1,
2026-06-07 22:07:01,Goblin Games,Space Marines: Gladiator,191.00,in_stock,https://goblingames.nz/products/space-marines-gladiator,
2026-06-07 22:07:04,Goblin Games,Space Marines: Primaris Intercessors,130.00,in_stock,https://goblingames.nz/products/space-marines-intercessors,
2026-06-07 22:07:08,Goblin Games,Sylvaneth: Tree-Revenants,95.00,in_stock,https://goblingames.nz/products/sylvaneth-tree-revenants,
2026-06-07 22:07:09,Goblin Games,Warhammer 40000: Introductory Set,,not_carried,,
2026-06-07 22:07:09,Hobby Collective,Age Of Sigmar: Introductory Set,85.60,in_stock,https://thehobbycollective.co.nz/warhammer-age-of-sigmar-introductory-set,
2026-06-07 22:07:12,Hobby Collective,Death Guard: Plague Marine Champion,,not_carried,,
2026-06-07 22:07:12,Hobby Collective,Genestealer Cults: Biophagus,,not_carried,,
2026-06-07 22:07:12,Hobby Collective,Orruk Warclans: Ardboy Big Boss,,not_carried,,
2026-06-07 22:07:12,Hobby Collective,Orruk Warclans: Orruk Brutes,,not_carried,,
2026-06-07 22:07:12,Hobby Collective,Space Marines Primaris Librarian,,not_carried,,
2026-06-07 22:07:12,Hobby Collective,Space Marines Primaris Reivers,,not_carried,,
2026-06-07 22:07:12,Hobby Collective,Space Marines: Gladiator,152.80,in_stock,https://thehobbycollective.co.nz/space-marines-gladiator-impulsor-lancer-valiant-reaper/,
2026-06-07 22:07:15,Hobby Collective,Space Marines: Primaris Intercessors,104.00,in_stock,https://thehobbycollective.co.nz/space-marines-primaris-intercessors/,
2026-06-07 22:07:17,Hobby Collective,Sylvaneth: Tree-Revenants,,not_carried,,
2026-06-07 22:07:17,Hobby Collective,Warhammer 40000: Introductory Set,87.20,in_stock,https://thehobbycollective.co.nz/warhammer-40-000-introductory-set/,
2026-06-07 22:07:20,Hobby Lords,Age Of Sigmar: Introductory Set,98.00,in_stock,https://www.hobbylords.co.nz/products/single/age-of-sigmar:-introductory-set,
2026-06-07 22:07:30,Hobby Lords,Death Guard: Plague Marine Champion,55.00,in_stock,https://www.hobbylords.co.nz/products/single/death-guard-plague-marine-champion,
2026-06-07 22:07:38,Hobby Lords,Genestealer Cults: Biophagus,,not_carried,,
2026-06-07 22:07:38,Hobby Lords,Orruk Warclans: Ardboy Big Boss,,not_carried,,
2026-06-07 22:07:38,Hobby Lords,Orruk Warclans: Orruk Brutes,110.35,in_stock,https://www.hobbylords.co.nz/products/single/orruk-warclans-orruk-brutes,
2026-06-07 22:07:48,Hobby Lords,Space Marines: Gladiator,,not_carried,,
2026-06-07 22:07:48,Hobby Lords,Space Marines: Primaris Intercessors,120.00,in_stock,https://www.hobbylords.co.nz/products/single/space-marines-intercessors,
2026-06-07 22:07:56,Hobby Lords,Space Marines Primaris Librarian,,not_carried,,
2026-06-07 22:07:56,Hobby Lords,Space Marines Primaris Reivers,120.00,in_stock,https://www.hobbylords.co.nz/products/single/space-marines-primaris-reivers,
2026-06-07 22:08:04,Hobby Lords,Sylvaneth: Tree-Revenants,93.00,in_stock,https://www.hobbylords.co.nz/products/single/sylvaneth-tree-revenants,
2026-06-07 22:08:11,Hobby Lords,Warhammer 40000: Introductory Set,100.00,in_stock,https://www.hobbylords.co.nz/products/single/warhammer-40000-introductory-set,
2026-06-07 22:08:19,Hobby Master,Age Of Sigmar: Introductory Set,97.00,in_stock,https://hobbymaster.co.nz/products/product/43416,
2026-06-07 22:08:22,Hobby Master,Death Guard: Plague Marine Champion,54.00,in_stock,https://hobbymaster.co.nz/products/product/40411,
2026-06-07 22:08:26,Hobby Master,Genestealer Cults: Biophagus,54.00,in_stock,https://hobbymaster.co.nz/products/product/31527,
2026-06-07 22:08:28,Hobby Master,Orruk Warclans: Ardboy Big Boss,75.00,in_stock,https://hobbymaster.co.nz/products/product/41743,
2026-06-07 22:08:31,Hobby Master,Orruk Warclans: Orruk Brutes,110.00,in_stock,https://hobbymaster.co.nz/products/product/37181,
2026-06-07 22:08:33,Hobby Master,Space Marines: Gladiator,174.00,in_stock,https://hobbymaster.co.nz/products/product/36228,
2026-06-07 22:08:36,Hobby Master,Space Marines: Primaris Intercessors,118.00,out_of_stock,https://hobbymaster.co.nz/products/product/28412,
2026-06-07 22:08:39,Hobby Master,Space Marines Primaris Librarian,75.00,in_stock,https://hobbymaster.co.nz/products/product/28221,
2026-06-07 22:08:43,Hobby Master,Space Marines Primaris Reivers,118.00,in_stock,https://hobbymaster.co.nz/products/product/28086,
2026-06-07 22:08:46,Hobby Master,Sylvaneth: Tree-Revenants,92.00,in_stock,https://hobbymaster.co.nz/products/product/39777,
2026-06-07 22:08:50,Hobby Master,Warhammer 40000: Introductory Set,99.00,in_stock,https://hobbymaster.co.nz/products/product/41316,
2026-06-07 22:08:52,Iron Knight,Age Of Sigmar: Introductory Set,63.13,in_stock,https://ironknightgaming.co.nz/products/warhammer-age-of-sigmar-introductory-set,
2026-06-07 22:08:56,Iron Knight,Death Guard: Plague Marine Champion,,not_carried,,
2026-06-07 22:08:56,Iron Knight,Genestealer Cults: Biophagus,,not_carried,,
2026-06-07 22:08:56,Iron Knight,Orruk Warclans: Ardboy Big Boss,,not_carried,,
2026-06-07 22:08:56,Iron Knight,Orruk Warclans: Orruk Brutes,71.40,in_stock,https://ironknightgaming.co.nz/products/orruk-warclans-orruk-brutes,
2026-06-07 22:08:59,Iron Knight,Space Marines Primaris Librarian,,not_carried,,
2026-06-07 22:08:59,Iron Knight,Space Marines Primaris Reivers,,not_carried,,
2026-06-07 22:08:59,Iron Knight,Space Marines: Gladiator,109.16,in_stock,https://ironknightgaming.co.nz/products/space-marines-gladiator,
2026-06-07 22:09:02,Iron Knight,Space Marines: Primaris Intercessors,76.71,in_stock,https://ironknightgaming.co.nz/products/space-marines-primaris-intercessors,
2026-06-07 22:09:04,Iron Knight,Sylvaneth: Tree-Revenants,,not_carried,,
2026-06-07 22:09:04,Iron Knight,Warhammer 40000: Introductory Set,60.18,in_stock,https://ironknightgaming.co.nz/products/warhammer-40000-introductory-set,
2026-06-07 22:09:05,Mighty Ape,Age Of Sigmar: Introductory Set,,manual,https://www.mightyape.co.nz/mn/buy/mighty-ape-warhammer-age-of-sigmar-introductory-set-39006494/,Cloudflare protected — update manually
2026-06-07 22:09:07,Mighty Ape,Death Guard: Plague Marine Champion,,not_carried,,
2026-06-07 22:09:07,Mighty Ape,Genestealer Cults: Biophagus,,manual,https://www.mightyape.co.nz/mn/buy/mighty-ape-warhammer-40000-genestealer-cults-biophagus-29189815/,Cloudflare protected — update manually
2026-06-07 22:09:10,Mighty Ape,Orruk Warclans: Ardboy Big Boss,,not_carried,,
2026-06-07 22:09:10,Mighty Ape,Orruk Warclans: Orruk Brutes,,manual,https://www.mightyape.co.nz/mn/buy/mighty-ape-ironjawz-orruk-brutes-25217197/,Cloudflare protected — update manually
2026-06-07 22:09:12,Mighty Ape,Space Marines: Gladiator,,manual,https://www.mightyape.co.nz/product/warhammer-40000-space-marine-gladiator/34016507,Cloudflare protected — update manually
2026-06-07 22:09:15,Mighty Ape,Space Marines: Primaris Intercessors,,manual,https://www.mightyape.co.nz/mn/buy/mighty-ape-warhammer-40000-space-marine-primaris-intercessors-26859092/,Cloudflare protected — update manually
2026-06-07 22:09:17,Mighty Ape,Space Marines Primaris Librarian,,manual,https://www.mightyape.co.nz/product/warhammer-40000-space-marine-primaris-librarian/26853441,Cloudflare protected — update manually
2026-06-07 22:09:19,Mighty Ape,Space Marines Primaris Reivers,,manual,https://www.mightyape.co.nz/product/warhammer-40000-space-marine-primaris-reivers/26856277,Cloudflare protected — update manually
2026-06-07 22:09:21,Mighty Ape,Sylvaneth: Tree-Revenants,,manual,https://www.mightyape.co.nz/product/sylvaneth-tree-revenants/25522630,Cloudflare protected — update manually
2026-06-07 22:09:23,Mighty Ape,Warhammer 40000: Introductory Set,,manual,https://www.mightyape.co.nz/mn/buy/mighty-ape-warhammer-40000-introductory-set-37875024/,Cloudflare protected — update manually
2026-06-07 22:09:25,Nova Games,Age Of Sigmar: Introductory Set,96.50,in_stock,https://novagames.co.nz/products/age-of-sigmar-introductory-set,
2026-06-07 22:09:27,Nova Games,Death Guard: Plague Marine Champion,,not_carried,,
2026-06-07 22:09:27,Nova Games,Orruk Warclans: Ardboy Big Boss,71.00,in_stock,https://novagames.co.nz/products/ardboy-big-boss,
2026-06-07 22:09:29,Nova Games,Orruk Warclans: Orruk Brutes,109.00,in_stock,https://novagames.co.nz/products/orruk-brutes,
2026-06-07 22:09:31,Nova Games,Space Marines Primaris Librarian,,not_carried,,
2026-06-07 22:09:31,Nova Games,Space Marines Primaris Reivers,,not_carried,,
2026-06-07 22:09:31,Nova Games,Space Marines: Gladiator,,not_carried,,
2026-06-07 22:09:31,Nova Games,Space Marines: Primaris Intercessors,117.00,in_stock,https://novagames.co.nz/products/intercessors,
2026-06-07 22:09:34,Nova Games,Sylvaneth: Tree-Revenants,,not_carried,,
2026-06-07 22:09:34,Nova Games,Warhammer 40000: Introductory Set,98.50,in_stock,https://novagames.co.nz/products/warhammer-40-000-introductory-set,
2026-06-07 22:09:37,Nova Games,Genestealer Cults: Biophagus,,not_carried,,
2026-06-07 22:09:37,Vagabond,Age Of Sigmar: Introductory Set,96.00,out_of_stock,https://vagabond.co.nz/warhammer-age-of-sigmar-introductory-set-2024/,
2026-06-07 22:09:42,Vagabond,Death Guard: Plague Marine Champion,51.00,in_stock,https://vagabond.co.nz/death-guard-plague-marine-champion/,
2026-06-07 22:09:45,Vagabond,Genestealer Cults: Biophagus,,not_carried,,
2026-06-07 22:09:45,Vagabond,Orruk Warclans: Ardboy Big Boss,66.50,in_stock,https://vagabond.co.nz/orruk-warclans-ardboy-big-boss,
2026-06-07 22:09:48,Vagabond,Orruk Warclans: Orruk Brutes,94.50,in_stock,https://vagabond.co.nz/ironjawz-orruk-brutes/,
2026-06-07 22:09:51,Vagabond,Space Marines: Gladiator,166.50,out_of_stock,https://vagabond.co.nz/space-marines-gladiator/,
2026-06-07 22:09:55,Vagabond,Space Marines: Primaris Intercessors,117.00,in_stock,https://vagabond.co.nz/space-marines-primaris-intercessors/,
2026-06-07 22:09:58,Vagabond,Space Marines Primaris Librarian,,not_carried,,
2026-06-07 22:09:58,Vagabond,Space Marines Primaris Reivers,117.00,in_stock,https://vagabond.co.nz/space-marines-primaris-reivers/,
2026-06-07 22:10:01,Vagabond,Sylvaneth: Tree-Revenants,,not_carried,,
2026-06-07 22:10:01,Vagabond,Warhammer 40000: Introductory Set,98.00,out_of_stock,https://vagabond.co.nz/warhammer-40-000-introductory-set/,
2026-06-14 22:13:56,Bea DnD,Age Of Sigmar: Introductory Set,90.00,in_stock,https://www.beadndgames.co.nz/products/warhammer-age-of-sigmar-introductory-set,
2026-06-14 22:13:59,Bea DnD,Death Guard: Plague Marine Champion,53.00,in_stock,https://www.beadndgames.co.nz/products/death-guard-plague-marine-champion-warhammer-40-000,
2026-06-14 22:14:01,Bea DnD,Genestealer Cults: Biophagus,,not_carried,,
2026-06-14 22:14:01,Bea DnD,Orruk Warclans: Ardboy Big Boss,,not_carried,,
2026-06-14 22:14:01,Bea DnD,Orruk Warclans: Orruk Brutes,,not_carried,,
2026-06-14 22:14:01,Bea DnD,Space Marines: Gladiator,,not_carried,,
2026-06-14 22:14:01,Bea DnD,Space Marines: Primaris Intercessors,120.00,in_stock,https://www.beadndgames.co.nz/products/space-marines-primaris-intercessors-warhammer-40-000,
2026-06-14 22:14:03,Bea DnD,Space Marines Primaris Librarian,78.00,in_stock,https://www.beadndgames.co.nz/products/space-marines-primaris-librarian-warhammer-40-000,
2026-06-14 22:14:05,Bea DnD,Space Marines Primaris Reivers,,not_carried,,
2026-06-14 22:14:05,Bea DnD,Sylvaneth: Tree-Revenants,82.00,in_stock,https://www.beadndgames.co.nz/products/sylvaneth-tree-revenants-warhammer-age-of-sigmar,
2026-06-14 22:14:09,Bea DnD,Warhammer 40000: Introductory Set,95.00,in_stock,https://www.beadndgames.co.nz/products/warhammer-40-000-introductory-set-start-your-warhammer-journey,
2026-06-14 22:14:11,Games Lab,Age Of Sigmar: Introductory Set,90.00,in_stock,https://www.gameslab.co.nz/products/Age-Of-Sigmar-Introductory-Set-p686464525,
2026-06-14 22:14:14,Games Lab,Death Guard: Plague Marine Champion,,not_carried,,
2026-06-14 22:14:14,Games Lab,Genestealer Cults: Biophagus,,not_carried,,
2026-06-14 22:14:14,Games Lab,Orruk Warclans: Ardboy Big Boss,,not_carried,,
2026-06-14 22:14:14,Games Lab,Orruk Warclans: Orruk Brutes,,not_carried,,
2026-06-14 22:14:14,Games Lab,Space Marines: Gladiator,158.00,out_of_stock,https://www.gameslab.co.nz/products/Space-Marine-Gladiator-p689900566,
2026-06-14 22:14:18,Games Lab,Space Marines: Primaris Intercessors,117.00,in_stock,https://www.gameslab.co.nz/products/Space-Marines-Primaris-Intercessors-p605967672,
2026-06-14 22:14:21,Games Lab,Space Marines Primaris Librarian,69.99,out_of_stock,https://www.gameslab.co.nz/products/Space-Marines-Primaris-Librarian-p651995264,
2026-06-14 22:14:24,Games Lab,Space Marines Primaris Reivers,109.00,out_of_stock,https://www.gameslab.co.nz/products/Space-Marines-Primaris-Reivers-p696127817,
2026-06-14 22:14:26,Games Lab,Sylvaneth: Tree-Revenants,81.00,in_stock,https://www.gameslab.co.nz/products/Sylvaneth-Tree-Revenants-p695852248,
2026-06-14 22:14:28,Games Lab,Warhammer 40000: Introductory Set,98.00,in_stock,https://www.gameslab.co.nz/products/Warhammer-40-000-Introductory-Set-p604427018,
2026-06-14 22:14:32,Goblin Games,Age Of Sigmar: Introductory Set,100.00,in_stock,https://goblingames.nz/products/warhammer-age-of-sigmar-introductory-set,
2026-06-14 22:14:35,Goblin Games,Death Guard: Plague Marine Champion,,not_carried,,
2026-06-14 22:14:35,Goblin Games,Genestealer Cults: Biophagus,,not_carried,,
2026-06-14 22:14:35,Goblin Games,Orruk Warclans: Ardboy Big Boss,,not_carried,,
2026-06-14 22:14:35,Goblin Games,Orruk Warclans: Orruk Brutes,113.00,in_stock,https://goblingames.nz/products/orruk-warclans-orruk-brutes,
2026-06-14 22:14:38,Goblin Games,Space Marines Primaris Librarian,,not_carried,,
2026-06-14 22:14:38,Goblin Games,Space Marines Primaris Reivers,124.50,in_stock,https://goblingames.nz/products/space-marines-primaris-reivers-1,
2026-06-14 22:14:40,Goblin Games,Space Marines: Gladiator,191.00,in_stock,https://goblingames.nz/products/space-marines-gladiator,
2026-06-14 22:14:43,Goblin Games,Space Marines: Primaris Intercessors,130.00,in_stock,https://goblingames.nz/products/space-marines-intercessors,
2026-06-14 22:14:44,Goblin Games,Sylvaneth: Tree-Revenants,95.00,in_stock,https://goblingames.nz/products/sylvaneth-tree-revenants,
2026-06-14 22:14:47,Goblin Games,Warhammer 40000: Introductory Set,,not_carried,,
2026-06-14 22:14:47,Hobby Collective,Age Of Sigmar: Introductory Set,85.60,out_of_stock,https://thehobbycollective.co.nz/warhammer-age-of-sigmar-introductory-set,
2026-06-14 22:14:49,Hobby Collective,Death Guard: Plague Marine Champion,,not_carried,,
2026-06-14 22:14:49,Hobby Collective,Genestealer Cults: Biophagus,,not_carried,,
2026-06-14 22:14:49,Hobby Collective,Orruk Warclans: Ardboy Big Boss,,not_carried,,
2026-06-14 22:14:49,Hobby Collective,Orruk Warclans: Orruk Brutes,,not_carried,,
2026-06-14 22:14:49,Hobby Collective,Space Marines Primaris Librarian,,not_carried,,
2026-06-14 22:14:49,Hobby Collective,Space Marines Primaris Reivers,,not_carried,,
2026-06-14 22:14:49,Hobby Collective,Space Marines: Gladiator,152.80,in_stock,https://thehobbycollective.co.nz/space-marines-gladiator-impulsor-lancer-valiant-reaper/,
2026-06-14 22:14:53,Hobby Collective,Space Marines: Primaris Intercessors,104.00,in_stock,https://thehobbycollective.co.nz/space-marines-primaris-intercessors/,
2026-06-14 22:14:56,Hobby Collective,Sylvaneth: Tree-Revenants,,not_carried,,
2026-06-14 22:14:56,Hobby Collective,Warhammer 40000: Introductory Set,87.20,out_of_stock,https://thehobbycollective.co.nz/warhammer-40-000-introductory-set/,
2026-06-14 22:14:59,Hobby Lords,Age Of Sigmar: Introductory Set,98.00,in_stock,https://www.hobbylords.co.nz/products/single/age-of-sigmar:-introductory-set,
2026-06-14 22:15:10,Hobby Lords,Death Guard: Plague Marine Champion,55.00,in_stock,https://www.hobbylords.co.nz/products/single/death-guard-plague-marine-champion,
2026-06-14 22:15:20,Hobby Lords,Genestealer Cults: Biophagus,,not_carried,,
2026-06-14 22:15:20,Hobby Lords,Orruk Warclans: Ardboy Big Boss,,not_carried,,
2026-06-14 22:15:20,Hobby Lords,Orruk Warclans: Orruk Brutes,110.35,in_stock,https://www.hobbylords.co.nz/products/single/orruk-warclans-orruk-brutes,
2026-06-14 22:15:29,Hobby Lords,Space Marines: Gladiator,,not_carried,,
2026-06-14 22:15:29,Hobby Lords,Space Marines: Primaris Intercessors,120.00,in_stock,https://www.hobbylords.co.nz/products/single/space-marines-intercessors,
2026-06-14 22:15:37,Hobby Lords,Space Marines Primaris Librarian,,not_carried,,
2026-06-14 22:15:37,Hobby Lords,Space Marines Primaris Reivers,120.00,in_stock,https://www.hobbylords.co.nz/products/single/space-marines-primaris-reivers,
2026-06-14 22:15:44,Hobby Lords,Sylvaneth: Tree-Revenants,93.00,in_stock,https://www.hobbylords.co.nz/products/single/sylvaneth-tree-revenants,
2026-06-14 22:15:54,Hobby Lords,Warhammer 40000: Introductory Set,100.00,in_stock,https://www.hobbylords.co.nz/products/single/warhammer-40000-introductory-set,
2026-06-14 22:16:02,Hobby Master,Age Of Sigmar: Introductory Set,,unknown,https://hobbymaster.co.nz/products/product/43416,
2026-06-14 22:16:05,Hobby Master,Death Guard: Plague Marine Champion,,unknown,https://hobbymaster.co.nz/products/product/40411,
2026-06-14 22:16:09,Hobby Master,Genestealer Cults: Biophagus,,unknown,https://hobbymaster.co.nz/products/product/31527,
2026-06-14 22:16:12,Hobby Master,Orruk Warclans: Ardboy Big Boss,,unknown,https://hobbymaster.co.nz/products/product/41743,
2026-06-14 22:16:14,Hobby Master,Orruk Warclans: Orruk Brutes,,unknown,https://hobbymaster.co.nz/products/product/37181,
2026-06-14 22:16:17,Hobby Master,Space Marines: Gladiator,,unknown,https://hobbymaster.co.nz/products/product/36228,
2026-06-14 22:16:20,Hobby Master,Space Marines: Primaris Intercessors,,unknown,https://hobbymaster.co.nz/products/product/28412,
2026-06-14 22:16:23,Hobby Master,Space Marines Primaris Librarian,,unknown,https://hobbymaster.co.nz/products/product/28221,
2026-06-14 22:16:26,Hobby Master,Space Marines Primaris Reivers,,unknown,https://hobbymaster.co.nz/products/product/28086,
2026-06-14 22:16:29,Hobby Master,Sylvaneth: Tree-Revenants,,unknown,https://hobbymaster.co.nz/products/product/39777,
2026-06-14 22:16:31,Hobby Master,Warhammer 40000: Introductory Set,,unknown,https://hobbymaster.co.nz/products/product/41316,
2026-06-14 22:16:34,Iron Knight,Age Of Sigmar: Introductory Set,63.89,in_stock,https://ironknightgaming.co.nz/products/warhammer-age-of-sigmar-introductory-set,
2026-06-14 22:16:37,Iron Knight,Death Guard: Plague Marine Champion,,not_carried,,
2026-06-14 22:16:37,Iron Knight,Genestealer Cults: Biophagus,,not_carried,,
2026-06-14 22:16:37,Iron Knight,Orruk Warclans: Ardboy Big Boss,,not_carried,,
2026-06-14 22:16:37,Iron Knight,Orruk Warclans: Orruk Brutes,72.25,in_stock,https://ironknightgaming.co.nz/products/orruk-warclans-orruk-brutes,
2026-06-14 22:16:40,Iron Knight,Space Marines Primaris Librarian,,not_carried,,
2026-06-14 22:16:40,Iron Knight,Space Marines Primaris Reivers,,not_carried,,
2026-06-14 22:16:40,Iron Knight,Space Marines: Gladiator,114.05,in_stock,https://ironknightgaming.co.nz/products/space-marines-gladiator,
2026-06-14 22:16:42,Iron Knight,Space Marines: Primaris Intercessors,77.62,in_stock,https://ironknightgaming.co.nz/products/space-marines-primaris-intercessors,
2026-06-14 22:16:45,Iron Knight,Sylvaneth: Tree-Revenants,,not_carried,,
2026-06-14 22:16:45,Iron Knight,Warhammer 40000: Introductory Set,60.90,in_stock,https://ironknightgaming.co.nz/products/warhammer-40000-introductory-set,
2026-06-14 22:16:48,Mighty Ape,Age Of Sigmar: Introductory Set,,manual,https://www.mightyape.co.nz/mn/buy/mighty-ape-warhammer-age-of-sigmar-introductory-set-39006494/,Cloudflare protected — update manually
2026-06-14 22:16:50,Mighty Ape,Death Guard: Plague Marine Champion,,not_carried,,
2026-06-14 22:16:50,Mighty Ape,Genestealer Cults: Biophagus,,manual,https://www.mightyape.co.nz/mn/buy/mighty-ape-warhammer-40000-genestealer-cults-biophagus-29189815/,Cloudflare protected — update manually
2026-06-14 22:16:52,Mighty Ape,Orruk Warclans: Ardboy Big Boss,,not_carried,,
2026-06-14 22:16:52,Mighty Ape,Orruk Warclans: Orruk Brutes,,manual,https://www.mightyape.co.nz/mn/buy/mighty-ape-ironjawz-orruk-brutes-25217197/,Cloudflare protected — update manually
2026-06-14 22:16:55,Mighty Ape,Space Marines: Gladiator,,manual,https://www.mightyape.co.nz/product/warhammer-40000-space-marine-gladiator/34016507,Cloudflare protected — update manually
2026-06-14 22:16:56,Mighty Ape,Space Marines: Primaris Intercessors,,manual,https://www.mightyape.co.nz/mn/buy/mighty-ape-warhammer-40000-space-marine-primaris-intercessors-26859092/,Cloudflare protected — update manually
2026-06-14 22:16:58,Mighty Ape,Space Marines Primaris Librarian,,manual,https://www.mightyape.co.nz/product/warhammer-40000-space-marine-primaris-librarian/26853441,Cloudflare protected — update manually
2026-06-14 22:17:01,Mighty Ape,Space Marines Primaris Reivers,,manual,https://www.mightyape.co.nz/product/warhammer-40000-space-marine-primaris-reivers/26856277,Cloudflare protected — update manually
2026-06-14 22:17:04,Mighty Ape,Sylvaneth: Tree-Revenants,,manual,https://www.mightyape.co.nz/product/sylvaneth-tree-revenants/25522630,Cloudflare protected — update manually
2026-06-14 22:17:06,Mighty Ape,Warhammer 40000: Introductory Set,,manual,https://www.mightyape.co.nz/mn/buy/mighty-ape-warhammer-40000-introductory-set-37875024/,Cloudflare protected — update manually
2026-06-14 22:17:09,Nova Games,Age Of Sigmar: Introductory Set,96.50,in_stock,https://novagames.co.nz/products/age-of-sigmar-introductory-set,
2026-06-14 22:17:11,Nova Games,Death Guard: Plague Marine Champion,,not_carried,,
2026-06-14 22:17:12,Nova Games,Orruk Warclans: Ardboy Big Boss,71.00,in_stock,https://novagames.co.nz/products/ardboy-big-boss,
2026-06-14 22:17:15,Nova Games,Orruk Warclans: Orruk Brutes,109.00,in_stock,https://novagames.co.nz/products/orruk-brutes,
2026-06-14 22:17:17,Nova Games,Space Marines Primaris Librarian,,not_carried,,
2026-06-14 22:17:17,Nova Games,Space Marines Primaris Reivers,,not_carried,,
2026-06-14 22:17:17,Nova Games,Space Marines: Gladiator,,not_carried,,
2026-06-14 22:17:17,Nova Games,Space Marines: Primaris Intercessors,117.00,in_stock,https://novagames.co.nz/products/intercessors,
2026-06-14 22:17:19,Nova Games,Sylvaneth: Tree-Revenants,,not_carried,,
2026-06-14 22:17:19,Nova Games,Warhammer 40000: Introductory Set,98.50,in_stock,https://novagames.co.nz/products/warhammer-40-000-introductory-set,
2026-06-14 22:17:21,Nova Games,Genestealer Cults: Biophagus,,not_carried,,
2026-06-14 22:17:21,Vagabond,Age Of Sigmar: Introductory Set,96.00,out_of_stock,https://vagabond.co.nz/warhammer-age-of-sigmar-introductory-set-2024/,
2026-06-14 22:17:24,Vagabond,Death Guard: Plague Marine Champion,51.00,in_stock,https://vagabond.co.nz/death-guard-plague-marine-champion/,
2026-06-14 22:17:26,Vagabond,Genestealer Cults: Biophagus,,not_carried,,
2026-06-14 22:17:26,Vagabond,Orruk Warclans: Ardboy Big Boss,66.50,in_stock,https://vagabond.co.nz/orruk-warclans-ardboy-big-boss,
2026-06-14 22:17:29,Vagabond,Orruk Warclans: Orruk Brutes,94.50,in_stock,https://vagabond.co.nz/ironjawz-orruk-brutes/,
2026-06-14 22:17:31,Vagabond,Space Marines: Gladiator,166.50,out_of_stock,https://vagabond.co.nz/space-marines-gladiator/,
2026-06-14 22:17:35,Vagabond,Space Marines: Primaris Intercessors,117.00,in_stock,https://vagabond.co.nz/space-marines-primaris-intercessors/,
2026-06-14 22:17:37,Vagabond,Space Marines Primaris Librarian,,not_carried,,
2026-06-14 22:17:37,Vagabond,Space Marines Primaris Reivers,117.00,in_stock,https://vagabond.co.nz/space-marines-primaris-reivers/,
2026-06-14 22:17:40,Vagabond,Sylvaneth: Tree-Revenants,,not_carried,,
2026-06-14 22:17:40,Vagabond,Warhammer 40000: Introductory Set,98.00,out_of_stock,https://vagabond.co.nz/warhammer-40-000-introductory-set/,
2026-06-21 22:16:26,Bea DnD,Age Of Sigmar: Introductory Set,90.00,in_stock,https://www.beadndgames.co.nz/products/warhammer-age-of-sigmar-introductory-set,
2026-06-21 22:16:29,Bea DnD,Death Guard: Plague Marine Champion,53.00,in_stock,https://www.beadndgames.co.nz/products/death-guard-plague-marine-champion-warhammer-40-000,
2026-06-21 22:16:32,Bea DnD,Genestealer Cults: Biophagus,,not_carried,,
2026-06-21 22:16:32,Bea DnD,Orruk Warclans: Ardboy Big Boss,,not_carried,,
2026-06-21 22:16:32,Bea DnD,Orruk Warclans: Orruk Brutes,,not_carried,,
2026-06-21 22:16:32,Bea DnD,Space Marines: Gladiator,,not_carried,,
2026-06-21 22:16:32,Bea DnD,Space Marines: Primaris Intercessors,120.00,in_stock,https://www.beadndgames.co.nz/products/space-marines-primaris-intercessors-warhammer-40-000,
2026-06-21 22:16:35,Bea DnD,Space Marines Primaris Librarian,78.00,in_stock,https://www.beadndgames.co.nz/products/space-marines-primaris-librarian-warhammer-40-000,
2026-06-21 22:16:38,Bea DnD,Space Marines Primaris Reivers,,not_carried,,
2026-06-21 22:16:38,Bea DnD,Sylvaneth: Tree-Revenants,82.00,in_stock,https://www.beadndgames.co.nz/products/sylvaneth-tree-revenants-warhammer-age-of-sigmar,
2026-06-21 22:16:41,Bea DnD,Warhammer 40000: Introductory Set,95.00,in_stock,https://www.beadndgames.co.nz/products/warhammer-40-000-introductory-set-start-your-warhammer-journey,
2026-06-21 22:16:44,Games Lab,Age Of Sigmar: Introductory Set,90.00,in_stock,https://www.gameslab.co.nz/products/Age-Of-Sigmar-Introductory-Set-p686464525,
2026-06-21 22:16:46,Games Lab,Death Guard: Plague Marine Champion,,not_carried,,
2026-06-21 22:16:46,Games Lab,Genestealer Cults: Biophagus,,not_carried,,
2026-06-21 22:16:46,Games Lab,Orruk Warclans: Ardboy Big Boss,,not_carried,,
2026-06-21 22:16:46,Games Lab,Orruk Warclans: Orruk Brutes,,not_carried,,
2026-06-21 22:16:46,Games Lab,Space Marines: Gladiator,158.00,out_of_stock,https://www.gameslab.co.nz/products/Space-Marine-Gladiator-p689900566,
2026-06-21 22:16:56,Games Lab,Space Marines: Primaris Intercessors,117.00,in_stock,https://www.gameslab.co.nz/products/Space-Marines-Primaris-Intercessors-p605967672,
2026-06-21 22:16:59,Games Lab,Space Marines Primaris Librarian,69.99,out_of_stock,https://www.gameslab.co.nz/products/Space-Marines-Primaris-Librarian-p651995264,
2026-06-21 22:17:02,Games Lab,Space Marines Primaris Reivers,109.00,out_of_stock,https://www.gameslab.co.nz/products/Space-Marines-Primaris-Reivers-p696127817,
2026-06-21 22:17:07,Games Lab,Sylvaneth: Tree-Revenants,81.00,in_stock,https://www.gameslab.co.nz/products/Sylvaneth-Tree-Revenants-p695852248,
2026-06-21 22:17:10,Games Lab,Warhammer 40000: Introductory Set,,error,https://www.gameslab.co.nz/products/Warhammer-40-000-Introductory-Set-p604427018,"HTTPSConnectionPool(host='www.gameslab.co.nz', port=443): Read timed out. (read timeout=15)"
2026-06-21 22:17:27,Goblin Games,Age Of Sigmar: Introductory Set,100.00,in_stock,https://goblingames.nz/products/warhammer-age-of-sigmar-introductory-set,
2026-06-21 22:17:30,Goblin Games,Death Guard: Plague Marine Champion,,not_carried,,
2026-06-21 22:17:30,Goblin Games,Genestealer Cults: Biophagus,,not_carried,,
2026-06-21 22:17:30,Goblin Games,Orruk Warclans: Ardboy Big Boss,,not_carried,,
2026-06-21 22:17:30,Goblin Games,Orruk Warclans: Orruk Brutes,113.00,in_stock,https://goblingames.nz/products/orruk-warclans-orruk-brutes,
2026-06-21 22:17:33,Goblin Games,Space Marines Primaris Librarian,,not_carried,,
2026-06-21 22:17:33,Goblin Games,Space Marines Primaris Reivers,124.50,in_stock,https://goblingames.nz/products/space-marines-primaris-reivers-1,
2026-06-21 22:17:36,Goblin Games,Space Marines: Gladiator,191.00,in_stock,https://goblingames.nz/products/space-marines-gladiator,
2026-06-21 22:17:38,Goblin Games,Space Marines: Primaris Intercessors,130.00,in_stock,https://goblingames.nz/products/space-marines-intercessors,
2026-06-21 22:17:41,Goblin Games,Sylvaneth: Tree-Revenants,95.00,in_stock,https://goblingames.nz/products/sylvaneth-tree-revenants,
2026-06-21 22:17:44,Goblin Games,Warhammer 40000: Introductory Set,,not_carried,,
2026-06-21 22:17:44,Hobby Collective,Age Of Sigmar: Introductory Set,85.60,out_of_stock,https://thehobbycollective.co.nz/warhammer-age-of-sigmar-introductory-set,
2026-06-21 22:17:47,Hobby Collective,Death Guard: Plague Marine Champion,,not_carried,,
2026-06-21 22:17:47,Hobby Collective,Genestealer Cults: Biophagus,,not_carried,,
2026-06-21 22:17:47,Hobby Collective,Orruk Warclans: Ardboy Big Boss,,not_carried,,
2026-06-21 22:17:47,Hobby Collective,Orruk Warclans: Orruk Brutes,,not_carried,,
2026-06-21 22:17:47,Hobby Collective,Space Marines Primaris Librarian,,not_carried,,
2026-06-21 22:17:47,Hobby Collective,Space Marines Primaris Reivers,,not_carried,,
2026-06-21 22:17:47,Hobby Collective,Space Marines: Gladiator,152.80,in_stock,https://thehobbycollective.co.nz/space-marines-gladiator-impulsor-lancer-valiant-reaper/,
2026-06-21 22:17:50,Hobby Collective,Space Marines: Primaris Intercessors,104.00,in_stock,https://thehobbycollective.co.nz/space-marines-primaris-intercessors/,
2026-06-21 22:17:54,Hobby Collective,Sylvaneth: Tree-Revenants,,not_carried,,
2026-06-21 22:17:54,Hobby Collective,Warhammer 40000: Introductory Set,87.20,out_of_stock,https://thehobbycollective.co.nz/warhammer-40-000-introductory-set/,
2026-06-21 22:17:57,Hobby Lords,Age Of Sigmar: Introductory Set,98.00,in_stock,https://www.hobbylords.co.nz/products/single/age-of-sigmar:-introductory-set,
2026-06-21 22:18:06,Hobby Lords,Death Guard: Plague Marine Champion,55.00,in_stock,https://www.hobbylords.co.nz/products/single/death-guard-plague-marine-champion,
2026-06-21 22:18:15,Hobby Lords,Genestealer Cults: Biophagus,,not_carried,,
2026-06-21 22:18:15,Hobby Lords,Orruk Warclans: Ardboy Big Boss,,not_carried,,
2026-06-21 22:18:15,Hobby Lords,Orruk Warclans: Orruk Brutes,110.35,in_stock,https://www.hobbylords.co.nz/products/single/orruk-warclans-orruk-brutes,
2026-06-21 22:18:25,Hobby Lords,Space Marines: Gladiator,,not_carried,,
2026-06-21 22:18:25,Hobby Lords,Space Marines: Primaris Intercessors,120.00,in_stock,https://www.hobbylords.co.nz/products/single/space-marines-intercessors,
2026-06-21 22:18:34,Hobby Lords,Space Marines Primaris Librarian,,not_carried,,
2026-06-21 22:18:34,Hobby Lords,Space Marines Primaris Reivers,120.00,in_stock,https://www.hobbylords.co.nz/products/single/space-marines-primaris-reivers,
2026-06-21 22:18:43,Hobby Lords,Sylvaneth: Tree-Revenants,93.00,in_stock,https://www.hobbylords.co.nz/products/single/sylvaneth-tree-revenants,
2026-06-21 22:18:53,Hobby Lords,Warhammer 40000: Introductory Set,100.00,in_stock,https://www.hobbylords.co.nz/products/single/warhammer-40000-introductory-set,
2026-06-21 22:19:02,Hobby Master,Age Of Sigmar: Introductory Set,97.00,in_stock,https://hobbymaster.co.nz/products/product/43416,
2026-06-21 22:19:06,Hobby Master,Death Guard: Plague Marine Champion,54.00,in_stock,https://hobbymaster.co.nz/products/product/40411,
2026-06-21 22:19:10,Hobby Master,Genestealer Cults: Biophagus,54.00,in_stock,https://hobbymaster.co.nz/products/product/31527,
2026-06-21 22:19:13,Hobby Master,Orruk Warclans: Ardboy Big Boss,75.00,in_stock,https://hobbymaster.co.nz/products/product/41743,
2026-06-21 22:19:17,Hobby Master,Orruk Warclans: Orruk Brutes,110.00,in_stock,https://hobbymaster.co.nz/products/product/37181,
2026-06-21 22:19:20,Hobby Master,Space Marines: Gladiator,174.00,out_of_stock,https://hobbymaster.co.nz/products/product/36228,
2026-06-21 22:19:24,Hobby Master,Space Marines: Primaris Intercessors,118.00,in_stock,https://hobbymaster.co.nz/products/product/28412,
2026-06-21 22:19:27,Hobby Master,Space Marines Primaris Librarian,75.00,out_of_stock,https://hobbymaster.co.nz/products/product/28221,
2026-06-21 22:19:30,Hobby Master,Space Marines Primaris Reivers,118.00,in_stock,https://hobbymaster.co.nz/products/product/28086,
2026-06-21 22:19:34,Hobby Master,Sylvaneth: Tree-Revenants,92.00,in_stock,https://hobbymaster.co.nz/products/product/39777,
2026-06-21 22:19:38,Hobby Master,Warhammer 40000: Introductory Set,99.00,in_stock,https://hobbymaster.co.nz/products/product/41316,
2026-06-21 22:19:41,Iron Knight,Age Of Sigmar: Introductory Set,62.58,in_stock,https://ironknightgaming.co.nz/products/warhammer-age-of-sigmar-introductory-set,
2026-06-21 22:19:43,Iron Knight,Death Guard: Plague Marine Champion,,not_carried,,
2026-06-21 22:19:43,Iron Knight,Genestealer Cults: Biophagus,,not_carried,,
2026-06-21 22:19:43,Iron Knight,Orruk Warclans: Ardboy Big Boss,,not_carried,,
2026-06-21 22:19:43,Iron Knight,Orruk Warclans: Orruk Brutes,70.77,in_stock,https://ironknightgaming.co.nz/products/orruk-warclans-orruk-brutes,
2026-06-21 22:19:46,Iron Knight,Space Marines Primaris Librarian,,not_carried,,
2026-06-21 22:19:46,Iron Knight,Space Marines Primaris Reivers,,not_carried,,
2026-06-21 22:19:46,Iron Knight,Space Marines: Gladiator,111.71,in_stock,https://ironknightgaming.co.nz/products/space-marines-gladiator,
2026-06-21 22:19:50,Iron Knight,Space Marines: Primaris Intercessors,76.04,in_stock,https://ironknightgaming.co.nz/products/space-marines-primaris-intercessors,
2026-06-21 22:19:51,Iron Knight,Sylvaneth: Tree-Revenants,,not_carried,,
2026-06-21 22:19:51,Iron Knight,Warhammer 40000: Introductory Set,59.66,in_stock,https://ironknightgaming.co.nz/products/warhammer-40000-introductory-set,
2026-06-21 22:19:55,Mighty Ape,Age Of Sigmar: Introductory Set,,manual,https://www.mightyape.co.nz/mn/buy/mighty-ape-warhammer-age-of-sigmar-introductory-set-39006494/,Cloudflare protected — update manually
2026-06-21 22:19:58,Mighty Ape,Death Guard: Plague Marine Champion,,not_carried,,
2026-06-21 22:19:58,Mighty Ape,Genestealer Cults: Biophagus,,manual,https://www.mightyape.co.nz/mn/buy/mighty-ape-warhammer-40000-genestealer-cults-biophagus-29189815/,Cloudflare protected — update manually
2026-06-21 22:20:01,Mighty Ape,Orruk Warclans: Ardboy Big Boss,,not_carried,,
2026-06-21 22:20:01,Mighty Ape,Orruk Warclans: Orruk Brutes,,manual,https://www.mightyape.co.nz/mn/buy/mighty-ape-ironjawz-orruk-brutes-25217197/,Cloudflare protected — update manually
2026-06-21 22:20:03,Mighty Ape,Space Marines: Gladiator,,manual,https://www.mightyape.co.nz/product/warhammer-40000-space-marine-gladiator/34016507,Cloudflare protected — update manually
2026-06-21 22:20:06,Mighty Ape,Space Marines: Primaris Intercessors,,manual,https://www.mightyape.co.nz/mn/buy/mighty-ape-warhammer-40000-space-marine-primaris-intercessors-26859092/,Cloudflare protected — update manually
2026-06-21 22:20:09,Mighty Ape,Space Marines Primaris Librarian,,manual,https://www.mightyape.co.nz/product/warhammer-40000-space-marine-primaris-librarian/26853441,Cloudflare protected — update manually
2026-06-21 22:20:12,Mighty Ape,Space Marines Primaris Reivers,,manual,https://www.mightyape.co.nz/product/warhammer-40000-space-marine-primaris-reivers/26856277,Cloudflare protected — update manually
2026-06-21 22:20:15,Mighty Ape,Sylvaneth: Tree-Revenants,,manual,https://www.mightyape.co.nz/product/sylvaneth-tree-revenants/25522630,Cloudflare protected — update manually
2026-06-21 22:20:17,Mighty Ape,Warhammer 40000: Introductory Set,,manual,https://www.mightyape.co.nz/mn/buy/mighty-ape-warhammer-40000-introductory-set-37875024/,Cloudflare protected — update manually
2026-06-21 22:20:21,Nova Games,Age Of Sigmar: Introductory Set,96.50,in_stock,https://novagames.co.nz/products/age-of-sigmar-introductory-set,
2026-06-21 22:20:23,Nova Games,Death Guard: Plague Marine Champion,,not_carried,,
2026-06-21 22:20:23,Nova Games,Orruk Warclans: Ardboy Big Boss,71.00,in_stock,https://novagames.co.nz/products/ardboy-big-boss,
2026-06-21 22:20:27,Nova Games,Orruk Warclans: Orruk Brutes,109.00,in_stock,https://novagames.co.nz/products/orruk-brutes,
2026-06-21 22:20:30,Nova Games,Space Marines Primaris Librarian,,not_carried,,
2026-06-21 22:20:30,Nova Games,Space Marines Primaris Reivers,,not_carried,,
2026-06-21 22:20:30,Nova Games,Space Marines: Gladiator,,not_carried,,
2026-06-21 22:20:30,Nova Games,Space Marines: Primaris Intercessors,117.00,in_stock,https://novagames.co.nz/products/intercessors,
2026-06-21 22:20:32,Nova Games,Sylvaneth: Tree-Revenants,,not_carried,,
2026-06-21 22:20:32,Nova Games,Warhammer 40000: Introductory Set,98.50,in_stock,https://novagames.co.nz/products/warhammer-40-000-introductory-set,
2026-06-21 22:20:36,Nova Games,Genestealer Cults: Biophagus,,not_carried,,
2026-06-21 22:20:36,Vagabond,Age Of Sigmar: Introductory Set,96.00,out_of_stock,https://vagabond.co.nz/warhammer-age-of-sigmar-introductory-set-2024/,
2026-06-21 22:20:39,Vagabond,Death Guard: Plague Marine Champion,51.00,out_of_stock,https://vagabond.co.nz/death-guard-plague-marine-champion/,
2026-06-21 22:20:43,Vagabond,Genestealer Cults: Biophagus,,not_carried,,
2026-06-21 22:20:43,Vagabond,Orruk Warclans: Ardboy Big Boss,66.50,in_stock,https://vagabond.co.nz/orruk-warclans-ardboy-big-boss,
2026-06-21 22:20:46,Vagabond,Orruk Warclans: Orruk Brutes,94.50,in_stock,https://vagabond.co.nz/ironjawz-orruk-brutes/,
2026-06-21 22:20:50,Vagabond,Space Marines: Gladiator,166.50,out_of_stock,https://vagabond.co.nz/space-marines-gladiator/,
2026-06-21 22:20:53,Vagabond,Space Marines: Primaris Intercessors,117.00,in_stock,https://vagabond.co.nz/space-marines-primaris-intercessors/,
2026-06-21 22:20:57,Vagabond,Space Marines Primaris Librarian,,not_carried,,
2026-06-21 22:20:57,Vagabond,Space Marines Primaris Reivers,117.00,out_of_stock,https://vagabond.co.nz/space-marines-primaris-reivers/,
2026-06-21 22:20:59,Vagabond,Sylvaneth: Tree-Revenants,,not_carried,,
2026-06-21 22:20:59,Vagabond,Warhammer 40000: Introductory Set,98.00,out_of_stock,https://vagabond.co.nz/warhammer-40-000-introductory-set/,
2026-06-28 22:03:46,Bea DnD,Age Of Sigmar: Introductory Set,90.00,in_stock,https://www.beadndgames.co.nz/products/warhammer-age-of-sigmar-introductory-set,
2026-06-28 22:03:49,Bea DnD,Death Guard: Plague Marine Champion,53.00,in_stock,https://www.beadndgames.co.nz/products/death-guard-plague-marine-champion-warhammer-40-000,
2026-06-28 22:03:52,Bea DnD,Genestealer Cults: Biophagus,,not_carried,,
2026-06-28 22:03:52,Bea DnD,Orruk Warclans: Ardboy Big Boss,,not_carried,,
2026-06-28 22:03:52,Bea DnD,Orruk Warclans: Orruk Brutes,,not_carried,,
2026-06-28 22:03:52,Bea DnD,Space Marines: Gladiator,,not_carried,,
2026-06-28 22:03:52,Bea DnD,Space Marines: Primaris Intercessors,120.00,in_stock,https://www.beadndgames.co.nz/products/space-marines-primaris-intercessors-warhammer-40-000,
2026-06-28 22:03:54,Bea DnD,Space Marines Primaris Librarian,78.00,in_stock,https://www.beadndgames.co.nz/products/space-marines-primaris-librarian-warhammer-40-000,
2026-06-28 22:03:56,Bea DnD,Space Marines Primaris Reivers,,not_carried,,
2026-06-28 22:03:56,Bea DnD,Sylvaneth: Tree-Revenants,82.00,in_stock,https://www.beadndgames.co.nz/products/sylvaneth-tree-revenants-warhammer-age-of-sigmar,
2026-06-28 22:03:59,Bea DnD,Warhammer 40000: Introductory Set,95.00,in_stock,https://www.beadndgames.co.nz/products/warhammer-40-000-introductory-set-start-your-warhammer-journey,
2026-06-28 22:04:03,Games Lab,Age Of Sigmar: Introductory Set,90.00,in_stock,https://www.gameslab.co.nz/products/Age-Of-Sigmar-Introductory-Set-p686464525,
2026-06-28 22:04:05,Games Lab,Death Guard: Plague Marine Champion,,not_carried,,
2026-06-28 22:04:05,Games Lab,Genestealer Cults: Biophagus,,not_carried,,
2026-06-28 22:04:05,Games Lab,Orruk Warclans: Ardboy Big Boss,,not_carried,,
2026-06-28 22:04:05,Games Lab,Orruk Warclans: Orruk Brutes,,not_carried,,
2026-06-28 22:04:05,Games Lab,Space Marines: Gladiator,158.00,out_of_stock,https://www.gameslab.co.nz/products/Space-Marine-Gladiator-p689900566,
2026-06-28 22:04:09,Games Lab,Space Marines: Primaris Intercessors,,unknown,https://www.gameslab.co.nz/products/Space-Marines-Primaris-Intercessors-p605967672,
2026-06-28 22:04:13,Games Lab,Space Marines Primaris Librarian,69.99,out_of_stock,https://www.gameslab.co.nz/products/Space-Marines-Primaris-Librarian-p651995264,
2026-06-28 22:04:16,Games Lab,Space Marines Primaris Reivers,109.00,out_of_stock,https://www.gameslab.co.nz/products/Space-Marines-Primaris-Reivers-p696127817,
2026-06-28 22:04:18,Games Lab,Sylvaneth: Tree-Revenants,81.00,in_stock,https://www.gameslab.co.nz/products/Sylvaneth-Tree-Revenants-p695852248,
2026-06-28 22:04:21,Games Lab,Warhammer 40000: Introductory Set,98.00,in_stock,https://www.gameslab.co.nz/products/Warhammer-40-000-Introductory-Set-p604427018,
2026-06-28 22:04:23,Goblin Games,Age Of Sigmar: Introductory Set,100.00,in_stock,https://goblingames.nz/products/warhammer-age-of-sigmar-introductory-set,
2026-06-28 22:04:26,Goblin Games,Death Guard: Plague Marine Champion,,not_carried,,
2026-06-28 22:04:26,Goblin Games,Genestealer Cults: Biophagus,,not_carried,,
2026-06-28 22:04:26,Goblin Games,Orruk Warclans: Ardboy Big Boss,,not_carried,,
2026-06-28 22:04:26,Goblin Games,Orruk Warclans: Orruk Brutes,113.00,in_stock,https://goblingames.nz/products/orruk-warclans-orruk-brutes,
2026-06-28 22:04:28,Goblin Games,Space Marines Primaris Librarian,,not_carried,,
2026-06-28 22:04:28,Goblin Games,Space Marines Primaris Reivers,124.50,in_stock,https://goblingames.nz/products/space-marines-primaris-reivers-1,
2026-06-28 22:04:31,Goblin Games,Space Marines: Gladiator,191.00,in_stock,https://goblingames.nz/products/space-marines-gladiator,
2026-06-28 22:04:34,Goblin Games,Space Marines: Primaris Intercessors,130.00,in_stock,https://goblingames.nz/products/space-marines-intercessors,
2026-06-28 22:04:38,Goblin Games,Sylvaneth: Tree-Revenants,95.00,in_stock,https://goblingames.nz/products/sylvaneth-tree-revenants,
2026-06-28 22:04:40,Goblin Games,Warhammer 40000: Introductory Set,,not_carried,,
2026-06-28 22:04:40,Hobby Collective,Age Of Sigmar: Introductory Set,85.60,out_of_stock,https://thehobbycollective.co.nz/warhammer-age-of-sigmar-introductory-set,
2026-06-28 22:04:43,Hobby Collective,Death Guard: Plague Marine Champion,,not_carried,,
2026-06-28 22:04:43,Hobby Collective,Genestealer Cults: Biophagus,,not_carried,,
2026-06-28 22:04:43,Hobby Collective,Orruk Warclans: Ardboy Big Boss,,not_carried,,
2026-06-28 22:04:43,Hobby Collective,Orruk Warclans: Orruk Brutes,,not_carried,,
2026-06-28 22:04:43,Hobby Collective,Space Marines Primaris Librarian,,not_carried,,
2026-06-28 22:04:43,Hobby Collective,Space Marines Primaris Reivers,,not_carried,,
2026-06-28 22:04:43,Hobby Collective,Space Marines: Gladiator,152.80,in_stock,https://thehobbycollective.co.nz/space-marines-gladiator-impulsor-lancer-valiant-reaper/,
2026-06-28 22:04:45,Hobby Collective,Space Marines: Primaris Intercessors,104.00,in_stock,https://thehobbycollective.co.nz/space-marines-primaris-intercessors/,
2026-06-28 22:04:49,Hobby Collective,Sylvaneth: Tree-Revenants,,not_carried,,
2026-06-28 22:04:49,Hobby Collective,Warhammer 40000: Introductory Set,87.20,out_of_stock,https://thehobbycollective.co.nz/warhammer-40-000-introductory-set/,
2026-06-28 22:04:52,Hobby Lords,Age Of Sigmar: Introductory Set,98.00,in_stock,https://www.hobbylords.co.nz/products/single/age-of-sigmar:-introductory-set,
2026-06-28 22:05:04,Hobby Lords,Death Guard: Plague Marine Champion,55.00,in_stock,https://www.hobbylords.co.nz/products/single/death-guard-plague-marine-champion,
2026-06-28 22:05:14,Hobby Lords,Genestealer Cults: Biophagus,,not_carried,,
2026-06-28 22:05:14,Hobby Lords,Orruk Warclans: Ardboy Big Boss,,not_carried,,
2026-06-28 22:05:14,Hobby Lords,Orruk Warclans: Orruk Brutes,110.35,in_stock,https://www.hobbylords.co.nz/products/single/orruk-warclans-orruk-brutes,
2026-06-28 22:05:24,Hobby Lords,Space Marines: Gladiator,,not_carried,,
2026-06-28 22:05:24,Hobby Lords,Space Marines: Primaris Intercessors,120.00,in_stock,https://www.hobbylords.co.nz/products/single/space-marines-intercessors,
2026-06-28 22:05:32,Hobby Lords,Space Marines Primaris Librarian,,not_carried,,
2026-06-28 22:05:32,Hobby Lords,Space Marines Primaris Reivers,120.00,in_stock,https://www.hobbylords.co.nz/products/single/space-marines-primaris-reivers,
2026-06-28 22:05:40,Hobby Lords,Sylvaneth: Tree-Revenants,93.00,in_stock,https://www.hobbylords.co.nz/products/single/sylvaneth-tree-revenants,
2026-06-28 22:05:50,Hobby Lords,Warhammer 40000: Introductory Set,100.00,in_stock,https://www.hobbylords.co.nz/products/single/warhammer-40000-introductory-set,
2026-06-28 22:05:59,Hobby Master,Age Of Sigmar: Introductory Set,97.00,in_stock,https://hobbymaster.co.nz/products/product/43416,
2026-06-28 22:06:02,Hobby Master,Death Guard: Plague Marine Champion,54.00,in_stock,https://hobbymaster.co.nz/products/product/40411,
2026-06-28 22:06:05,Hobby Master,Genestealer Cults: Biophagus,54.00,in_stock,https://hobbymaster.co.nz/products/product/31527,
2026-06-28 22:06:09,Hobby Master,Orruk Warclans: Ardboy Big Boss,75.00,in_stock,https://hobbymaster.co.nz/products/product/41743,
2026-06-28 22:06:12,Hobby Master,Orruk Warclans: Orruk Brutes,110.00,in_stock,https://hobbymaster.co.nz/products/product/37181,
2026-06-28 22:06:14,Hobby Master,Space Marines: Gladiator,174.00,in_stock,https://hobbymaster.co.nz/products/product/36228,
2026-06-28 22:06:18,Hobby Master,Space Marines: Primaris Intercessors,118.00,in_stock,https://hobbymaster.co.nz/products/product/28412,
2026-06-28 22:06:21,Hobby Master,Space Marines Primaris Librarian,75.00,out_of_stock,https://hobbymaster.co.nz/products/product/28221,
2026-06-28 22:06:26,Hobby Master,Space Marines Primaris Reivers,118.00,out_of_stock,https://hobbymaster.co.nz/products/product/28086,
2026-06-28 22:06:29,Hobby Master,Sylvaneth: Tree-Revenants,92.00,in_stock,https://hobbymaster.co.nz/products/product/39777,
2026-06-28 22:06:33,Hobby Master,Warhammer 40000: Introductory Set,99.00,in_stock,https://hobbymaster.co.nz/products/product/41316,
2026-06-28 22:06:36,Iron Knight,Age Of Sigmar: Introductory Set,61.65,in_stock,https://ironknightgaming.co.nz/products/warhammer-age-of-sigmar-introductory-set,
2026-06-28 22:06:39,Iron Knight,Death Guard: Plague Marine Champion,,not_carried,,
2026-06-28 22:06:39,Iron Knight,Genestealer Cults: Biophagus,,not_carried,,
2026-06-28 22:06:39,Iron Knight,Orruk Warclans: Ardboy Big Boss,,not_carried,,
2026-06-28 22:06:39,Iron Knight,Orruk Warclans: Orruk Brutes,69.71,in_stock,https://ironknightgaming.co.nz/products/orruk-warclans-orruk-brutes,
2026-06-28 22:06:41,Iron Knight,Space Marines Primaris Librarian,,not_carried,,
2026-06-28 22:06:41,Iron Knight,Space Marines Primaris Reivers,,not_carried,,
2026-06-28 22:06:41,Iron Knight,Space Marines: Gladiator,110.04,in_stock,https://ironknightgaming.co.nz/products/space-marines-gladiator,
2026-06-28 22:06:44,Iron Knight,Space Marines: Primaris Intercessors,74.90,in_stock,https://ironknightgaming.co.nz/products/space-marines-primaris-intercessors,
2026-06-28 22:06:48,Iron Knight,Sylvaneth: Tree-Revenants,,not_carried,,
2026-06-28 22:06:48,Iron Knight,Warhammer 40000: Introductory Set,58.73,in_stock,https://ironknightgaming.co.nz/products/warhammer-40000-introductory-set,
2026-06-28 22:06:51,Mighty Ape,Age Of Sigmar: Introductory Set,,manual,https://www.mightyape.co.nz/mn/buy/mighty-ape-warhammer-age-of-sigmar-introductory-set-39006494/,Cloudflare protected — update manually
2026-06-28 22:06:54,Mighty Ape,Death Guard: Plague Marine Champion,,not_carried,,
2026-06-28 22:06:54,Mighty Ape,Genestealer Cults: Biophagus,,manual,https://www.mightyape.co.nz/mn/buy/mighty-ape-warhammer-40000-genestealer-cults-biophagus-29189815/,Cloudflare protected — update manually
2026-06-28 22:06:57,Mighty Ape,Orruk Warclans: Ardboy Big Boss,,not_carried,,
2026-06-28 22:06:57,Mighty Ape,Orruk Warclans: Orruk Brutes,,manual,https://www.mightyape.co.nz/mn/buy/mighty-ape-ironjawz-orruk-brutes-25217197/,Cloudflare protected — update manually
2026-06-28 22:06:59,Mighty Ape,Space Marines: Gladiator,,manual,https://www.mightyape.co.nz/product/warhammer-40000-space-marine-gladiator/34016507,Cloudflare protected — update manually
2026-06-28 22:07:01,Mighty Ape,Space Marines: Primaris Intercessors,,manual,https://www.mightyape.co.nz/mn/buy/mighty-ape-warhammer-40000-space-marine-primaris-intercessors-26859092/,Cloudflare protected — update manually
2026-06-28 22:07:04,Mighty Ape,Space Marines Primaris Librarian,,manual,https://www.mightyape.co.nz/product/warhammer-40000-space-marine-primaris-librarian/26853441,Cloudflare protected — update manually
2026-06-28 22:07:07,Mighty Ape,Space Marines Primaris Reivers,,manual,https://www.mightyape.co.nz/product/warhammer-40000-space-marine-primaris-reivers/26856277,Cloudflare protected — update manually
2026-06-28 22:07:09,Mighty Ape,Sylvaneth: Tree-Revenants,,manual,https://www.mightyape.co.nz/product/sylvaneth-tree-revenants/25522630,Cloudflare protected — update manually
2026-06-28 22:07:12,Mighty Ape,Warhammer 40000: Introductory Set,,manual,https://www.mightyape.co.nz/mn/buy/mighty-ape-warhammer-40000-introductory-set-37875024/,Cloudflare protected — update manually
2026-06-28 22:07:15,Nova Games,Age Of Sigmar: Introductory Set,96.50,in_stock,https://novagames.co.nz/products/age-of-sigmar-introductory-set,
2026-06-28 22:07:18,Nova Games,Death Guard: Plague Marine Champion,,not_carried,,
2026-06-28 22:07:18,Nova Games,Orruk Warclans: Ardboy Big Boss,71.00,in_stock,https://novagames.co.nz/products/ardboy-big-boss,
2026-06-28 22:07:21,Nova Games,Orruk Warclans: Orruk Brutes,109.00,in_stock,https://novagames.co.nz/products/orruk-brutes,
2026-06-28 22:07:23,Nova Games,Space Marines Primaris Librarian,,not_carried,,
2026-06-28 22:07:23,Nova Games,Space Marines Primaris Reivers,,not_carried,,
2026-06-28 22:07:23,Nova Games,Space Marines: Gladiator,,not_carried,,
2026-06-28 22:07:23,Nova Games,Space Marines: Primaris Intercessors,117.00,in_stock,https://novagames.co.nz/products/intercessors,
2026-06-28 22:07:25,Nova Games,Sylvaneth: Tree-Revenants,,not_carried,,
2026-06-28 22:07:25,Nova Games,Warhammer 40000: Introductory Set,98.50,in_stock,https://novagames.co.nz/products/warhammer-40-000-introductory-set,
2026-06-28 22:07:28,Nova Games,Genestealer Cults: Biophagus,,not_carried,,
2026-06-28 22:07:28,Vagabond,Age Of Sigmar: Introductory Set,96.00,out_of_stock,https://vagabond.co.nz/warhammer-age-of-sigmar-introductory-set-2024/,
2026-06-28 22:07:31,Vagabond,Death Guard: Plague Marine Champion,51.00,out_of_stock,https://vagabond.co.nz/death-guard-plague-marine-champion/,
2026-06-28 22:07:34,Vagabond,Genestealer Cults: Biophagus,,not_carried,,
2026-06-28 22:07:34,Vagabond,Orruk Warclans: Ardboy Big Boss,66.50,in_stock,https://vagabond.co.nz/orruk-warclans-ardboy-big-boss,
2026-06-28 22:07:36,Vagabond,Orruk Warclans: Orruk Brutes,94.50,in_stock,https://vagabond.co.nz/ironjawz-orruk-brutes/,
2026-06-28 22:07:39,Vagabond,Space Marines: Gladiator,166.50,in_stock,https://vagabond.co.nz/space-marines-gladiator/,
2026-06-28 22:07:43,Vagabond,Space Marines: Primaris Intercessors,117.00,in_stock,https://vagabond.co.nz/space-marines-primaris-intercessors/,
2026-06-28 22:07:47,Vagabond,Space Marines Primaris Librarian,,not_carried,,
2026-06-28 22:07:47,Vagabond,Space Marines Primaris Reivers,117.00,out_of_stock,https://vagabond.co.nz/space-marines-primaris-reivers/,
2026-06-28 22:07:50,Vagabond,Sylvaneth: Tree-Revenants,,not_carried,,
2026-06-28 22:07:50,Vagabond,Warhammer 40000: Introductory Set,98.00,out_of_stock,https://vagabond.co.nz/warhammer-40-000-introductory-set/,
2026-07-05 22:03:56,Bea DnD,Age Of Sigmar: Introductory Set,90.00,in_stock,https://www.beadndgames.co.nz/products/warhammer-age-of-sigmar-introductory-set,
2026-07-05 22:03:58,Bea DnD,Death Guard: Plague Marine Champion,53.00,in_stock,https://www.beadndgames.co.nz/products/death-guard-plague-marine-champion-warhammer-40-000,
2026-07-05 22:04:02,Bea DnD,Genestealer Cults: Biophagus,,not_carried,,
2026-07-05 22:04:02,Bea DnD,Orruk Warclans: Ardboy Big Boss,,not_carried,,
2026-07-05 22:04:02,Bea DnD,Orruk Warclans: Orruk Brutes,,not_carried,,
2026-07-05 22:04:02,Bea DnD,Space Marines: Gladiator,,not_carried,,
2026-07-05 22:04:02,Bea DnD,Space Marines: Primaris Intercessors,120.00,in_stock,https://www.beadndgames.co.nz/products/space-marines-primaris-intercessors-warhammer-40-000,
2026-07-05 22:04:05,Bea DnD,Space Marines Primaris Librarian,78.00,in_stock,https://www.beadndgames.co.nz/products/space-marines-primaris-librarian-warhammer-40-000,
2026-07-05 22:04:08,Bea DnD,Space Marines Primaris Reivers,,not_carried,,
2026-07-05 22:04:08,Bea DnD,Sylvaneth: Tree-Revenants,82.00,in_stock,https://www.beadndgames.co.nz/products/sylvaneth-tree-revenants-warhammer-age-of-sigmar,
2026-07-05 22:04:11,Bea DnD,Warhammer 40000: Introductory Set,95.00,in_stock,https://www.beadndgames.co.nz/products/warhammer-40-000-introductory-set-start-your-warhammer-journey,
2026-07-05 22:04:14,Games Lab,Age Of Sigmar: Introductory Set,,unknown,https://www.gameslab.co.nz/products/Age-Of-Sigmar-Introductory-Set-p686464525,
2026-07-05 22:04:17,Games Lab,Death Guard: Plague Marine Champion,,not_carried,,
2026-07-05 22:04:17,Games Lab,Genestealer Cults: Biophagus,,not_carried,,
2026-07-05 22:04:17,Games Lab,Orruk Warclans: Ardboy Big Boss,,not_carried,,
2026-07-05 22:04:17,Games Lab,Orruk Warclans: Orruk Brutes,,not_carried,,
2026-07-05 22:04:17,Games Lab,Space Marines: Gladiator,,unknown,https://www.gameslab.co.nz/products/Space-Marine-Gladiator-p689900566,
2026-07-05 22:04:20,Games Lab,Space Marines: Primaris Intercessors,,unknown,https://www.gameslab.co.nz/products/Space-Marines-Primaris-Intercessors-p605967672,
2026-07-05 22:04:23,Games Lab,Space Marines Primaris Librarian,,unknown,https://www.gameslab.co.nz/products/Space-Marines-Primaris-Librarian-p651995264,
2026-07-05 22:04:25,Games Lab,Space Marines Primaris Reivers,,unknown,https://www.gameslab.co.nz/products/Space-Marines-Primaris-Reivers-p696127817,
2026-07-05 22:04:27,Games Lab,Sylvaneth: Tree-Revenants,,unknown,https://www.gameslab.co.nz/products/Sylvaneth-Tree-Revenants-p695852248,
2026-07-05 22:04:30,Games Lab,Warhammer 40000: Introductory Set,,unknown,https://www.gameslab.co.nz/products/Warhammer-40-000-Introductory-Set-p604427018,
2026-07-05 22:04:33,Goblin Games,Age Of Sigmar: Introductory Set,100.00,in_stock,https://goblingames.nz/products/warhammer-age-of-sigmar-introductory-set,
2026-07-05 22:04:35,Goblin Games,Death Guard: Plague Marine Champion,,not_carried,,
2026-07-05 22:04:35,Goblin Games,Genestealer Cults: Biophagus,,not_carried,,
2026-07-05 22:04:35,Goblin Games,Orruk Warclans: Ardboy Big Boss,,not_carried,,
2026-07-05 22:04:35,Goblin Games,Orruk Warclans: Orruk Brutes,113.00,in_stock,https://goblingames.nz/products/orruk-warclans-orruk-brutes,
2026-07-05 22:04:38,Goblin Games,Space Marines Primaris Librarian,,not_carried,,
2026-07-05 22:04:38,Goblin Games,Space Marines Primaris Reivers,124.50,in_stock,https://goblingames.nz/products/space-marines-primaris-reivers-1,
2026-07-05 22:04:40,Goblin Games,Space Marines: Gladiator,191.00,in_stock,https://goblingames.nz/products/space-marines-gladiator,
2026-07-05 22:04:43,Goblin Games,Space Marines: Primaris Intercessors,130.00,in_stock,https://goblingames.nz/products/space-marines-intercessors,
2026-07-05 22:04:47,Goblin Games,Sylvaneth: Tree-Revenants,95.00,in_stock,https://goblingames.nz/products/sylvaneth-tree-revenants,
2026-07-05 22:04:49,Goblin Games,Warhammer 40000: Introductory Set,,not_carried,,
2026-07-05 22:04:49,Hobby Collective,Age Of Sigmar: Introductory Set,85.60,in_stock,https://thehobbycollective.co.nz/warhammer-age-of-sigmar-introductory-set,
2026-07-05 22:04:52,Hobby Collective,Death Guard: Plague Marine Champion,,not_carried,,
2026-07-05 22:04:52,Hobby Collective,Genestealer Cults: Biophagus,,not_carried,,
2026-07-05 22:04:52,Hobby Collective,Orruk Warclans: Ardboy Big Boss,,not_carried,,
2026-07-05 22:04:52,Hobby Collective,Orruk Warclans: Orruk Brutes,,not_carried,,
2026-07-05 22:04:52,Hobby Collective,Space Marines Primaris Librarian,,not_carried,,
2026-07-05 22:04:52,Hobby Collective,Space Marines Primaris Reivers,,not_carried,,
2026-07-05 22:04:52,Hobby Collective,Space Marines: Gladiator,152.80,in_stock,https://thehobbycollective.co.nz/space-marines-gladiator-impulsor-lancer-valiant-reaper/,
2026-07-05 22:04:54,Hobby Collective,Space Marines: Primaris Intercessors,104.00,in_stock,https://thehobbycollective.co.nz/space-marines-primaris-intercessors/,
2026-07-05 22:04:58,Hobby Collective,Sylvaneth: Tree-Revenants,,not_carried,,
2026-07-05 22:04:58,Hobby Collective,Warhammer 40000: Introductory Set,87.20,in_stock,https://thehobbycollective.co.nz/warhammer-40-000-introductory-set/,
2026-07-05 22:05:00,Hobby Lords,Age Of Sigmar: Introductory Set,98.00,in_stock,https://www.hobbylords.co.nz/products/single/age-of-sigmar:-introductory-set,
2026-07-05 22:05:10,Hobby Lords,Death Guard: Plague Marine Champion,55.00,in_stock,https://www.hobbylords.co.nz/products/single/death-guard-plague-marine-champion,
2026-07-05 22:05:17,Hobby Lords,Genestealer Cults: Biophagus,,not_carried,,
2026-07-05 22:05:17,Hobby Lords,Orruk Warclans: Ardboy Big Boss,,not_carried,,
2026-07-05 22:05:17,Hobby Lords,Orruk Warclans: Orruk Brutes,110.35,in_stock,https://www.hobbylords.co.nz/products/single/orruk-warclans-orruk-brutes,
2026-07-05 22:05:25,Hobby Lords,Space Marines: Gladiator,,not_carried,,
2026-07-05 22:05:25,Hobby Lords,Space Marines: Primaris Intercessors,120.00,in_stock,https://www.hobbylords.co.nz/products/single/space-marines-intercessors,
2026-07-05 22:05:33,Hobby Lords,Space Marines Primaris Librarian,,not_carried,,
2026-07-05 22:05:33,Hobby Lords,Space Marines Primaris Reivers,120.00,in_stock,https://www.hobbylords.co.nz/products/single/space-marines-primaris-reivers,
2026-07-05 22:05:42,Hobby Lords,Sylvaneth: Tree-Revenants,93.00,in_stock,https://www.hobbylords.co.nz/products/single/sylvaneth-tree-revenants,
2026-07-05 22:05:51,Hobby Lords,Warhammer 40000: Introductory Set,100.00,in_stock,https://www.hobbylords.co.nz/products/single/warhammer-40000-introductory-set,
2026-07-05 22:05:59,Hobby Master,Age Of Sigmar: Introductory Set,97.00,in_stock,https://hobbymaster.co.nz/products/product/43416,
2026-07-05 22:06:02,Hobby Master,Death Guard: Plague Marine Champion,54.00,in_stock,https://hobbymaster.co.nz/products/product/40411,
2026-07-05 22:06:04,Hobby Master,Genestealer Cults: Biophagus,54.00,in_stock,https://hobbymaster.co.nz/products/product/31527,
2026-07-05 22:06:08,Hobby Master,Orruk Warclans: Ardboy Big Boss,75.00,in_stock,https://hobbymaster.co.nz/products/product/41743,
2026-07-05 22:06:11,Hobby Master,Orruk Warclans: Orruk Brutes,110.00,in_stock,https://hobbymaster.co.nz/products/product/37181,
2026-07-05 22:06:14,Hobby Master,Space Marines: Gladiator,174.00,in_stock,https://hobbymaster.co.nz/products/product/36228,
2026-07-05 22:06:18,Hobby Master,Space Marines: Primaris Intercessors,118.00,in_stock,https://hobbymaster.co.nz/products/product/28412,
2026-07-05 22:06:22,Hobby Master,Space Marines Primaris Librarian,75.00,in_stock,https://hobbymaster.co.nz/products/product/28221,
2026-07-05 22:06:26,Hobby Master,Space Marines Primaris Reivers,118.00,out_of_stock,https://hobbymaster.co.nz/products/product/28086,
2026-07-05 22:06:29,Hobby Master,Sylvaneth: Tree-Revenants,92.00,in_stock,https://hobbymaster.co.nz/products/product/39777,
2026-07-05 22:06:32,Hobby Master,Warhammer 40000: Introductory Set,99.00,in_stock,https://hobbymaster.co.nz/products/product/41316,
2026-07-05 22:06:36,Iron Knight,Age Of Sigmar: Introductory Set,62.32,in_stock,https://ironknightgaming.co.nz/products/warhammer-age-of-sigmar-introductory-set,
2026-07-05 22:06:38,Iron Knight,Death Guard: Plague Marine Champion,,not_carried,,
2026-07-05 22:06:38,Iron Knight,Genestealer Cults: Biophagus,,not_carried,,
2026-07-05 22:06:38,Iron Knight,Orruk Warclans: Ardboy Big Boss,,not_carried,,
2026-07-05 22:06:38,Iron Knight,Orruk Warclans: Orruk Brutes,70.49,in_stock,https://ironknightgaming.co.nz/products/orruk-warclans-orruk-brutes,
2026-07-05 22:06:41,Iron Knight,Space Marines Primaris Librarian,,not_carried,,
2026-07-05 22:06:41,Iron Knight,Space Marines Primaris Reivers,,not_carried,,
2026-07-05 22:06:41,Iron Knight,Space Marines: Gladiator,111.25,in_stock,https://ironknightgaming.co.nz/products/space-marines-gladiator,
2026-07-05 22:06:45,Iron Knight,Space Marines: Primaris Intercessors,75.72,in_stock,https://ironknightgaming.co.nz/products/space-marines-primaris-intercessors,
2026-07-05 22:06:47,Iron Knight,Sylvaneth: Tree-Revenants,,not_carried,,
2026-07-05 22:06:47,Iron Knight,Warhammer 40000: Introductory Set,59.41,in_stock,https://ironknightgaming.co.nz/products/warhammer-40000-introductory-set,
2026-07-05 22:06:49,Mighty Ape,Age Of Sigmar: Introductory Set,,manual,https://www.mightyape.co.nz/mn/buy/mighty-ape-warhammer-age-of-sigmar-introductory-set-39006494/,Cloudflare protected — update manually
2026-07-05 22:06:52,Mighty Ape,Death Guard: Plague Marine Champion,,not_carried,,
2026-07-05 22:06:52,Mighty Ape,Genestealer Cults: Biophagus,,manual,https://www.mightyape.co.nz/mn/buy/mighty-ape-warhammer-40000-genestealer-cults-biophagus-29189815/,Cloudflare protected — update manually
2026-07-05 22:06:55,Mighty Ape,Orruk Warclans: Ardboy Big Boss,,not_carried,,
2026-07-05 22:06:55,Mighty Ape,Orruk Warclans: Orruk Brutes,,manual,https://www.mightyape.co.nz/mn/buy/mighty-ape-ironjawz-orruk-brutes-25217197/,Cloudflare protected — update manually
2026-07-05 22:06:58,Mighty Ape,Space Marines: Gladiator,,manual,https://www.mightyape.co.nz/product/warhammer-40000-space-marine-gladiator/34016507,Cloudflare protected — update manually
2026-07-05 22:07:00,Mighty Ape,Space Marines: Primaris Intercessors,,manual,https://www.mightyape.co.nz/mn/buy/mighty-ape-warhammer-40000-space-marine-primaris-intercessors-26859092/,Cloudflare protected — update manually
2026-07-05 22:07:03,Mighty Ape,Space Marines Primaris Librarian,,manual,https://www.mightyape.co.nz/product/warhammer-40000-space-marine-primaris-librarian/26853441,Cloudflare protected — update manually
2026-07-05 22:07:07,Mighty Ape,Space Marines Primaris Reivers,,manual,https://www.mightyape.co.nz/product/warhammer-40000-space-marine-primaris-reivers/26856277,Cloudflare protected — update manually
2026-07-05 22:07:09,Mighty Ape,Sylvaneth: Tree-Revenants,,manual,https://www.mightyape.co.nz/product/sylvaneth-tree-revenants/25522630,Cloudflare protected — update manually
2026-07-05 22:07:12,Mighty Ape,Warhammer 40000: Introductory Set,,manual,https://www.mightyape.co.nz/mn/buy/mighty-ape-warhammer-40000-introductory-set-37875024/,Cloudflare protected — update manually
2026-07-05 22:07:13,Nova Games,Age Of Sigmar: Introductory Set,96.50,in_stock,https://novagames.co.nz/products/age-of-sigmar-introductory-set,
2026-07-05 22:07:15,Nova Games,Death Guard: Plague Marine Champion,,not_carried,,
2026-07-05 22:07:15,Nova Games,Orruk Warclans: Ardboy Big Boss,71.00,in_stock,https://novagames.co.nz/products/ardboy-big-boss,
2026-07-05 22:07:18,Nova Games,Orruk Warclans: Orruk Brutes,109.00,in_stock,https://novagames.co.nz/products/orruk-brutes,
2026-07-05 22:07:21,Nova Games,Space Marines Primaris Librarian,,not_carried,,
2026-07-05 22:07:21,Nova Games,Space Marines Primaris Reivers,,not_carried,,
2026-07-05 22:07:21,Nova Games,Space Marines: Gladiator,,not_carried,,
2026-07-05 22:07:21,Nova Games,Space Marines: Primaris Intercessors,117.00,in_stock,https://novagames.co.nz/products/intercessors,
2026-07-05 22:07:24,Nova Games,Sylvaneth: Tree-Revenants,,not_carried,,
2026-07-05 22:07:24,Nova Games,Warhammer 40000: Introductory Set,98.50,in_stock,https://novagames.co.nz/products/warhammer-40-000-introductory-set,
2026-07-05 22:07:26,Nova Games,Genestealer Cults: Biophagus,,not_carried,,
2026-07-05 22:07:26,Vagabond,Age Of Sigmar: Introductory Set,96.00,out_of_stock,https://vagabond.co.nz/warhammer-age-of-sigmar-introductory-set-2024/,
2026-07-05 22:07:29,Vagabond,Death Guard: Plague Marine Champion,51.00,out_of_stock,https://vagabond.co.nz/death-guard-plague-marine-champion/,
2026-07-05 22:07:33,Vagabond,Genestealer Cults: Biophagus,,not_carried,,
2026-07-05 22:07:33,Vagabond,Orruk Warclans: Ardboy Big Boss,66.50,in_stock,https://vagabond.co.nz/orruk-warclans-ardboy-big-boss,
2026-07-05 22:07:36,Vagabond,Orruk Warclans: Orruk Brutes,94.50,in_stock,https://vagabond.co.nz/ironjawz-orruk-brutes/,
2026-07-05 22:07:41,Vagabond,Space Marines: Gladiator,166.50,in_stock,https://vagabond.co.nz/space-marines-gladiator/,
2026-07-05 22:07:44,Vagabond,Space Marines: Primaris Intercessors,117.00,in_stock,https://vagabond.co.nz/space-marines-primaris-intercessors/,
2026-07-05 22:07:47,Vagabond,Space Marines Primaris Librarian,,not_carried,,
2026-07-05 22:07:47,Vagabond,Space Marines Primaris Reivers,117.00,out_of_stock,https://vagabond.co.nz/space-marines-primaris-reivers/,
2026-07-05 22:07:50,Vagabond,Sylvaneth: Tree-Revenants,,not_carried,,
2026-07-05 22:07:50,Vagabond,Warhammer 40000: Introductory Set,98.00,out_of_stock,https://vagabond.co.nz/warhammer-40-000-introductory-set/,
2026-07-12 21:53:27,Bea DnD,Age Of Sigmar: Introductory Set,90.00,in_stock,https://www.beadndgames.co.nz/products/warhammer-age-of-sigmar-introductory-set,
2026-07-12 21:53:30,Bea DnD,Death Guard: Plague Marine Champion,53.00,in_stock,https://www.beadndgames.co.nz/products/death-guard-plague-marine-champion-warhammer-40-000,
2026-07-12 21:53:33,Bea DnD,Genestealer Cults: Biophagus,,not_carried,,
2026-07-12 21:53:33,Bea DnD,Orruk Warclans: Ardboy Big Boss,,not_carried,,
2026-07-12 21:53:33,Bea DnD,Orruk Warclans: Orruk Brutes,,not_carried,,
2026-07-12 21:53:33,Bea DnD,Space Marines: Gladiator,,not_carried,,
2026-07-12 21:53:33,Bea DnD,Space Marines: Primaris Intercessors,120.00,in_stock,https://www.beadndgames.co.nz/products/space-marines-primaris-intercessors-warhammer-40-000,
2026-07-12 21:53:35,Bea DnD,Space Marines Primaris Librarian,78.00,in_stock,https://www.beadndgames.co.nz/products/space-marines-primaris-librarian-warhammer-40-000,
2026-07-12 21:53:38,Bea DnD,Space Marines Primaris Reivers,,not_carried,,
2026-07-12 21:53:38,Bea DnD,Sylvaneth: Tree-Revenants,82.00,in_stock,https://www.beadndgames.co.nz/products/sylvaneth-tree-revenants-warhammer-age-of-sigmar,
2026-07-12 21:53:41,Bea DnD,Warhammer 40000: Introductory Set,95.00,in_stock,https://www.beadndgames.co.nz/products/warhammer-40-000-introductory-set-start-your-warhammer-journey,
2026-07-12 21:53:44,Games Lab,Age Of Sigmar: Introductory Set,,unknown,https://www.gameslab.co.nz/products/Age-Of-Sigmar-Introductory-Set-p686464525,
2026-07-12 21:53:46,Games Lab,Death Guard: Plague Marine Champion,,not_carried,,
2026-07-12 21:53:46,Games Lab,Genestealer Cults: Biophagus,,not_carried,,
2026-07-12 21:53:46,Games Lab,Orruk Warclans: Ardboy Big Boss,,not_carried,,
2026-07-12 21:53:46,Games Lab,Orruk Warclans: Orruk Brutes,,not_carried,,
2026-07-12 21:53:46,Games Lab,Space Marines: Gladiator,,unknown,https://www.gameslab.co.nz/products/Space-Marine-Gladiator-p689900566,
2026-07-12 21:53:49,Games Lab,Space Marines: Primaris Intercessors,,unknown,https://www.gameslab.co.nz/products/Space-Marines-Primaris-Intercessors-p605967672,
2026-07-12 21:53:52,Games Lab,Space Marines Primaris Librarian,,unknown,https://www.gameslab.co.nz/products/Space-Marines-Primaris-Librarian-p651995264,
2026-07-12 21:53:54,Games Lab,Space Marines Primaris Reivers,,unknown,https://www.gameslab.co.nz/products/Space-Marines-Primaris-Reivers-p696127817,
2026-07-12 21:53:55,Games Lab,Sylvaneth: Tree-Revenants,,unknown,https://www.gameslab.co.nz/products/Sylvaneth-Tree-Revenants-p695852248,
2026-07-12 21:53:58,Games Lab,Warhammer 40000: Introductory Set,,unknown,https://www.gameslab.co.nz/products/Warhammer-40-000-Introductory-Set-p604427018,
2026-07-12 21:54:02,Goblin Games,Age Of Sigmar: Introductory Set,100.00,in_stock,https://goblingames.nz/products/warhammer-age-of-sigmar-introductory-set,
2026-07-12 21:54:04,Goblin Games,Death Guard: Plague Marine Champion,,not_carried,,
2026-07-12 21:54:04,Goblin Games,Genestealer Cults: Biophagus,,not_carried,,
2026-07-12 21:54:04,Goblin Games,Orruk Warclans: Ardboy Big Boss,,not_carried,,
2026-07-12 21:54:04,Goblin Games,Orruk Warclans: Orruk Brutes,113.00,in_stock,https://goblingames.nz/products/orruk-warclans-orruk-brutes,
2026-07-12 21:54:06,Goblin Games,Space Marines Primaris Librarian,,not_carried,,
2026-07-12 21:54:06,Goblin Games,Space Marines Primaris Reivers,124.50,in_stock,https://goblingames.nz/products/space-marines-primaris-reivers-1,
2026-07-12 21:54:09,Goblin Games,Space Marines: Gladiator,191.00,in_stock,https://goblingames.nz/products/space-marines-gladiator,
2026-07-12 21:54:12,Goblin Games,Space Marines: Primaris Intercessors,130.00,in_stock,https://goblingames.nz/products/space-marines-intercessors,
2026-07-12 21:54:14,Goblin Games,Sylvaneth: Tree-Revenants,95.00,in_stock,https://goblingames.nz/products/sylvaneth-tree-revenants,
2026-07-12 21:54:17,Goblin Games,Warhammer 40000: Introductory Set,,not_carried,,
2026-07-12 21:54:17,Hobby Collective,Age Of Sigmar: Introductory Set,85.60,in_stock,https://thehobbycollective.co.nz/warhammer-age-of-sigmar-introductory-set,
2026-07-12 21:54:20,Hobby Collective,Death Guard: Plague Marine Champion,,not_carried,,
2026-07-12 21:54:20,Hobby Collective,Genestealer Cults: Biophagus,,not_carried,,
2026-07-12 21:54:20,Hobby Collective,Orruk Warclans: Ardboy Big Boss,,not_carried,,
2026-07-12 21:54:20,Hobby Collective,Orruk Warclans: Orruk Brutes,,not_carried,,
2026-07-12 21:54:20,Hobby Collective,Space Marines Primaris Librarian,,not_carried,,
2026-07-12 21:54:20,Hobby Collective,Space Marines Primaris Reivers,,not_carried,,
2026-07-12 21:54:20,Hobby Collective,Space Marines: Gladiator,152.80,in_stock,https://thehobbycollective.co.nz/space-marines-gladiator-impulsor-lancer-valiant-reaper/,
2026-07-12 21:54:23,Hobby Collective,Space Marines: Primaris Intercessors,104.00,in_stock,https://thehobbycollective.co.nz/space-marines-primaris-intercessors/,
2026-07-12 21:54:26,Hobby Collective,Sylvaneth: Tree-Revenants,,not_carried,,
2026-07-12 21:54:26,Hobby Collective,Warhammer 40000: Introductory Set,87.20,in_stock,https://thehobbycollective.co.nz/warhammer-40-000-introductory-set/,
2026-07-12 21:54:28,Hobby Lords,Age Of Sigmar: Introductory Set,98.00,in_stock,https://www.hobbylords.co.nz/products/single/age-of-sigmar:-introductory-set,
2026-07-12 21:54:39,Hobby Lords,Death Guard: Plague Marine Champion,55.00,in_stock,https://www.hobbylords.co.nz/products/single/death-guard-plague-marine-champion,
2026-07-12 21:54:48,Hobby Lords,Genestealer Cults: Biophagus,,not_carried,,
2026-07-12 21:54:48,Hobby Lords,Orruk Warclans: Ardboy Big Boss,,not_carried,,
2026-07-12 21:54:48,Hobby Lords,Orruk Warclans: Orruk Brutes,110.35,in_stock,https://www.hobbylords.co.nz/products/single/orruk-warclans-orruk-brutes,
2026-07-12 21:54:56,Hobby Lords,Space Marines: Gladiator,,not_carried,,
2026-07-12 21:54:56,Hobby Lords,Space Marines: Primaris Intercessors,120.00,in_stock,https://www.hobbylords.co.nz/products/single/space-marines-intercessors,
2026-07-12 21:55:06,Hobby Lords,Space Marines Primaris Librarian,,not_carried,,
2026-07-12 21:55:06,Hobby Lords,Space Marines Primaris Reivers,120.00,in_stock,https://www.hobbylords.co.nz/products/single/space-marines-primaris-reivers,
2026-07-12 21:55:15,Hobby Lords,Sylvaneth: Tree-Revenants,93.00,in_stock,https://www.hobbylords.co.nz/products/single/sylvaneth-tree-revenants,
2026-07-12 21:55:24,Hobby Lords,Warhammer 40000: Introductory Set,100.00,in_stock,https://www.hobbylords.co.nz/products/single/warhammer-40000-introductory-set,
2026-07-12 21:55:33,Hobby Master,Age Of Sigmar: Introductory Set,97.00,in_stock,https://hobbymaster.co.nz/products/product/43416,
2026-07-12 21:55:35,Hobby Master,Death Guard: Plague Marine Champion,54.00,in_stock,https://hobbymaster.co.nz/products/product/40411,
2026-07-12 21:55:39,Hobby Master,Genestealer Cults: Biophagus,54.00,in_stock,https://hobbymaster.co.nz/products/product/31527,
2026-07-12 21:55:43,Hobby Master,Orruk Warclans: Ardboy Big Boss,75.00,in_stock,https://hobbymaster.co.nz/products/product/41743,
2026-07-12 21:55:45,Hobby Master,Orruk Warclans: Orruk Brutes,110.00,in_stock,https://hobbymaster.co.nz/products/product/37181,
2026-07-12 21:55:47,Hobby Master,Space Marines: Gladiator,174.00,out_of_stock,https://hobbymaster.co.nz/products/product/36228,
2026-07-12 21:55:51,Hobby Master,Space Marines: Primaris Intercessors,118.00,in_stock,https://hobbymaster.co.nz/products/product/28412,
2026-07-12 21:55:53,Hobby Master,Space Marines Primaris Librarian,75.00,in_stock,https://hobbymaster.co.nz/products/product/28221,
2026-07-12 21:55:56,Hobby Master,Space Marines Primaris Reivers,118.00,in_stock,https://hobbymaster.co.nz/products/product/28086,
2026-07-12 21:55:58,Hobby Master,Sylvaneth: Tree-Revenants,92.00,in_stock,https://hobbymaster.co.nz/products/product/39777,
2026-07-12 21:56:01,Hobby Master,Warhammer 40000: Introductory Set,355.30,in_stock,https://hobbymaster.co.nz/products/product/41316,
2026-07-12 21:56:04,Iron Knight,Age Of Sigmar: Introductory Set,62.88,in_stock,https://ironknightgaming.co.nz/products/warhammer-age-of-sigmar-introductory-set,
2026-07-12 21:56:07,Iron Knight,Death Guard: Plague Marine Champion,,not_carried,,
2026-07-12 21:56:07,Iron Knight,Genestealer Cults: Biophagus,,not_carried,,
2026-07-12 21:56:07,Iron Knight,Orruk Warclans: Ardboy Big Boss,,not_carried,,
2026-07-12 21:56:07,Iron Knight,Orruk Warclans: Orruk Brutes,71.11,in_stock,https://ironknightgaming.co.nz/products/orruk-warclans-orruk-brutes,
2026-07-12 21:56:09,Iron Knight,Space Marines Primaris Librarian,,not_carried,,
2026-07-12 21:56:09,Iron Knight,Space Marines Primaris Reivers,,not_carried,,
2026-07-12 21:56:09,Iron Knight,Space Marines: Gladiator,112.25,in_stock,https://ironknightgaming.co.nz/products/space-marines-gladiator,
2026-07-12 21:56:12,Iron Knight,Space Marines: Primaris Intercessors,76.40,in_stock,https://ironknightgaming.co.nz/products/space-marines-primaris-intercessors,
2026-07-12 21:56:14,Iron Knight,Sylvaneth: Tree-Revenants,,not_carried,,
2026-07-12 21:56:14,Iron Knight,Warhammer 40000: Introductory Set,59.94,in_stock,https://ironknightgaming.co.nz/products/warhammer-40000-introductory-set,
2026-07-12 21:56:18,Mighty Ape,Age Of Sigmar: Introductory Set,,manual,https://www.mightyape.co.nz/mn/buy/mighty-ape-warhammer-age-of-sigmar-introductory-set-39006494/,Cloudflare protected — update manually
2026-07-12 21:56:19,Mighty Ape,Death Guard: Plague Marine Champion,,not_carried,,
2026-07-12 21:56:19,Mighty Ape,Genestealer Cults: Biophagus,,manual,https://www.mightyape.co.nz/mn/buy/mighty-ape-warhammer-40000-genestealer-cults-biophagus-29189815/,Cloudflare protected — update manually
2026-07-12 21:56:21,Mighty Ape,Orruk Warclans: Ardboy Big Boss,,not_carried,,
2026-07-12 21:56:21,Mighty Ape,Orruk Warclans: Orruk Brutes,,manual,https://www.mightyape.co.nz/mn/buy/mighty-ape-ironjawz-orruk-brutes-25217197/,Cloudflare protected — update manually
2026-07-12 21:56:24,Mighty Ape,Space Marines: Gladiator,,manual,https://www.mightyape.co.nz/product/warhammer-40000-space-marine-gladiator/34016507,Cloudflare protected — update manually
2026-07-12 21:56:28,Mighty Ape,Space Marines: Primaris Intercessors,,manual,https://www.mightyape.co.nz/mn/buy/mighty-ape-warhammer-40000-space-marine-primaris-intercessors-26859092/,Cloudflare protected — update manually
2026-07-12 21:56:30,Mighty Ape,Space Marines Primaris Librarian,,manual,https://www.mightyape.co.nz/product/warhammer-40000-space-marine-primaris-librarian/26853441,Cloudflare protected — update manually
2026-07-12 21:56:33,Mighty Ape,Space Marines Primaris Reivers,,manual,https://www.mightyape.co.nz/product/warhammer-40000-space-marine-primaris-reivers/26856277,Cloudflare protected — update manually
2026-07-12 21:56:35,Mighty Ape,Sylvaneth: Tree-Revenants,,manual,https://www.mightyape.co.nz/product/sylvaneth-tree-revenants/25522630,Cloudflare protected — update manually
2026-07-12 21:56:37,Mighty Ape,Warhammer 40000: Introductory Set,,manual,https://www.mightyape.co.nz/mn/buy/mighty-ape-warhammer-40000-introductory-set-37875024/,Cloudflare protected — update manually
2026-07-12 21:56:39,Nova Games,Age Of Sigmar: Introductory Set,96.50,in_stock,https://novagames.co.nz/products/age-of-sigmar-introductory-set,
2026-07-12 21:56:42,Nova Games,Death Guard: Plague Marine Champion,,not_carried,,
2026-07-12 21:56:42,Nova Games,Orruk Warclans: Ardboy Big Boss,71.00,in_stock,https://novagames.co.nz/products/ardboy-big-boss,
2026-07-12 21:56:44,Nova Games,Orruk Warclans: Orruk Brutes,109.00,in_stock,https://novagames.co.nz/products/orruk-brutes,
2026-07-12 21:56:47,Nova Games,Space Marines Primaris Librarian,,not_carried,,
2026-07-12 21:56:47,Nova Games,Space Marines Primaris Reivers,,not_carried,,
2026-07-12 21:56:47,Nova Games,Space Marines: Gladiator,,not_carried,,
2026-07-12 21:56:47,Nova Games,Space Marines: Primaris Intercessors,117.00,in_stock,https://novagames.co.nz/products/intercessors,
2026-07-12 21:56:50,Nova Games,Sylvaneth: Tree-Revenants,,not_carried,,
2026-07-12 21:56:50,Nova Games,Warhammer 40000: Introductory Set,98.50,in_stock,https://novagames.co.nz/products/warhammer-40-000-introductory-set,
2026-07-12 21:56:53,Nova Games,Genestealer Cults: Biophagus,,not_carried,,
2026-07-12 21:56:53,Vagabond,Age Of Sigmar: Introductory Set,96.00,out_of_stock,https://vagabond.co.nz/warhammer-age-of-sigmar-introductory-set-2024/,
2026-07-12 21:56:56,Vagabond,Death Guard: Plague Marine Champion,51.00,out_of_stock,https://vagabond.co.nz/death-guard-plague-marine-champion/,
2026-07-12 21:57:00,Vagabond,Genestealer Cults: Biophagus,,not_carried,,
2026-07-12 21:57:00,Vagabond,Orruk Warclans: Ardboy Big Boss,66.50,in_stock,https://vagabond.co.nz/orruk-warclans-ardboy-big-boss,
2026-07-12 21:57:03,Vagabond,Orruk Warclans: Orruk Brutes,94.50,in_stock,https://vagabond.co.nz/ironjawz-orruk-brutes/,
2026-07-12 21:57:07,Vagabond,Space Marines: Gladiator,166.50,in_stock,https://vagabond.co.nz/space-marines-gladiator/,
2026-07-12 21:57:10,Vagabond,Space Marines: Primaris Intercessors,117.00,in_stock,https://vagabond.co.nz/space-marines-primaris-intercessors/,
2026-07-12 21:57:13,Vagabond,Space Marines Primaris Librarian,,not_carried,,
2026-07-12 21:57:13,Vagabond,Space Marines Primaris Reivers,117.00,out_of_stock,https://vagabond.co.nz/space-marines-primaris-reivers/,
2026-07-12 21:57:16,Vagabond,Sylvaneth: Tree-Revenants,,not_carried,,
2026-07-12 21:57:16,Vagabond,Warhammer 40000: Introductory Set,98.00,out_of_stock,https://vagabond.co.nz/warhammer-40-000-introductory-set/,
2026-07-19 21:55:32,Bea DnD,Age Of Sigmar: Introductory Set,90.00,in_stock,https://www.beadndgames.co.nz/products/warhammer-age-of-sigmar-introductory-set,
2026-07-19 21:55:35,Bea DnD,Death Guard: Plague Marine Champion,53.00,in_stock,https://www.beadndgames.co.nz/products/death-guard-plague-marine-champion-warhammer-40-000,
2026-07-19 21:55:37,Bea DnD,Genestealer Cults: Biophagus,,not_carried,,
2026-07-19 21:55:37,Bea DnD,Orruk Warclans: Ardboy Big Boss,,not_carried,,
2026-07-19 21:55:37,Bea DnD,Orruk Warclans: Orruk Brutes,,not_carried,,
2026-07-19 21:55:37,Bea DnD,Space Marines: Gladiator,,not_carried,,
2026-07-19 21:55:37,Bea DnD,Space Marines: Primaris Intercessors,120.00,in_stock,https://www.beadndgames.co.nz/products/space-marines-primaris-intercessors-warhammer-40-000,
2026-07-19 21:55:39,Bea DnD,Space Marines Primaris Librarian,78.00,in_stock,https://www.beadndgames.co.nz/products/space-marines-primaris-librarian-warhammer-40-000,
2026-07-19 21:55:43,Bea DnD,Space Marines Primaris Reivers,,not_carried,,
2026-07-19 21:55:43,Bea DnD,Sylvaneth: Tree-Revenants,82.00,in_stock,https://www.beadndgames.co.nz/products/sylvaneth-tree-revenants-warhammer-age-of-sigmar,
2026-07-19 21:55:45,Bea DnD,Warhammer 40000: Introductory Set,95.00,in_stock,https://www.beadndgames.co.nz/products/warhammer-40-000-introductory-set-start-your-warhammer-journey,
2026-07-19 21:55:48,Games Lab,Age Of Sigmar: Introductory Set,,unknown,https://www.gameslab.co.nz/products/Age-Of-Sigmar-Introductory-Set-p686464525,
2026-07-19 21:55:51,Games Lab,Death Guard: Plague Marine Champion,,not_carried,,
2026-07-19 21:55:51,Games Lab,Genestealer Cults: Biophagus,,not_carried,,
2026-07-19 21:55:51,Games Lab,Orruk Warclans: Ardboy Big Boss,,not_carried,,
2026-07-19 21:55:51,Games Lab,Orruk Warclans: Orruk Brutes,,not_carried,,
2026-07-19 21:55:51,Games Lab,Space Marines: Gladiator,,unknown,https://www.gameslab.co.nz/products/Space-Marine-Gladiator-p689900566,
2026-07-19 21:55:54,Games Lab,Space Marines: Primaris Intercessors,,unknown,https://www.gameslab.co.nz/products/Space-Marines-Primaris-Intercessors-p605967672,
2026-07-19 21:55:56,Games Lab,Space Marines Primaris Librarian,,unknown,https://www.gameslab.co.nz/products/Space-Marines-Primaris-Librarian-p651995264,
2026-07-19 21:55:58,Games Lab,Space Marines Primaris Reivers,,unknown,https://www.gameslab.co.nz/products/Space-Marines-Primaris-Reivers-p696127817,
2026-07-19 21:56:02,Games Lab,Sylvaneth: Tree-Revenants,,unknown,https://www.gameslab.co.nz/products/Sylvaneth-Tree-Revenants-p695852248,
2026-07-19 21:56:04,Games Lab,Warhammer 40000: Introductory Set,,unknown,https://www.gameslab.co.nz/products/Warhammer-40-000-Introductory-Set-p604427018,
2026-07-19 21:56:05,Goblin Games,Age Of Sigmar: Introductory Set,100.00,in_stock,https://goblingames.nz/products/warhammer-age-of-sigmar-introductory-set,
2026-07-19 21:56:09,Goblin Games,Death Guard: Plague Marine Champion,,not_carried,,
2026-07-19 21:56:09,Goblin Games,Genestealer Cults: Biophagus,,not_carried,,
2026-07-19 21:56:09,Goblin Games,Orruk Warclans: Ardboy Big Boss,,not_carried,,
2026-07-19 21:56:09,Goblin Games,Orruk Warclans: Orruk Brutes,113.00,in_stock,https://goblingames.nz/products/orruk-warclans-orruk-brutes,
2026-07-19 21:56:12,Goblin Games,Space Marines Primaris Librarian,,not_carried,,
2026-07-19 21:56:12,Goblin Games,Space Marines Primaris Reivers,124.50,in_stock,https://goblingames.nz/products/space-marines-primaris-reivers-1,
2026-07-19 21:56:14,Goblin Games,Space Marines: Gladiator,191.00,in_stock,https://goblingames.nz/products/space-marines-gladiator,
2026-07-19 21:56:17,Goblin Games,Space Marines: Primaris Intercessors,130.00,in_stock,https://goblingames.nz/products/space-marines-intercessors,
2026-07-19 21:56:19,Goblin Games,Sylvaneth: Tree-Revenants,95.00,in_stock,https://goblingames.nz/products/sylvaneth-tree-revenants,
2026-07-19 21:56:22,Goblin Games,Warhammer 40000: Introductory Set,,not_carried,,
2026-07-19 21:56:22,Hobby Collective,Age Of Sigmar: Introductory Set,85.60,in_stock,https://thehobbycollective.co.nz/warhammer-age-of-sigmar-introductory-set,
2026-07-19 21:56:26,Hobby Collective,Death Guard: Plague Marine Champion,,not_carried,,
2026-07-19 21:56:26,Hobby Collective,Genestealer Cults: Biophagus,,not_carried,,
2026-07-19 21:56:26,Hobby Collective,Orruk Warclans: Ardboy Big Boss,,not_carried,,
2026-07-19 21:56:26,Hobby Collective,Orruk Warclans: Orruk Brutes,,not_carried,,
2026-07-19 21:56:26,Hobby Collective,Space Marines Primaris Librarian,,not_carried,,
2026-07-19 21:56:26,Hobby Collective,Space Marines Primaris Reivers,,not_carried,,
2026-07-19 21:56:26,Hobby Collective,Space Marines: Gladiator,152.80,in_stock,https://thehobbycollective.co.nz/space-marines-gladiator-impulsor-lancer-valiant-reaper/,
2026-07-19 21:56:30,Hobby Collective,Space Marines: Primaris Intercessors,104.00,in_stock,https://thehobbycollective.co.nz/space-marines-primaris-intercessors/,
2026-07-19 21:56:33,Hobby Collective,Sylvaneth: Tree-Revenants,,not_carried,,
2026-07-19 21:56:33,Hobby Collective,Warhammer 40000: Introductory Set,87.20,in_stock,https://thehobbycollective.co.nz/warhammer-40-000-introductory-set/,
2026-07-19 21:56:36,Hobby Lords,Age Of Sigmar: Introductory Set,98.00,in_stock,https://www.hobbylords.co.nz/products/single/age-of-sigmar:-introductory-set,
2026-07-19 21:56:46,Hobby Lords,Death Guard: Plague Marine Champion,55.00,in_stock,https://www.hobbylords.co.nz/products/single/death-guard-plague-marine-champion,
2026-07-19 21:56:56,Hobby Lords,Genestealer Cults: Biophagus,,not_carried,,
2026-07-19 21:56:56,Hobby Lords,Orruk Warclans: Ardboy Big Boss,,not_carried,,
2026-07-19 21:56:56,Hobby Lords,Orruk Warclans: Orruk Brutes,110.35,in_stock,https://www.hobbylords.co.nz/products/single/orruk-warclans-orruk-brutes,
2026-07-19 21:57:05,Hobby Lords,Space Marines: Gladiator,,not_carried,,
2026-07-19 21:57:05,Hobby Lords,Space Marines: Primaris Intercessors,120.00,in_stock,https://www.hobbylords.co.nz/products/single/space-marines-intercessors,
2026-07-19 21:57:14,Hobby Lords,Space Marines Primaris Librarian,,not_carried,,
2026-07-19 21:57:14,Hobby Lords,Space Marines Primaris Reivers,120.00,in_stock,https://www.hobbylords.co.nz/products/single/space-marines-primaris-reivers,
2026-07-19 21:57:24,Hobby Lords,Sylvaneth: Tree-Revenants,93.00,in_stock,https://www.hobbylords.co.nz/products/single/sylvaneth-tree-revenants,
2026-07-19 21:57:33,Hobby Lords,Warhammer 40000: Introductory Set,100.00,in_stock,https://www.hobbylords.co.nz/products/single/warhammer-40000-introductory-set,
2026-07-19 21:57:42,Hobby Master,Age Of Sigmar: Introductory Set,,unknown,https://hobbymaster.co.nz/products/product/43416,
2026-07-19 21:57:45,Hobby Master,Death Guard: Plague Marine Champion,,unknown,https://hobbymaster.co.nz/products/product/40411,
2026-07-19 21:57:48,Hobby Master,Genestealer Cults: Biophagus,,unknown,https://hobbymaster.co.nz/products/product/31527,
2026-07-19 21:57:52,Hobby Master,Orruk Warclans: Ardboy Big Boss,,unknown,https://hobbymaster.co.nz/products/product/41743,
2026-07-19 21:57:54,Hobby Master,Orruk Warclans: Orruk Brutes,,unknown,https://hobbymaster.co.nz/products/product/37181,
2026-07-19 21:57:58,Hobby Master,Space Marines: Gladiator,,unknown,https://hobbymaster.co.nz/products/product/36228,
2026-07-19 21:58:01,Hobby Master,Space Marines: Primaris Intercessors,,unknown,https://hobbymaster.co.nz/products/product/28412,
2026-07-19 21:58:05,Hobby Master,Space Marines Primaris Librarian,,unknown,https://hobbymaster.co.nz/products/product/28221,
2026-07-19 21:58:09,Hobby Master,Space Marines Primaris Reivers,,unknown,https://hobbymaster.co.nz/products/product/28086,
2026-07-19 21:58:12,Hobby Master,Sylvaneth: Tree-Revenants,,unknown,https://hobbymaster.co.nz/products/product/39777,
2026-07-19 21:58:16,Hobby Master,Warhammer 40000: Introductory Set,,unknown,https://hobbymaster.co.nz/products/product/41316,
2026-07-19 21:58:19,Iron Knight,Age Of Sigmar: Introductory Set,63.67,in_stock,https://ironknightgaming.co.nz/products/warhammer-age-of-sigmar-introductory-set,
2026-07-19 21:58:23,Iron Knight,Death Guard: Plague Marine Champion,,not_carried,,
2026-07-19 21:58:23,Iron Knight,Genestealer Cults: Biophagus,,not_carried,,
2026-07-19 21:58:23,Iron Knight,Orruk Warclans: Ardboy Big Boss,,not_carried,,
2026-07-19 21:58:23,Iron Knight,Orruk Warclans: Orruk Brutes,72.00,in_stock,https://ironknightgaming.co.nz/products/orruk-warclans-orruk-brutes,
2026-07-19 21:58:26,Iron Knight,Space Marines Primaris Librarian,,not_carried,,
2026-07-19 21:58:26,Iron Knight,Space Marines Primaris Reivers,,not_carried,,
2026-07-19 21:58:26,Iron Knight,Space Marines: Gladiator,113.66,in_stock,https://ironknightgaming.co.nz/products/space-marines-gladiator,
2026-07-19 21:58:30,Iron Knight,Space Marines: Primaris Intercessors,77.36,in_stock,https://ironknightgaming.co.nz/products/space-marines-primaris-intercessors,
2026-07-19 21:58:34,Iron Knight,Sylvaneth: Tree-Revenants,,not_carried,,
2026-07-19 21:58:34,Iron Knight,Warhammer 40000: Introductory Set,60.70,in_stock,https://ironknightgaming.co.nz/products/warhammer-40000-introductory-set,
2026-07-19 21:58:36,Mighty Ape,Age Of Sigmar: Introductory Set,,manual,https://www.mightyape.co.nz/mn/buy/mighty-ape-warhammer-age-of-sigmar-introductory-set-39006494/,Cloudflare protected — update manually
2026-07-19 21:58:38,Mighty Ape,Death Guard: Plague Marine Champion,,not_carried,,
2026-07-19 21:58:38,Mighty Ape,Genestealer Cults: Biophagus,,manual,https://www.mightyape.co.nz/mn/buy/mighty-ape-warhammer-40000-genestealer-cults-biophagus-29189815/,Cloudflare protected — update manually
2026-07-19 21:58:41,Mighty Ape,Orruk Warclans: Ardboy Big Boss,,not_carried,,
2026-07-19 21:58:41,Mighty Ape,Orruk Warclans: Orruk Brutes,,manual,https://www.mightyape.co.nz/mn/buy/mighty-ape-ironjawz-orruk-brutes-25217197/,Cloudflare protected — update manually
2026-07-19 21:58:43,Mighty Ape,Space Marines: Gladiator,,manual,https://www.mightyape.co.nz/product/warhammer-40000-space-marine-gladiator/34016507,Cloudflare protected — update manually
2026-07-19 21:58:46,Mighty Ape,Space Marines: Primaris Intercessors,,manual,https://www.mightyape.co.nz/mn/buy/mighty-ape-warhammer-40000-space-marine-primaris-intercessors-26859092/,Cloudflare protected — update manually
2026-07-19 21:58:48,Mighty Ape,Space Marines Primaris Librarian,,manual,https://www.mightyape.co.nz/product/warhammer-40000-space-marine-primaris-librarian/26853441,Cloudflare protected — update manually
2026-07-19 21:58:51,Mighty Ape,Space Marines Primaris Reivers,,manual,https://www.mightyape.co.nz/product/warhammer-40000-space-marine-primaris-reivers/26856277,Cloudflare protected — update manually
2026-07-19 21:58:54,Mighty Ape,Sylvaneth: Tree-Revenants,,manual,https://www.mightyape.co.nz/product/sylvaneth-tree-revenants/25522630,Cloudflare protected — update manually
2026-07-19 21:58:55,Mighty Ape,Warhammer 40000: Introductory Set,,manual,https://www.mightyape.co.nz/mn/buy/mighty-ape-warhammer-40000-introductory-set-37875024/,Cloudflare protected — update manually
2026-07-19 21:58:57,Nova Games,Age Of Sigmar: Introductory Set,96.50,in_stock,https://novagames.co.nz/products/age-of-sigmar-introductory-set,
2026-07-19 21:59:01,Nova Games,Death Guard: Plague Marine Champion,,not_carried,,
2026-07-19 21:59:01,Nova Games,Orruk Warclans: Ardboy Big Boss,71.00,in_stock,https://novagames.co.nz/products/ardboy-big-boss,
2026-07-19 21:59:04,Nova Games,Orruk Warclans: Orruk Brutes,109.00,in_stock,https://novagames.co.nz/products/orruk-brutes,
2026-07-19 21:59:06,Nova Games,Space Marines Primaris Librarian,,not_carried,,
2026-07-19 21:59:06,Nova Games,Space Marines Primaris Reivers,,not_carried,,
2026-07-19 21:59:06,Nova Games,Space Marines: Gladiator,,not_carried,,
2026-07-19 21:59:06,Nova Games,Space Marines: Primaris Intercessors,117.00,in_stock,https://novagames.co.nz/products/intercessors,
2026-07-19 21:59:08,Nova Games,Sylvaneth: Tree-Revenants,,not_carried,,
2026-07-19 21:59:08,Nova Games,Warhammer 40000: Introductory Set,98.50,in_stock,https://novagames.co.nz/products/warhammer-40-000-introductory-set,
2026-07-19 21:59:10,Nova Games,Genestealer Cults: Biophagus,,not_carried,,
2026-07-19 21:59:10,Vagabond,Age Of Sigmar: Introductory Set,96.00,out_of_stock,https://vagabond.co.nz/warhammer-age-of-sigmar-introductory-set-2024/,
2026-07-19 21:59:13,Vagabond,Death Guard: Plague Marine Champion,51.00,out_of_stock,https://vagabond.co.nz/death-guard-plague-marine-champion/,
2026-07-19 21:59:16,Vagabond,Genestealer Cults: Biophagus,,not_carried,,
2026-07-19 21:59:16,Vagabond,Orruk Warclans: Ardboy Big Boss,66.50,in_stock,https://vagabond.co.nz/orruk-warclans-ardboy-big-boss,
2026-07-19 21:59:19,Vagabond,Orruk Warclans: Orruk Brutes,94.50,in_stock,https://vagabond.co.nz/ironjawz-orruk-brutes/,
2026-07-19 21:59:23,Vagabond,Space Marines: Gladiator,166.50,in_stock,https://vagabond.co.nz/space-marines-gladiator/,
2026-07-19 21:59:27,Vagabond,Space Marines: Primaris Intercessors,117.00,in_stock,https://vagabond.co.nz/space-marines-primaris-intercessors/,
2026-07-19 21:59:29,Vagabond,Space Marines Primaris Librarian,,not_carried,,
2026-07-19 21:59:29,Vagabond,Space Marines Primaris Reivers,117.00,out_of_stock,https://vagabond.co.nz/space-marines-primaris-reivers/,
2026-07-19 21:59:32,Vagabond,Sylvaneth: Tree-Revenants,,not_carried,,
2026-07-19 21:59:32,Vagabond,Warhammer 40000: Introductory Set,98.00,out_of_stock,https://vagabond.co.nz/warhammer-40-000-introductory-set/,
2026-07-26 22:02:05,Bea DnD,Age Of Sigmar: Introductory Set,90.00,in_stock,https://www.beadndgames.co.nz/products/warhammer-age-of-sigmar-introductory-set,
2026-07-26 22:02:09,Bea DnD,Death Guard: Plague Marine Champion,53.00,in_stock,https://www.beadndgames.co.nz/products/death-guard-plague-marine-champion-warhammer-40-000,
2026-07-26 22:02:12,Bea DnD,Genestealer Cults: Biophagus,,not_carried,,
2026-07-26 22:02:12,Bea DnD,Orruk Warclans: Ardboy Big Boss,,not_carried,,
2026-07-26 22:02:12,Bea DnD,Orruk Warclans: Orruk Brutes,,not_carried,,
2026-07-26 22:02:12,Bea DnD,Space Marines: Gladiator,,not_carried,,
2026-07-26 22:02:12,Bea DnD,Space Marines: Primaris Intercessors,120.00,in_stock,https://www.beadndgames.co.nz/products/space-marines-primaris-intercessors-warhammer-40-000,
2026-07-26 22:02:15,Bea DnD,Space Marines Primaris Librarian,78.00,in_stock,https://www.beadndgames.co.nz/products/space-marines-primaris-librarian-warhammer-40-000,
2026-07-26 22:02:18,Bea DnD,Space Marines Primaris Reivers,,not_carried,,
2026-07-26 22:02:18,Bea DnD,Sylvaneth: Tree-Revenants,82.00,in_stock,https://www.beadndgames.co.nz/products/sylvaneth-tree-revenants-warhammer-age-of-sigmar,
2026-07-26 22:02:21,Bea DnD,Warhammer 40000: Introductory Set,95.00,in_stock,https://www.beadndgames.co.nz/products/warhammer-40-000-introductory-set-start-your-warhammer-journey,
2026-07-26 22:02:24,Games Lab,Age Of Sigmar: Introductory Set,,unknown,https://www.gameslab.co.nz/products/Age-Of-Sigmar-Introductory-Set-p686464525,
2026-07-26 22:02:27,Games Lab,Death Guard: Plague Marine Champion,,not_carried,,
2026-07-26 22:02:27,Games Lab,Genestealer Cults: Biophagus,,not_carried,,
2026-07-26 22:02:27,Games Lab,Orruk Warclans: Ardboy Big Boss,,not_carried,,
2026-07-26 22:02:27,Games Lab,Orruk Warclans: Orruk Brutes,,not_carried,,
2026-07-26 22:02:27,Games Lab,Space Marines: Gladiator,,error,https://www.gameslab.co.nz/products/Space-Marine-Gladiator-p689900566,"HTTPSConnectionPool(host='www.gameslab.co.nz', port=443): Read timed out. (read timeout=15)"
2026-07-26 22:02:45,Games Lab,Space Marines: Primaris Intercessors,,unknown,https://www.gameslab.co.nz/products/Space-Marines-Primaris-Intercessors-p605967672,
2026-07-26 22:02:48,Games Lab,Space Marines Primaris Librarian,,unknown,https://www.gameslab.co.nz/products/Space-Marines-Primaris-Librarian-p651995264,
2026-07-26 22:02:52,Games Lab,Space Marines Primaris Reivers,,unknown,https://www.gameslab.co.nz/products/Space-Marines-Primaris-Reivers-p696127817,
2026-07-26 22:02:54,Games Lab,Sylvaneth: Tree-Revenants,,unknown,https://www.gameslab.co.nz/products/Sylvaneth-Tree-Revenants-p695852248,
2026-07-26 22:02:58,Games Lab,Warhammer 40000: Introductory Set,,unknown,https://www.gameslab.co.nz/products/Warhammer-40-000-Introductory-Set-p604427018,
2026-07-26 22:03:02,Goblin Games,Age Of Sigmar: Introductory Set,100.00,in_stock,https://goblingames.nz/products/warhammer-age-of-sigmar-introductory-set,
2026-07-26 22:03:05,Goblin Games,Death Guard: Plague Marine Champion,,not_carried,,
2026-07-26 22:03:05,Goblin Games,Genestealer Cults: Biophagus,,not_carried,,
2026-07-26 22:03:05,Goblin Games,Orruk Warclans: Ardboy Big Boss,,not_carried,,
2026-07-26 22:03:05,Goblin Games,Orruk Warclans: Orruk Brutes,113.00,in_stock,https://goblingames.nz/products/orruk-warclans-orruk-brutes,
2026-07-26 22:03:08,Goblin Games,Space Marines Primaris Librarian,,not_carried,,
2026-07-26 22:03:08,Goblin Games,Space Marines Primaris Reivers,124.50,in_stock,https://goblingames.nz/products/space-marines-primaris-reivers-1,
2026-07-26 22:03:10,Goblin Games,Space Marines: Gladiator,191.00,in_stock,https://goblingames.nz/products/space-marines-gladiator,
2026-07-26 22:03:14,Goblin Games,Space Marines: Primaris Intercessors,130.00,in_stock,https://goblingames.nz/products/space-marines-intercessors,
2026-07-26 22:03:17,Goblin Games,Sylvaneth: Tree-Revenants,95.00,in_stock,https://goblingames.nz/products/sylvaneth-tree-revenants,
2026-07-26 22:03:20,Goblin Games,Warhammer 40000: Introductory Set,,not_carried,,
2026-07-26 22:03:20,Hobby Collective,Age Of Sigmar: Introductory Set,85.60,in_stock,https://thehobbycollective.co.nz/warhammer-age-of-sigmar-introductory-set,
2026-07-26 22:03:22,Hobby Collective,Death Guard: Plague Marine Champion,,not_carried,,
2026-07-26 22:03:22,Hobby Collective,Genestealer Cults: Biophagus,,not_carried,,
2026-07-26 22:03:22,Hobby Collective,Orruk Warclans: Ardboy Big Boss,,not_carried,,
2026-07-26 22:03:22,Hobby Collective,Orruk Warclans: Orruk Brutes,,not_carried,,
2026-07-26 22:03:22,Hobby Collective,Space Marines Primaris Librarian,,not_carried,,
2026-07-26 22:03:22,Hobby Collective,Space Marines Primaris Reivers,,not_carried,,
2026-07-26 22:03:22,Hobby Collective,Space Marines: Gladiator,152.80,in_stock,https://thehobbycollective.co.nz/space-marines-gladiator-impulsor-lancer-valiant-reaper/,
2026-07-26 22:03:26,Hobby Collective,Space Marines: Primaris Intercessors,104.00,in_stock,https://thehobbycollective.co.nz/space-marines-primaris-intercessors/,
2026-07-26 22:03:29,Hobby Collective,Sylvaneth: Tree-Revenants,,not_carried,,
2026-07-26 22:03:29,Hobby Collective,Warhammer 40000: Introductory Set,87.20,in_stock,https://thehobbycollective.co.nz/warhammer-40-000-introductory-set/,
2026-07-26 22:03:32,Hobby Lords,Age Of Sigmar: Introductory Set,98.00,in_stock,https://www.hobbylords.co.nz/products/single/age-of-sigmar:-introductory-set,
2026-07-26 22:03:41,Hobby Lords,Death Guard: Plague Marine Champion,55.00,in_stock,https://www.hobbylords.co.nz/products/single/death-guard-plague-marine-champion,
2026-07-26 22:03:50,Hobby Lords,Genestealer Cults: Biophagus,,not_carried,,
2026-07-26 22:03:50,Hobby Lords,Orruk Warclans: Ardboy Big Boss,,not_carried,,
2026-07-26 22:03:50,Hobby Lords,Orruk Warclans: Orruk Brutes,110.35,in_stock,https://www.hobbylords.co.nz/products/single/orruk-warclans-orruk-brutes,
2026-07-26 22:03:58,Hobby Lords,Space Marines: Gladiator,,not_carried,,
2026-07-26 22:03:58,Hobby Lords,Space Marines: Primaris Intercessors,120.00,in_stock,https://www.hobbylords.co.nz/products/single/space-marines-intercessors,
2026-07-26 22:04:07,Hobby Lords,Space Marines Primaris Librarian,,not_carried,,
2026-07-26 22:04:07,Hobby Lords,Space Marines Primaris Reivers,120.00,in_stock,https://www.hobbylords.co.nz/products/single/space-marines-primaris-reivers,
2026-07-26 22:04:16,Hobby Lords,Sylvaneth: Tree-Revenants,93.00,in_stock,https://www.hobbylords.co.nz/products/single/sylvaneth-tree-revenants,
2026-07-26 22:04:24,Hobby Lords,Warhammer 40000: Introductory Set,100.00,in_stock,https://www.hobbylords.co.nz/products/single/warhammer-40000-introductory-set,
2026-07-26 22:04:32,Hobby Master,Age Of Sigmar: Introductory Set,12.35,in_stock,https://hobbymaster.co.nz/products/product/43416,
2026-07-26 22:04:35,Hobby Master,Death Guard: Plague Marine Champion,54.00,in_stock,https://hobbymaster.co.nz/products/product/40411,
2026-07-26 22:04:37,Hobby Master,Genestealer Cults: Biophagus,12.35,in_stock,https://hobbymaster.co.nz/products/product/31527,
2026-07-26 22:04:39,Hobby Master,Orruk Warclans: Ardboy Big Boss,75.00,in_stock,https://hobbymaster.co.nz/products/product/41743,
2026-07-26 22:04:42,Hobby Master,Orruk Warclans: Orruk Brutes,110.00,in_stock,https://hobbymaster.co.nz/products/product/37181,
2026-07-26 22:04:46,Hobby Master,Space Marines: Gladiator,174.00,in_stock,https://hobbymaster.co.nz/products/product/36228,
2026-07-26 22:04:48,Hobby Master,Space Marines: Primaris Intercessors,118.00,in_stock,https://hobbymaster.co.nz/products/product/28412,
2026-07-26 22:04:51,Hobby Master,Space Marines Primaris Librarian,75.00,out_of_stock,https://hobbymaster.co.nz/products/product/28221,
2026-07-26 22:04:54,Hobby Master,Space Marines Primaris Reivers,118.00,in_stock,https://hobbymaster.co.nz/products/product/28086,
2026-07-26 22:04:56,Hobby Master,Sylvaneth: Tree-Revenants,92.00,in_stock,https://hobbymaster.co.nz/products/product/39777,
2026-07-26 22:04:59,Hobby Master,Warhammer 40000: Introductory Set,12.35,in_stock,https://hobbymaster.co.nz/products/product/41316,
2026-07-26 22:05:03,Iron Knight,Age Of Sigmar: Introductory Set,63.34,in_stock,https://ironknightgaming.co.nz/products/warhammer-age-of-sigmar-introductory-set,
2026-07-26 22:05:06,Iron Knight,Death Guard: Plague Marine Champion,,not_carried,,
2026-07-26 22:05:06,Iron Knight,Genestealer Cults: Biophagus,,not_carried,,
2026-07-26 22:05:06,Iron Knight,Orruk Warclans: Ardboy Big Boss,,not_carried,,
2026-07-26 22:05:06,Iron Knight,Orruk Warclans: Orruk Brutes,71.62,in_stock,https://ironknightgaming.co.nz/products/orruk-warclans-orruk-brutes,
2026-07-26 22:05:09,Iron Knight,Space Marines Primaris Librarian,,not_carried,,
2026-07-26 22:05:09,Iron Knight,Space Marines Primaris Reivers,,not_carried,,
2026-07-26 22:05:09,Iron Knight,Space Marines: Gladiator,113.06,in_stock,https://ironknightgaming.co.nz/products/space-marines-gladiator,
2026-07-26 22:05:11,Iron Knight,Space Marines: Primaris Intercessors,76.95,in_stock,https://ironknightgaming.co.nz/products/space-marines-primaris-intercessors,
2026-07-26 22:05:15,Iron Knight,Sylvaneth: Tree-Revenants,,not_carried,,
2026-07-26 22:05:15,Iron Knight,Warhammer 40000: Introductory Set,60.38,in_stock,https://ironknightgaming.co.nz/products/warhammer-40000-introductory-set,
2026-07-26 22:05:17,Mighty Ape,Age Of Sigmar: Introductory Set,,manual,https://www.mightyape.co.nz/mn/buy/mighty-ape-warhammer-age-of-sigmar-introductory-set-39006494/,Cloudflare protected — update manually
2026-07-26 22:05:19,Mighty Ape,Death Guard: Plague Marine Champion,,not_carried,,
2026-07-26 22:05:19,Mighty Ape,Genestealer Cults: Biophagus,,manual,https://www.mightyape.co.nz/mn/buy/mighty-ape-warhammer-40000-genestealer-cults-biophagus-29189815/,Cloudflare protected — update manually
2026-07-26 22:05:22,Mighty Ape,Orruk Warclans: Ardboy Big Boss,,not_carried,,
2026-07-26 22:05:22,Mighty Ape,Orruk Warclans: Orruk Brutes,,manual,https://www.mightyape.co.nz/mn/buy/mighty-ape-ironjawz-orruk-brutes-25217197/,Cloudflare protected — update manually
2026-07-26 22:05:23,Mighty Ape,Space Marines: Gladiator,,manual,https://www.mightyape.co.nz/product/warhammer-40000-space-marine-gladiator/34016507,Cloudflare protected — update manually
2026-07-26 22:05:27,Mighty Ape,Space Marines: Primaris Intercessors,,manual,https://www.mightyape.co.nz/mn/buy/mighty-ape-warhammer-40000-space-marine-primaris-intercessors-26859092/,Cloudflare protected — update manually
2026-07-26 22:05:30,Mighty Ape,Space Marines Primaris Librarian,,manual,https://www.mightyape.co.nz/product/warhammer-40000-space-marine-primaris-librarian/26853441,Cloudflare protected — update manually
2026-07-26 22:05:32,Mighty Ape,Space Marines Primaris Reivers,,manual,https://www.mightyape.co.nz/product/warhammer-40000-space-marine-primaris-reivers/26856277,Cloudflare protected — update manually
2026-07-26 22:05:34,Mighty Ape,Sylvaneth: Tree-Revenants,,manual,https://www.mightyape.co.nz/product/sylvaneth-tree-revenants/25522630,Cloudflare protected — update manually
2026-07-26 22:05:36,Mighty Ape,Warhammer 40000: Introductory Set,,manual,https://www.mightyape.co.nz/mn/buy/mighty-ape-warhammer-40000-introductory-set-37875024/,Cloudflare protected — update manually
2026-07-26 22:05:39,Nova Games,Age Of Sigmar: Introductory Set,96.50,in_stock,https://novagames.co.nz/products/age-of-sigmar-introductory-set,
2026-07-26 22:05:42,Nova Games,Death Guard: Plague Marine Champion,,not_carried,,
2026-07-26 22:05:42,Nova Games,Orruk Warclans: Ardboy Big Boss,71.00,in_stock,https://novagames.co.nz/products/ardboy-big-boss,
2026-07-26 22:05:44,Nova Games,Orruk Warclans: Orruk Brutes,109.00,in_stock,https://novagames.co.nz/products/orruk-brutes,
2026-07-26 22:05:48,Nova Games,Space Marines Primaris Librarian,,not_carried,,
2026-07-26 22:05:48,Nova Games,Space Marines Primaris Reivers,,not_carried,,
2026-07-26 22:05:48,Nova Games,Space Marines: Gladiator,,not_carried,,
2026-07-26 22:05:48,Nova Games,Space Marines: Primaris Intercessors,117.00,in_stock,https://novagames.co.nz/products/intercessors,
2026-07-26 22:05:50,Nova Games,Sylvaneth: Tree-Revenants,,not_carried,,
2026-07-26 22:05:50,Nova Games,Warhammer 40000: Introductory Set,98.50,in_stock,https://novagames.co.nz/products/warhammer-40-000-introductory-set,
2026-07-26 22:05:52,Nova Games,Genestealer Cults: Biophagus,,not_carried,,
2026-07-26 22:05:52,Vagabond,Age Of Sigmar: Introductory Set,96.00,out_of_stock,https://vagabond.co.nz/warhammer-age-of-sigmar-introductory-set-2024/,
2026-07-26 22:05:55,Vagabond,Death Guard: Plague Marine Champion,51.00,out_of_stock,https://vagabond.co.nz/death-guard-plague-marine-champion/,
2026-07-26 22:05:59,Vagabond,Genestealer Cults: Biophagus,,not_carried,,
2026-07-26 22:05:59,Vagabond,Orruk Warclans: Ardboy Big Boss,66.50,in_stock,https://vagabond.co.nz/orruk-warclans-ardboy-big-boss,
2026-07-26 22:06:02,Vagabond,Orruk Warclans: Orruk Brutes,94.50,in_stock,https://vagabond.co.nz/ironjawz-orruk-brutes/,
2026-07-26 22:06:05,Vagabond,Space Marines: Gladiator,166.50,in_stock,https://vagabond.co.nz/space-marines-gladiator/,
2026-07-26 22:06:08,Vagabond,Space Marines: Primaris Intercessors,117.00,in_stock,https://vagabond.co.nz/space-marines-primaris-intercessors/,
2026-07-26 22:06:11,Vagabond,Space Marines Primaris Librarian,,not_carried,,
2026-07-26 22:06:11,Vagabond,Space Marines Primaris Reivers,117.00,in_stock,https://vagabond.co.nz/space-marines-primaris-reivers/,
2026-07-26 22:06:14,Vagabond,Sylvaneth: Tree-Revenants,,not_carried,,
2026-07-26 22:06:14,Vagabond,Warhammer 40000: Introductory Set,98.00,out_of_stock,https://vagabond.co.nz/warhammer-40-000-introductory-set/,
2026-08-02 21:57:50,Bea DnD,Age Of Sigmar: Introductory Set,90.00,in_stock,https://www.beadndgames.co.nz/products/warhammer-age-of-sigmar-introductory-set,
2026-08-02 21:57:53,Bea DnD,Death Guard: Plague Marine Champion,53.00,in_stock,https://www.beadndgames.co.nz/products/death-guard-plague-marine-champion-warhammer-40-000,
2026-08-02 21:57:56,Bea DnD,Genestealer Cults: Biophagus,,not_carried,,
2026-08-02 21:57:56,Bea DnD,Orruk Warclans: Ardboy Big Boss,,not_carried,,
2026-08-02 21:57:56,Bea DnD,Orruk Warclans: Orruk Brutes,,not_carried,,
2026-08-02 21:57:56,Bea DnD,Space Marines: Gladiator,,not_carried,,
2026-08-02 21:57:56,Bea DnD,Space Marines: Primaris Intercessors,120.00,in_stock,https://www.beadndgames.co.nz/products/space-marines-primaris-intercessors-warhammer-40-000,
2026-08-02 21:57:59,Bea DnD,Space Marines Primaris Librarian,78.00,in_stock,https://www.beadndgames.co.nz/products/space-marines-primaris-librarian-warhammer-40-000,
2026-08-02 21:58:02,Bea DnD,Space Marines Primaris Reivers,,not_carried,,
2026-08-02 21:58:02,Bea DnD,Sylvaneth: Tree-Revenants,82.00,in_stock,https://www.beadndgames.co.nz/products/sylvaneth-tree-revenants-warhammer-age-of-sigmar,
2026-08-02 21:58:05,Bea DnD,Warhammer 40000: Introductory Set,95.00,in_stock,https://www.beadndgames.co.nz/products/warhammer-40-000-introductory-set-start-your-warhammer-journey,
2026-08-02 21:58:07,Games Lab,Age Of Sigmar: Introductory Set,,unknown,https://www.gameslab.co.nz/products/Age-Of-Sigmar-Introductory-Set-p686464525,
2026-08-02 21:58:11,Games Lab,Death Guard: Plague Marine Champion,,not_carried,,
2026-08-02 21:58:11,Games Lab,Genestealer Cults: Biophagus,,not_carried,,
2026-08-02 21:58:11,Games Lab,Orruk Warclans: Ardboy Big Boss,,not_carried,,
2026-08-02 21:58:11,Games Lab,Orruk Warclans: Orruk Brutes,,not_carried,,
2026-08-02 21:58:11,Games Lab,Space Marines: Gladiator,,unknown,https://www.gameslab.co.nz/products/Space-Marine-Gladiator-p689900566,
2026-08-02 21:58:14,Games Lab,Space Marines: Primaris Intercessors,,unknown,https://www.gameslab.co.nz/products/Space-Marines-Primaris-Intercessors-p605967672,
2026-08-02 21:58:17,Games Lab,Space Marines Primaris Librarian,,unknown,https://www.gameslab.co.nz/products/Space-Marines-Primaris-Librarian-p651995264,
2026-08-02 21:58:19,Games Lab,Space Marines Primaris Reivers,,unknown,https://www.gameslab.co.nz/products/Space-Marines-Primaris-Reivers-p696127817,
2026-08-02 21:58:22,Games Lab,Sylvaneth: Tree-Revenants,,unknown,https://www.gameslab.co.nz/products/Sylvaneth-Tree-Revenants-p695852248,
2026-08-02 21:58:26,Games Lab,Warhammer 40000: Introductory Set,,unknown,https://www.gameslab.co.nz/products/Warhammer-40-000-Introductory-Set-p604427018,
2026-08-02 21:58:28,Goblin Games,Age Of Sigmar: Introductory Set,100.00,in_stock,https://goblingames.nz/products/warhammer-age-of-sigmar-introductory-set,
2026-08-02 21:58:31,Goblin Games,Death Guard: Plague Marine Champion,,not_carried,,
2026-08-02 21:58:31,Goblin Games,Genestealer Cults: Biophagus,,not_carried,,
2026-08-02 21:58:31,Goblin Games,Orruk Warclans: Ardboy Big Boss,,not_carried,,
2026-08-02 21:58:31,Goblin Games,Orruk Warclans: Orruk Brutes,113.00,in_stock,https://goblingames.nz/products/orruk-warclans-orruk-brutes,
2026-08-02 21:58:34,Goblin Games,Space Marines Primaris Librarian,,not_carried,,
2026-08-02 21:58:34,Goblin Games,Space Marines Primaris Reivers,124.50,in_stock,https://goblingames.nz/products/space-marines-primaris-reivers-1,
2026-08-02 21:58:37,Goblin Games,Space Marines: Gladiator,191.00,in_stock,https://goblingames.nz/products/space-marines-gladiator,
2026-08-02 21:58:39,Goblin Games,Space Marines: Primaris Intercessors,130.00,in_stock,https://goblingames.nz/products/space-marines-intercessors,
2026-08-02 21:58:41,Goblin Games,Sylvaneth: Tree-Revenants,95.00,in_stock,https://goblingames.nz/products/sylvaneth-tree-revenants,
2026-08-02 21:58:43,Goblin Games,Warhammer 40000: Introductory Set,,not_carried,,
2026-08-02 21:58:43,Hobby Collective,Age Of Sigmar: Introductory Set,85.60,out_of_stock,https://thehobbycollective.co.nz/warhammer-age-of-sigmar-introductory-set,
2026-08-02 21:58:46,Hobby Collective,Death Guard: Plague Marine Champion,,not_carried,,
2026-08-02 21:58:46,Hobby Collective,Genestealer Cults: Biophagus,,not_carried,,
2026-08-02 21:58:46,Hobby Collective,Orruk Warclans: Ardboy Big Boss,,not_carried,,
2026-08-02 21:58:46,Hobby Collective,Orruk Warclans: Orruk Brutes,,not_carried,,
2026-08-02 21:58:46,Hobby Collective,Space Marines Primaris Librarian,,not_carried,,
2026-08-02 21:58:46,Hobby Collective,Space Marines Primaris Reivers,,not_carried,,
2026-08-02 21:58:46,Hobby Collective,Space Marines: Gladiator,152.80,out_of_stock,https://thehobbycollective.co.nz/space-marines-gladiator-impulsor-lancer-valiant-reaper/,
2026-08-02 21:58:50,Hobby Collective,Space Marines: Primaris Intercessors,104.00,out_of_stock,https://thehobbycollective.co.nz/space-marines-primaris-intercessors/,
2026-08-02 21:58:53,Hobby Collective,Sylvaneth: Tree-Revenants,,not_carried,,
2026-08-02 21:58:53,Hobby Collective,Warhammer 40000: Introductory Set,87.20,out_of_stock,https://thehobbycollective.co.nz/warhammer-40-000-introductory-set/,
2026-08-02 21:58:55,Hobby Lords,Age Of Sigmar: Introductory Set,98.00,in_stock,https://www.hobbylords.co.nz/products/single/age-of-sigmar:-introductory-set,
2026-08-02 21:59:05,Hobby Lords,Death Guard: Plague Marine Champion,55.00,in_stock,https://www.hobbylords.co.nz/products/single/death-guard-plague-marine-champion,
2026-08-02 21:59:15,Hobby Lords,Genestealer Cults: Biophagus,,not_carried,,
2026-08-02 21:59:15,Hobby Lords,Orruk Warclans: Ardboy Big Boss,,not_carried,,
2026-08-02 21:59:15,Hobby Lords,Orruk Warclans: Orruk Brutes,110.35,in_stock,https://www.hobbylords.co.nz/products/single/orruk-warclans-orruk-brutes,
2026-08-02 21:59:25,Hobby Lords,Space Marines: Gladiator,,not_carried,,
2026-08-02 21:59:25,Hobby Lords,Space Marines: Primaris Intercessors,120.00,in_stock,https://www.hobbylords.co.nz/products/single/space-marines-intercessors,
2026-08-02 21:59:34,Hobby Lords,Space Marines Primaris Librarian,,not_carried,,
2026-08-02 21:59:34,Hobby Lords,Space Marines Primaris Reivers,120.00,in_stock,https://www.hobbylords.co.nz/products/single/space-marines-primaris-reivers,
2026-08-02 21:59:44,Hobby Lords,Sylvaneth: Tree-Revenants,93.00,in_stock,https://www.hobbylords.co.nz/products/single/sylvaneth-tree-revenants,
2026-08-02 21:59:52,Hobby Lords,Warhammer 40000: Introductory Set,100.00,in_stock,https://www.hobbylords.co.nz/products/single/warhammer-40000-introductory-set,
2026-08-02 22:00:02,Hobby Master,Age Of Sigmar: Introductory Set,22.10,in_stock,https://hobbymaster.co.nz/products/product/43416,
2026-08-02 22:00:05,Hobby Master,Death Guard: Plague Marine Champion,54.00,in_stock,https://hobbymaster.co.nz/products/product/40411,
2026-08-02 22:00:09,Hobby Master,Genestealer Cults: Biophagus,,unknown,https://hobbymaster.co.nz/products/product/31527,
2026-08-02 22:00:13,Hobby Master,Orruk Warclans: Ardboy Big Boss,75.00,in_stock,https://hobbymaster.co.nz/products/product/41743,
2026-08-02 22:00:18,Hobby Master,Orruk Warclans: Orruk Brutes,110.00,in_stock,https://hobbymaster.co.nz/products/product/37181,
2026-08-02 22:00:21,Hobby Master,Space Marines: Gladiator,174.00,in_stock,https://hobbymaster.co.nz/products/product/36228,
2026-08-02 22:00:25,Hobby Master,Space Marines: Primaris Intercessors,118.00,out_of_stock,https://hobbymaster.co.nz/products/product/28412,
2026-08-02 22:00:28,Hobby Master,Space Marines Primaris Librarian,75.00,out_of_stock,https://hobbymaster.co.nz/products/product/28221,
2026-08-02 22:00:32,Hobby Master,Space Marines Primaris Reivers,118.00,in_stock,https://hobbymaster.co.nz/products/product/28086,
2026-08-02 22:00:34,Hobby Master,Sylvaneth: Tree-Revenants,92.00,in_stock,https://hobbymaster.co.nz/products/product/39777,
2026-08-02 22:00:37,Hobby Master,Warhammer 40000: Introductory Set,56.35,in_stock,https://hobbymaster.co.nz/products/product/41316,
2026-08-02 22:00:41,Iron Knight,Age Of Sigmar: Introductory Set,64.41,in_stock,https://ironknightgaming.co.nz/products/warhammer-age-of-sigmar-introductory-set,
2026-08-02 22:00:43,Iron Knight,Death Guard: Plague Marine Champion,,not_carried,,
2026-08-02 22:00:43,Iron Knight,Genestealer Cults: Biophagus,,not_carried,,
2026-08-02 22:00:43,Iron Knight,Orruk Warclans: Ardboy Big Boss,,not_carried,,
2026-08-02 22:00:43,Iron Knight,Orruk Warclans: Orruk Brutes,72.83,in_stock,https://ironknightgaming.co.nz/products/orruk-warclans-orruk-brutes,
2026-08-02 22:00:46,Iron Knight,Space Marines Primaris Librarian,,not_carried,,
2026-08-02 22:00:46,Iron Knight,Space Marines Primaris Reivers,,not_carried,,
2026-08-02 22:00:46,Iron Knight,Space Marines: Gladiator,114.97,in_stock,https://ironknightgaming.co.nz/products/space-marines-gladiator,
2026-08-02 22:00:49,Iron Knight,Space Marines: Primaris Intercessors,78.25,in_stock,https://ironknightgaming.co.nz/products/space-marines-primaris-intercessors,
2026-08-02 22:00:52,Iron Knight,Sylvaneth: Tree-Revenants,,not_carried,,
2026-08-02 22:00:52,Iron Knight,Warhammer 40000: Introductory Set,61.40,in_stock,https://ironknightgaming.co.nz/products/warhammer-40000-introductory-set,
2026-08-02 22:00:54,Mighty Ape,Age Of Sigmar: Introductory Set,,manual,https://www.mightyape.co.nz/mn/buy/mighty-ape-warhammer-age-of-sigmar-introductory-set-39006494/,Cloudflare protected — update manually
2026-08-02 22:00:57,Mighty Ape,Death Guard: Plague Marine Champion,,not_carried,,
2026-08-02 22:00:57,Mighty Ape,Genestealer Cults: Biophagus,,manual,https://www.mightyape.co.nz/mn/buy/mighty-ape-warhammer-40000-genestealer-cults-biophagus-29189815/,Cloudflare protected — update manually
2026-08-02 22:00:59,Mighty Ape,Orruk Warclans: Ardboy Big Boss,,not_carried,,
2026-08-02 22:00:59,Mighty Ape,Orruk Warclans: Orruk Brutes,,manual,https://www.mightyape.co.nz/mn/buy/mighty-ape-ironjawz-orruk-brutes-25217197/,Cloudflare protected — update manually
2026-08-02 22:01:02,Mighty Ape,Space Marines: Gladiator,,manual,https://www.mightyape.co.nz/product/warhammer-40000-space-marine-gladiator/34016507,Cloudflare protected — update manually
2026-08-02 22:01:05,Mighty Ape,Space Marines: Primaris Intercessors,,manual,https://www.mightyape.co.nz/mn/buy/mighty-ape-warhammer-40000-space-marine-primaris-intercessors-26859092/,Cloudflare protected — update manually
2026-08-02 22:01:07,Mighty Ape,Space Marines Primaris Librarian,,manual,https://www.mightyape.co.nz/product/warhammer-40000-space-marine-primaris-librarian/26853441,Cloudflare protected — update manually
2026-08-02 22:01:09,Mighty Ape,Space Marines Primaris Reivers,,manual,https://www.mightyape.co.nz/product/warhammer-40000-space-marine-primaris-reivers/26856277,Cloudflare protected — update manually
2026-08-02 22:01:12,Mighty Ape,Sylvaneth: Tree-Revenants,,manual,https://www.mightyape.co.nz/product/sylvaneth-tree-revenants/25522630,Cloudflare protected — update manually
2026-08-02 22:01:16,Mighty Ape,Warhammer 40000: Introductory Set,,manual,https://www.mightyape.co.nz/mn/buy/mighty-ape-warhammer-40000-introductory-set-37875024/,Cloudflare protected — update manually
2026-08-02 22:01:17,Nova Games,Age Of Sigmar: Introductory Set,96.50,in_stock,https://novagames.co.nz/products/age-of-sigmar-introductory-set,
2026-08-02 22:01:21,Nova Games,Death Guard: Plague Marine Champion,,not_carried,,
2026-08-02 22:01:21,Nova Games,Orruk Warclans: Ardboy Big Boss,71.00,in_stock,https://novagames.co.nz/products/ardboy-big-boss,
2026-08-02 22:01:24,Nova Games,Orruk Warclans: Orruk Brutes,109.00,in_stock,https://novagames.co.nz/products/orruk-brutes,
2026-08-02 22:01:27,Nova Games,Space Marines Primaris Librarian,,not_carried,,
2026-08-02 22:01:27,Nova Games,Space Marines Primaris Reivers,,not_carried,,
2026-08-02 22:01:27,Nova Games,Space Marines: Gladiator,,not_carried,,
2026-08-02 22:01:27,Nova Games,Space Marines: Primaris Intercessors,117.00,in_stock,https://novagames.co.nz/products/intercessors,
2026-08-02 22:01:29,Nova Games,Sylvaneth: Tree-Revenants,,not_carried,,
2026-08-02 22:01:29,Nova Games,Warhammer 40000: Introductory Set,98.50,in_stock,https://novagames.co.nz/products/warhammer-40-000-introductory-set,
2026-08-02 22:01:31,Nova Games,Genestealer Cults: Biophagus,,not_carried,,
2026-08-02 22:01:31,Vagabond,Age Of Sigmar: Introductory Set,96.00,out_of_stock,https://vagabond.co.nz/warhammer-age-of-sigmar-introductory-set-2024/,
2026-08-02 22:01:35,Vagabond,Death Guard: Plague Marine Champion,51.00,out_of_stock,https://vagabond.co.nz/death-guard-plague-marine-champion/,
2026-08-02 22:01:39,Vagabond,Genestealer Cults: Biophagus,,not_carried,,
2026-08-02 22:01:39,Vagabond,Orruk Warclans: Ardboy Big Boss,66.50,in_stock,https://vagabond.co.nz/orruk-warclans-ardboy-big-boss,
2026-08-02 22:01:42,Vagabond,Orruk Warclans: Orruk Brutes,94.50,in_stock,https://vagabond.co.nz/ironjawz-orruk-brutes/,
2026-08-02 22:01:46,Vagabond,Space Marines: Gladiator,166.50,in_stock,https://vagabond.co.nz/space-marines-gladiator/,
2026-08-02 22:01:50,Vagabond,Space Marines: Primaris Intercessors,117.00,in_stock,https://vagabond.co.nz/space-marines-primaris-intercessors/,
2026-08-02 22:01:54,Vagabond,Space Marines Primaris Librarian,,not_carried,,
2026-08-02 22:01:54,Vagabond,Space Marines Primaris Reivers,117.00,in_stock,https://vagabond.co.nz/space-marines-primaris-reivers/,
2026-08-02 22:01:56,Vagabond,Sylvaneth: Tree-Revenants,,not_carried,,
2026-08-02 22:01:56,Vagabond,Warhammer 40000: Introductory Set,98.00,out_of_stock,https://vagabond.co.nz/warhammer-40-000-introductory-set/,
2026-08-09 21:34:22,Bea DnD,Age Of Sigmar: Introductory Set,90.00,in_stock,https://www.beadndgames.co.nz/products/warhammer-age-of-sigmar-introductory-set,
2026-08-09 21:34:26,Bea DnD,Death Guard: Plague Marine Champion,53.00,in_stock,https://www.beadndgames.co.nz/products/death-guard-plague-marine-champion-warhammer-40-000,
2026-08-09 21:34:29,Bea DnD,Genestealer Cults: Biophagus,,not_carried,,
2026-08-09 21:34:29,Bea DnD,Orruk Warclans: Ardboy Big Boss,,not_carried,,
2026-08-09 21:34:29,Bea DnD,Orruk Warclans: Orruk Brutes,,not_carried,,
2026-08-09 21:34:29,Bea DnD,Space Marines: Gladiator,,not_carried,,
2026-08-09 21:34:29,Bea DnD,Space Marines: Primaris Intercessors,120.00,in_stock,https://www.beadndgames.co.nz/products/space-marines-primaris-intercessors-warhammer-40-000,
2026-08-09 21:34:31,Bea DnD,Space Marines Primaris Librarian,78.00,in_stock,https://www.beadndgames.co.nz/products/space-marines-primaris-librarian-warhammer-40-000,
2026-08-09 21:34:34,Bea DnD,Space Marines Primaris Reivers,,not_carried,,
2026-08-09 21:34:34,Bea DnD,Sylvaneth: Tree-Revenants,82.00,in_stock,https://www.beadndgames.co.nz/products/sylvaneth-tree-revenants-warhammer-age-of-sigmar,
2026-08-09 21:34:37,Bea DnD,Warhammer 40000: Introductory Set,95.00,in_stock,https://www.beadndgames.co.nz/products/warhammer-40-000-introductory-set-start-your-warhammer-journey,
2026-08-09 21:34:39,Games Lab,Age Of Sigmar: Introductory Set,,unknown,https://www.gameslab.co.nz/products/Age-Of-Sigmar-Introductory-Set-p686464525,
2026-08-09 21:34:41,Games Lab,Death Guard: Plague Marine Champion,,not_carried,,
2026-08-09 21:34:41,Games Lab,Genestealer Cults: Biophagus,,not_carried,,
2026-08-09 21:34:41,Games Lab,Orruk Warclans: Ardboy Big Boss,,not_carried,,
2026-08-09 21:34:41,Games Lab,Orruk Warclans: Orruk Brutes,,not_carried,,
2026-08-09 21:34:41,Games Lab,Space Marines: Gladiator,,unknown,https://www.gameslab.co.nz/products/Space-Marine-Gladiator-p689900566,
2026-08-09 21:34:43,Games Lab,Space Marines: Primaris Intercessors,,unknown,https://www.gameslab.co.nz/products/Space-Marines-Primaris-Intercessors-p605967672,
2026-08-09 21:34:46,Games Lab,Space Marines Primaris Librarian,,unknown,https://www.gameslab.co.nz/products/Space-Marines-Primaris-Librarian-p651995264,
2026-08-09 21:34:49,Games Lab,Space Marines Primaris Reivers,,unknown,https://www.gameslab.co.nz/products/Space-Marines-Primaris-Reivers-p696127817,
2026-08-09 21:34:52,Games Lab,Sylvaneth: Tree-Revenants,,unknown,https://www.gameslab.co.nz/products/Sylvaneth-Tree-Revenants-p695852248,
2026-08-09 21:34:55,Games Lab,Warhammer 40000: Introductory Set,,unknown,https://www.gameslab.co.nz/products/Warhammer-40-000-Introductory-Set-p604427018,
2026-08-09 21:34:58,Goblin Games,Age Of Sigmar: Introductory Set,100.00,in_stock,https://goblingames.nz/products/warhammer-age-of-sigmar-introductory-set,
2026-08-09 21:35:01,Goblin Games,Death Guard: Plague Marine Champion,,not_carried,,
2026-08-09 21:35:01,Goblin Games,Genestealer Cults: Biophagus,,not_carried,,
2026-08-09 21:35:01,Goblin Games,Orruk Warclans: Ardboy Big Boss,,not_carried,,
2026-08-09 21:35:01,Goblin Games,Orruk Warclans: Orruk Brutes,113.00,in_stock,https://goblingames.nz/products/orruk-warclans-orruk-brutes,
2026-08-09 21:35:04,Goblin Games,Space Marines Primaris Librarian,,not_carried,,
2026-08-09 21:35:04,Goblin Games,Space Marines Primaris Reivers,124.50,in_stock,https://goblingames.nz/products/space-marines-primaris-reivers-1,
2026-08-09 21:35:06,Goblin Games,Space Marines: Gladiator,191.00,in_stock,https://goblingames.nz/products/space-marines-gladiator,
2026-08-09 21:35:09,Goblin Games,Space Marines: Primaris Intercessors,130.00,in_stock,https://goblingames.nz/products/space-marines-intercessors,
2026-08-09 21:35:12,Goblin Games,Sylvaneth: Tree-Revenants,95.00,in_stock,https://goblingames.nz/products/sylvaneth-tree-revenants,
2026-08-09 21:35:14,Goblin Games,Warhammer 40000: Introductory Set,,not_carried,,
2026-08-09 21:35:14,Hobby Collective,Age Of Sigmar: Introductory Set,85.60,out_of_stock,https://thehobbycollective.co.nz/warhammer-age-of-sigmar-introductory-set,
2026-08-09 21:35:18,Hobby Collective,Death Guard: Plague Marine Champion,,not_carried,,
2026-08-09 21:35:18,Hobby Collective,Genestealer Cults: Biophagus,,not_carried,,
2026-08-09 21:35:18,Hobby Collective,Orruk Warclans: Ardboy Big Boss,,not_carried,,
2026-08-09 21:35:18,Hobby Collective,Orruk Warclans: Orruk Brutes,,not_carried,,
2026-08-09 21:35:18,Hobby Collective,Space Marines Primaris Librarian,,not_carried,,
2026-08-09 21:35:18,Hobby Collective,Space Marines Primaris Reivers,,not_carried,,
2026-08-09 21:35:18,Hobby Collective,Space Marines: Gladiator,152.80,out_of_stock,https://thehobbycollective.co.nz/space-marines-gladiator-impulsor-lancer-valiant-reaper/,
2026-08-09 21:35:21,Hobby Collective,Space Marines: Primaris Intercessors,104.00,out_of_stock,https://thehobbycollective.co.nz/space-marines-primaris-intercessors/,
2026-08-09 21:35:23,Hobby Collective,Sylvaneth: Tree-Revenants,,not_carried,,
2026-08-09 21:35:23,Hobby Collective,Warhammer 40000: Introductory Set,,not_found,https://thehobbycollective.co.nz/warhammer-40-000-introductory-set/,
2026-08-09 21:35:26,Hobby Lords,Age Of Sigmar: Introductory Set,98.00,in_stock,https://www.hobbylords.co.nz/products/single/age-of-sigmar:-introductory-set,
2026-08-09 21:35:35,Hobby Lords,Death Guard: Plague Marine Champion,55.00,in_stock,https://www.hobbylords.co.nz/products/single/death-guard-plague-marine-champion,
2026-08-09 21:35:44,Hobby Lords,Genestealer Cults: Biophagus,,not_carried,,
2026-08-09 21:35:44,Hobby Lords,Orruk Warclans: Ardboy Big Boss,,not_carried,,
2026-08-09 21:35:44,Hobby Lords,Orruk Warclans: Orruk Brutes,110.35,in_stock,https://www.hobbylords.co.nz/products/single/orruk-warclans-orruk-brutes,
2026-08-09 21:35:52,Hobby Lords,Space Marines: Gladiator,,not_carried,,
2026-08-09 21:35:52,Hobby Lords,Space Marines: Primaris Intercessors,120.00,in_stock,https://www.hobbylords.co.nz/products/single/space-marines-intercessors,
2026-08-09 21:36:01,Hobby Lords,Space Marines Primaris Librarian,,not_carried,,
2026-08-09 21:36:01,Hobby Lords,Space Marines Primaris Reivers,120.00,in_stock,https://www.hobbylords.co.nz/products/single/space-marines-primaris-reivers,
2026-08-09 21:36:10,Hobby Lords,Sylvaneth: Tree-Revenants,93.00,in_stock,https://www.hobbylords.co.nz/products/single/sylvaneth-tree-revenants,
2026-08-09 21:36:21,Hobby Lords,Warhammer 40000: Introductory Set,100.00,in_stock,https://www.hobbylords.co.nz/products/single/warhammer-40000-introductory-set,
2026-08-09 21:36:29,Hobby Master,Age Of Sigmar: Introductory Set,12.14,in_stock,https://hobbymaster.co.nz/products/product/43416,
2026-08-09 21:36:31,Hobby Master,Death Guard: Plague Marine Champion,54.00,in_stock,https://hobbymaster.co.nz/products/product/40411,
2026-08-09 21:36:34,Hobby Master,Genestealer Cults: Biophagus,12.14,in_stock,https://hobbymaster.co.nz/products/product/31527,
2026-08-09 21:36:37,Hobby Master,Orruk Warclans: Ardboy Big Boss,75.00,in_stock,https://hobbymaster.co.nz/products/product/41743,
2026-08-09 21:36:39,Hobby Master,Orruk Warclans: Orruk Brutes,110.00,in_stock,https://hobbymaster.co.nz/products/product/37181,
2026-08-09 21:36:43,Hobby Master,Space Marines: Gladiator,174.00,in_stock,https://hobbymaster.co.nz/products/product/36228,
2026-08-09 21:36:47,Hobby Master,Space Marines: Primaris Intercessors,118.00,out_of_stock,https://hobbymaster.co.nz/products/product/28412,
2026-08-09 21:36:50,Hobby Master,Space Marines Primaris Librarian,75.00,in_stock,https://hobbymaster.co.nz/products/product/28221,
2026-08-09 21:36:53,Hobby Master,Space Marines Primaris Reivers,118.00,in_stock,https://hobbymaster.co.nz/products/product/28086,
2026-08-09 21:36:56,Hobby Master,Sylvaneth: Tree-Revenants,92.00,in_stock,https://hobbymaster.co.nz/products/product/39777,
2026-08-09 21:37:00,Hobby Master,Warhammer 40000: Introductory Set,12.14,in_stock,https://hobbymaster.co.nz/products/product/41316,
2026-08-09 21:37:02,Iron Knight,Age Of Sigmar: Introductory Set,64.42,in_stock,https://ironknightgaming.co.nz/products/warhammer-age-of-sigmar-introductory-set,
2026-08-09 21:37:06,Iron Knight,Death Guard: Plague Marine Champion,,not_carried,,
2026-08-09 21:37:06,Iron Knight,Genestealer Cults: Biophagus,,not_carried,,
2026-08-09 21:37:06,Iron Knight,Orruk Warclans: Ardboy Big Boss,,not_carried,,
2026-08-09 21:37:06,Iron Knight,Orruk Warclans: Orruk Brutes,72.84,in_stock,https://ironknightgaming.co.nz/products/orruk-warclans-orruk-brutes,
2026-08-09 21:37:09,Iron Knight,Space Marines Primaris Librarian,,not_carried,,
2026-08-09 21:37:09,Iron Knight,Space Marines Primaris Reivers,,not_carried,,
2026-08-09 21:37:09,Iron Knight,Space Marines: Gladiator,114.98,in_stock,https://ironknightgaming.co.nz/products/space-marines-gladiator,
2026-08-09 21:37:12,Iron Knight,Space Marines: Primaris Intercessors,78.26,in_stock,https://ironknightgaming.co.nz/products/space-marines-primaris-intercessors,
2026-08-09 21:37:15,Iron Knight,Sylvaneth: Tree-Revenants,,not_carried,,
2026-08-09 21:37:15,Iron Knight,Warhammer 40000: Introductory Set,61.41,in_stock,https://ironknightgaming.co.nz/products/warhammer-40000-introductory-set,
2026-08-09 21:37:18,Mighty Ape,Age Of Sigmar: Introductory Set,,manual,https://www.mightyape.co.nz/mn/buy/mighty-ape-warhammer-age-of-sigmar-introductory-set-39006494/,Cloudflare protected — update manually
2026-08-09 21:37:21,Mighty Ape,Death Guard: Plague Marine Champion,,not_carried,,
2026-08-09 21:37:21,Mighty Ape,Genestealer Cults: Biophagus,,manual,https://www.mightyape.co.nz/mn/buy/mighty-ape-warhammer-40000-genestealer-cults-biophagus-29189815/,Cloudflare protected — update manually
2026-08-09 21:37:24,Mighty Ape,Orruk Warclans: Ardboy Big Boss,,not_carried,,
2026-08-09 21:37:24,Mighty Ape,Orruk Warclans: Orruk Brutes,,manual,https://www.mightyape.co.nz/mn/buy/mighty-ape-ironjawz-orruk-brutes-25217197/,Cloudflare protected — update manually
2026-08-09 21:37:26,Mighty Ape,Space Marines: Gladiator,,manual,https://www.mightyape.co.nz/product/warhammer-40000-space-marine-gladiator/34016507,Cloudflare protected — update manually
2026-08-09 21:37:29,Mighty Ape,Space Marines: Primaris Intercessors,,manual,https://www.mightyape.co.nz/mn/buy/mighty-ape-warhammer-40000-space-marine-primaris-intercessors-26859092/,Cloudflare protected — update manually
2026-08-09 21:37:32,Mighty Ape,Space Marines Primaris Librarian,,manual,https://www.mightyape.co.nz/product/warhammer-40000-space-marine-primaris-librarian/26853441,Cloudflare protected — update manually
2026-08-09 21:37:33,Mighty Ape,Space Marines Primaris Reivers,,manual,https://www.mightyape.co.nz/product/warhammer-40000-space-marine-primaris-reivers/26856277,Cloudflare protected — update manually
2026-08-09 21:37:37,Mighty Ape,Sylvaneth: Tree-Revenants,,manual,https://www.mightyape.co.nz/product/sylvaneth-tree-revenants/25522630,Cloudflare protected — update manually
2026-08-09 21:37:40,Mighty Ape,Warhammer 40000: Introductory Set,,manual,https://www.mightyape.co.nz/mn/buy/mighty-ape-warhammer-40000-introductory-set-37875024/,Cloudflare protected — update manually
2026-08-09 21:37:43,Nova Games,Age Of Sigmar: Introductory Set,96.50,in_stock,https://novagames.co.nz/products/age-of-sigmar-introductory-set,
2026-08-09 21:37:45,Nova Games,Death Guard: Plague Marine Champion,,not_carried,,
2026-08-09 21:37:45,Nova Games,Orruk Warclans: Ardboy Big Boss,71.00,in_stock,https://novagames.co.nz/products/ardboy-big-boss,
2026-08-09 21:37:47,Nova Games,Orruk Warclans: Orruk Brutes,109.00,in_stock,https://novagames.co.nz/products/orruk-brutes,
2026-08-09 21:37:50,Nova Games,Space Marines Primaris Librarian,,not_carried,,
2026-08-09 21:37:50,Nova Games,Space Marines Primaris Reivers,,not_carried,,
2026-08-09 21:37:50,Nova Games,Space Marines: Gladiator,,not_carried,,
2026-08-09 21:37:50,Nova Games,Space Marines: Primaris Intercessors,117.00,in_stock,https://novagames.co.nz/products/intercessors,
2026-08-09 21:37:52,Nova Games,Sylvaneth: Tree-Revenants,,not_carried,,
2026-08-09 21:37:52,Nova Games,Warhammer 40000: Introductory Set,98.50,in_stock,https://novagames.co.nz/products/warhammer-40-000-introductory-set,
2026-08-09 21:37:54,Nova Games,Genestealer Cults: Biophagus,,not_carried,,
2026-08-09 21:37:54,Vagabond,Age Of Sigmar: Introductory Set,96.00,out_of_stock,https://vagabond.co.nz/warhammer-age-of-sigmar-introductory-set-2024/,
2026-08-09 21:37:58,Vagabond,Death Guard: Plague Marine Champion,51.00,out_of_stock,https://vagabond.co.nz/death-guard-plague-marine-champion/,
2026-08-09 21:38:01,Vagabond,Genestealer Cults: Biophagus,,not_carried,,
2026-08-09 21:38:01,Vagabond,Orruk Warclans: Ardboy Big Boss,66.50,in_stock,https://vagabond.co.nz/orruk-warclans-ardboy-big-boss,
2026-08-09 21:38:05,Vagabond,Orruk Warclans: Orruk Brutes,94.50,in_stock,https://vagabond.co.nz/ironjawz-orruk-brutes/,
2026-08-09 21:38:07,Vagabond,Space Marines: Gladiator,166.50,in_stock,https://vagabond.co.nz/space-marines-gladiator/,
2026-08-09 21:38:11,Vagabond,Space Marines: Primaris Intercessors,117.00,in_stock,https://vagabond.co.nz/space-marines-primaris-intercessors/,
2026-08-09 21:38:14,Vagabond,Space Marines Primaris Librarian,,not_carried,,
2026-08-09 21:38:14,Vagabond,Space Marines Primaris Reivers,117.00,in_stock,https://vagabond.co.nz/space-marines-primaris-reivers/,
2026-08-09 21:38:17,Vagabond,Sylvaneth: Tree-Revenants,,not_carried,,
2026-08-09 21:38:17,Vagabond,Warhammer 40000: Introductory Set,98.00,out_of_stock,https://vagabond.co.nz/warhammer-40-000-introductory-set/,
2026-08-16 21:21:50,Bea DnD,Age Of Sigmar: Introductory Set,90.00,in_stock,https://www.beadndgames.co.nz/products/warhammer-age-of-sigmar-introductory-set,
2026-08-16 21:21:54,Bea DnD,Death Guard: Plague Marine Champion,53.00,in_stock,https://www.beadndgames.co.nz/products/death-guard-plague-marine-champion-warhammer-40-000,
2026-08-16 21:21:57,Bea DnD,Genestealer Cults: Biophagus,,not_carried,,
2026-08-16 21:21:57,Bea DnD,Orruk Warclans: Ardboy Big Boss,,not_carried,,
2026-08-16 21:21:57,Bea DnD,Orruk Warclans: Orruk Brutes,,not_carried,,
2026-08-16 21:21:57,Bea DnD,Space Marines: Gladiator,,not_carried,,
2026-08-16 21:21:57,Bea DnD,Space Marines: Primaris Intercessors,120.00,in_stock,https://www.beadndgames.co.nz/products/space-marines-primaris-intercessors-warhammer-40-000,
2026-08-16 21:21:59,Bea DnD,Space Marines Primaris Librarian,78.00,in_stock,https://www.beadndgames.co.nz/products/space-marines-primaris-librarian-warhammer-40-000,
2026-08-16 21:22:02,Bea DnD,Space Marines Primaris Reivers,,not_carried,,
2026-08-16 21:22:02,Bea DnD,Sylvaneth: Tree-Revenants,82.00,in_stock,https://www.beadndgames.co.nz/products/sylvaneth-tree-revenants-warhammer-age-of-sigmar,
2026-08-16 21:22:06,Bea DnD,Warhammer 40000: Introductory Set,95.00,in_stock,https://www.beadndgames.co.nz/products/warhammer-40-000-introductory-set-start-your-warhammer-journey,
2026-08-16 21:22:08,Games Lab,Age Of Sigmar: Introductory Set,,unknown,https://www.gameslab.co.nz/products/Age-Of-Sigmar-Introductory-Set-p686464525,
2026-08-16 21:22:11,Games Lab,Death Guard: Plague Marine Champion,,not_carried,,
2026-08-16 21:22:11,Games Lab,Genestealer Cults: Biophagus,,not_carried,,
2026-08-16 21:22:11,Games Lab,Orruk Warclans: Ardboy Big Boss,,not_carried,,
2026-08-16 21:22:11,Games Lab,Orruk Warclans: Orruk Brutes,,not_carried,,
2026-08-16 21:22:11,Games Lab,Space Marines: Gladiator,,unknown,https://www.gameslab.co.nz/products/Space-Marine-Gladiator-p689900566,
2026-08-16 21:22:14,Games Lab,Space Marines: Primaris Intercessors,,unknown,https://www.gameslab.co.nz/products/Space-Marines-Primaris-Intercessors-p605967672,
2026-08-16 21:22:17,Games Lab,Space Marines Primaris Librarian,,unknown,https://www.gameslab.co.nz/products/Space-Marines-Primaris-Librarian-p651995264,
2026-08-16 21:22:20,Games Lab,Space Marines Primaris Reivers,,unknown,https://www.gameslab.co.nz/products/Space-Marines-Primaris-Reivers-p696127817,
2026-08-16 21:22:23,Games Lab,Sylvaneth: Tree-Revenants,,unknown,https://www.gameslab.co.nz/products/Sylvaneth-Tree-Revenants-p695852248,
2026-08-16 21:22:27,Games Lab,Warhammer 40000: Introductory Set,,unknown,https://www.gameslab.co.nz/products/Warhammer-40-000-Introductory-Set-p604427018,
2026-08-16 21:22:29,Goblin Games,Age Of Sigmar: Introductory Set,100.00,in_stock,https://goblingames.nz/products/warhammer-age-of-sigmar-introductory-set,
2026-08-16 21:22:31,Goblin Games,Death Guard: Plague Marine Champion,,not_carried,,
2026-08-16 21:22:31,Goblin Games,Genestealer Cults: Biophagus,,not_carried,,
2026-08-16 21:22:31,Goblin Games,Orruk Warclans: Ardboy Big Boss,,not_carried,,
2026-08-16 21:22:31,Goblin Games,Orruk Warclans: Orruk Brutes,113.00,in_stock,https://goblingames.nz/products/orruk-warclans-orruk-brutes,
2026-08-16 21:22:34,Goblin Games,Space Marines Primaris Librarian,,not_carried,,
2026-08-16 21:22:34,Goblin Games,Space Marines Primaris Reivers,124.50,in_stock,https://goblingames.nz/products/space-marines-primaris-reivers-1,
2026-08-16 21:22:37,Goblin Games,Space Marines: Gladiator,191.00,in_stock,https://goblingames.nz/products/space-marines-gladiator,
2026-08-16 21:22:40,Goblin Games,Space Marines: Primaris Intercessors,130.00,in_stock,https://goblingames.nz/products/space-marines-intercessors,
2026-08-16 21:22:43,Goblin Games,Sylvaneth: Tree-Revenants,95.00,in_stock,https://goblingames.nz/products/sylvaneth-tree-revenants,
2026-08-16 21:22:46,Goblin Games,Warhammer 40000: Introductory Set,,not_carried,,
2026-08-16 21:22:46,Hobby Collective,Age Of Sigmar: Introductory Set,85.60,out_of_stock,https://thehobbycollective.co.nz/warhammer-age-of-sigmar-introductory-set,
2026-08-16 21:22:50,Hobby Collective,Death Guard: Plague Marine Champion,,not_carried,,
2026-08-16 21:22:50,Hobby Collective,Genestealer Cults: Biophagus,,not_carried,,
2026-08-16 21:22:50,Hobby Collective,Orruk Warclans: Ardboy Big Boss,,not_carried,,
2026-08-16 21:22:50,Hobby Collective,Orruk Warclans: Orruk Brutes,,not_carried,,
2026-08-16 21:22:50,Hobby Collective,Space Marines Primaris Librarian,,not_carried,,
2026-08-16 21:22:50,Hobby Collective,Space Marines Primaris Reivers,,not_carried,,
2026-08-16 21:22:50,Hobby Collective,Space Marines: Gladiator,152.80,out_of_stock,https://thehobbycollective.co.nz/space-marines-gladiator-impulsor-lancer-valiant-reaper/,
2026-08-16 21:22:52,Hobby Collective,Space Marines: Primaris Intercessors,104.00,out_of_stock,https://thehobbycollective.co.nz/space-marines-primaris-intercessors/,
2026-08-16 21:22:56,Hobby Collective,Sylvaneth: Tree-Revenants,,not_carried,,
2026-08-16 21:22:56,Hobby Collective,Warhammer 40000: Introductory Set,,not_found,https://thehobbycollective.co.nz/warhammer-40-000-introductory-set/,
2026-08-16 21:22:58,Hobby Lords,Age Of Sigmar: Introductory Set,98.00,in_stock,https://www.hobbylords.co.nz/products/single/age-of-sigmar:-introductory-set,
2026-08-16 21:23:10,Hobby Lords,Death Guard: Plague Marine Champion,55.00,out_of_stock,https://www.hobbylords.co.nz/products/single/death-guard-plague-marine-champion,
2026-08-16 21:23:20,Hobby Lords,Genestealer Cults: Biophagus,,not_carried,,
2026-08-16 21:23:20,Hobby Lords,Orruk Warclans: Ardboy Big Boss,,not_carried,,
2026-08-16 21:23:20,Hobby Lords,Orruk Warclans: Orruk Brutes,110.35,in_stock,https://www.hobbylords.co.nz/products/single/orruk-warclans-orruk-brutes,
2026-08-16 21:23:31,Hobby Lords,Space Marines: Gladiator,,not_carried,,
2026-08-16 21:23:31,Hobby Lords,Space Marines: Primaris Intercessors,120.00,in_stock,https://www.hobbylords.co.nz/products/single/space-marines-intercessors,
2026-08-16 21:23:40,Hobby Lords,Space Marines Primaris Librarian,,not_carried,,
2026-08-16 21:23:40,Hobby Lords,Space Marines Primaris Reivers,120.00,in_stock,https://www.hobbylords.co.nz/products/single/space-marines-primaris-reivers,
2026-08-16 21:23:50,Hobby Lords,Sylvaneth: Tree-Revenants,93.00,in_stock,https://www.hobbylords.co.nz/products/single/sylvaneth-tree-revenants,
2026-08-16 21:24:00,Hobby Lords,Warhammer 40000: Introductory Set,100.00,in_stock,https://www.hobbylords.co.nz/products/single/warhammer-40000-introductory-set,
2026-08-16 21:24:08,Hobby Master,Age Of Sigmar: Introductory Set,10.84,in_stock,https://hobbymaster.co.nz/products/product/43416,
2026-08-16 21:24:12,Hobby Master,Death Guard: Plague Marine Champion,54.00,in_stock,https://hobbymaster.co.nz/products/product/40411,
2026-08-16 21:24:14,Hobby Master,Genestealer Cults: Biophagus,10.84,in_stock,https://hobbymaster.co.nz/products/product/31527,
2026-08-16 21:24:16,Hobby Master,Orruk Warclans: Ardboy Big Boss,75.00,in_stock,https://hobbymaster.co.nz/products/product/41743,
2026-08-16 21:24:18,Hobby Master,Orruk Warclans: Orruk Brutes,110.00,in_stock,https://hobbymaster.co.nz/products/product/37181,
2026-08-16 21:24:21,Hobby Master,Space Marines: Gladiator,174.00,in_stock,https://hobbymaster.co.nz/products/product/36228,
2026-08-16 21:24:24,Hobby Master,Space Marines: Primaris Intercessors,118.00,in_stock,https://hobbymaster.co.nz/products/product/28412,
2026-08-16 21:24:26,Hobby Master,Space Marines Primaris Librarian,75.00,in_stock,https://hobbymaster.co.nz/products/product/28221,
2026-08-16 21:24:29,Hobby Master,Space Marines Primaris Reivers,118.00,in_stock,https://hobbymaster.co.nz/products/product/28086,
2026-08-16 21:24:32,Hobby Master,Sylvaneth: Tree-Revenants,92.00,in_stock,https://hobbymaster.co.nz/products/product/39777,
2026-08-16 21:24:34,Hobby Master,Warhammer 40000: Introductory Set,10.84,in_stock,https://hobbymaster.co.nz/products/product/41316,
2026-08-16 21:24:37,Iron Knight,Age Of Sigmar: Introductory Set,64.29,in_stock,https://ironknightgaming.co.nz/products/warhammer-age-of-sigmar-introductory-set,
2026-08-16 21:24:40,Iron Knight,Death Guard: Plague Marine Champion,,not_carried,,
2026-08-16 21:24:40,Iron Knight,Genestealer Cults: Biophagus,,not_carried,,
2026-08-16 21:24:40,Iron Knight,Orruk Warclans: Ardboy Big Boss,,not_carried,,
2026-08-16 21:24:40,Iron Knight,Orruk Warclans: Orruk Brutes,72.70,in_stock,https://ironknightgaming.co.nz/products/orruk-warclans-orruk-brutes,
2026-08-16 21:24:42,Iron Knight,Space Marines Primaris Librarian,,not_carried,,
2026-08-16 21:24:42,Iron Knight,Space Marines Primaris Reivers,,not_carried,,
2026-08-16 21:24:42,Iron Knight,Space Marines: Gladiator,114.76,in_stock,https://ironknightgaming.co.nz/products/space-marines-gladiator,
2026-08-16 21:24:46,Iron Knight,Space Marines: Primaris Intercessors,78.11,in_stock,https://ironknightgaming.co.nz/products/space-marines-primaris-intercessors,
2026-08-16 21:24:49,Iron Knight,Sylvaneth: Tree-Revenants,,not_carried,,
2026-08-16 21:24:49,Iron Knight,Warhammer 40000: Introductory Set,61.29,in_stock,https://ironknightgaming.co.nz/products/warhammer-40000-introductory-set,
2026-08-16 21:24:53,Mighty Ape,Age Of Sigmar: Introductory Set,,manual,https://www.mightyape.co.nz/mn/buy/mighty-ape-warhammer-age-of-sigmar-introductory-set-39006494/,Cloudflare protected — update manually
2026-08-16 21:24:55,Mighty Ape,Death Guard: Plague Marine Champion,,not_carried,,
2026-08-16 21:24:55,Mighty Ape,Genestealer Cults: Biophagus,,manual,https://www.mightyape.co.nz/mn/buy/mighty-ape-warhammer-40000-genestealer-cults-biophagus-29189815/,Cloudflare protected — update manually
2026-08-16 21:24:57,Mighty Ape,Orruk Warclans: Ardboy Big Boss,,not_carried,,
2026-08-16 21:24:57,Mighty Ape,Orruk Warclans: Orruk Brutes,,manual,https://www.mightyape.co.nz/mn/buy/mighty-ape-ironjawz-orruk-brutes-25217197/,Cloudflare protected — update manually
2026-08-16 21:25:00,Mighty Ape,Space Marines: Gladiator,,manual,https://www.mightyape.co.nz/product/warhammer-40000-space-marine-gladiator/34016507,Cloudflare protected — update manually
2026-08-16 21:25:03,Mighty Ape,Space Marines: Primaris Intercessors,,manual,https://www.mightyape.co.nz/mn/buy/mighty-ape-warhammer-40000-space-marine-primaris-intercessors-26859092/,Cloudflare protected — update manually
2026-08-16 21:25:06,Mighty Ape,Space Marines Primaris Librarian,,manual,https://www.mightyape.co.nz/product/warhammer-40000-space-marine-primaris-librarian/26853441,Cloudflare protected — update manually
2026-08-16 21:25:09,Mighty Ape,Space Marines Primaris Reivers,,manual,https://www.mightyape.co.nz/product/warhammer-40000-space-marine-primaris-reivers/26856277,Cloudflare protected — update manually
2026-08-16 21:25:10,Mighty Ape,Sylvaneth: Tree-Revenants,,manual,https://www.mightyape.co.nz/product/sylvaneth-tree-revenants/25522630,Cloudflare protected — update manually
2026-08-16 21:25:13,Mighty Ape,Warhammer 40000: Introductory Set,,manual,https://www.mightyape.co.nz/mn/buy/mighty-ape-warhammer-40000-introductory-set-37875024/,Cloudflare protected — update manually
2026-08-16 21:25:14,Nova Games,Age Of Sigmar: Introductory Set,96.50,in_stock,https://novagames.co.nz/products/age-of-sigmar-introductory-set,
2026-08-16 21:25:17,Nova Games,Death Guard: Plague Marine Champion,,not_carried,,
2026-08-16 21:25:17,Nova Games,Orruk Warclans: Ardboy Big Boss,71.00,in_stock,https://novagames.co.nz/products/ardboy-big-boss,
2026-08-16 21:25:19,Nova Games,Orruk Warclans: Orruk Brutes,109.00,in_stock,https://novagames.co.nz/products/orruk-brutes,
2026-08-16 21:25:22,Nova Games,Space Marines Primaris Librarian,,not_carried,,
2026-08-16 21:25:22,Nova Games,Space Marines Primaris Reivers,,not_carried,,
2026-08-16 21:25:22,Nova Games,Space Marines: Gladiator,,not_carried,,
2026-08-16 21:25:22,Nova Games,Space Marines: Primaris Intercessors,117.00,in_stock,https://novagames.co.nz/products/intercessors,
2026-08-16 21:25:24,Nova Games,Sylvaneth: Tree-Revenants,,not_carried,,
2026-08-16 21:25:24,Nova Games,Warhammer 40000: Introductory Set,98.50,in_stock,https://novagames.co.nz/products/warhammer-40-000-introductory-set,
2026-08-16 21:25:27,Nova Games,Genestealer Cults: Biophagus,,not_carried,,
2026-08-16 21:25:27,Vagabond,Age Of Sigmar: Introductory Set,96.00,out_of_stock,https://vagabond.co.nz/warhammer-age-of-sigmar-introductory-set-2024/,
2026-08-16 21:25:31,Vagabond,Death Guard: Plague Marine Champion,51.00,out_of_stock,https://vagabond.co.nz/death-guard-plague-marine-champion/,
2026-08-16 21:25:34,Vagabond,Genestealer Cults: Biophagus,,not_carried,,
2026-08-16 21:25:34,Vagabond,Orruk Warclans: Ardboy Big Boss,66.50,in_stock,https://vagabond.co.nz/orruk-warclans-ardboy-big-boss,
2026-08-16 21:25:37,Vagabond,Orruk Warclans: Orruk Brutes,94.50,in_stock,https://vagabond.co.nz/ironjawz-orruk-brutes/,
2026-08-16 21:25:41,Vagabond,Space Marines: Gladiator,166.50,in_stock,https://vagabond.co.nz/space-marines-gladiator/,
2026-08-16 21:25:45,Vagabond,Space Marines: Primaris Intercessors,117.00,in_stock,https://vagabond.co.nz/space-marines-primaris-intercessors/,
2026-08-16 21:25:49,Vagabond,Space Marines Primaris Librarian,,not_carried,,
2026-08-16 21:25:49,Vagabond,Space Marines Primaris Reivers,117.00,in_stock,https://vagabond.co.nz/space-marines-primaris-reivers/,
2026-08-16 21:25:53,Vagabond,Sylvaneth: Tree-Revenants,,not_carried,,
2026-08-16 21:25:53,Vagabond,Warhammer 40000: Introductory Set,98.00,out_of_stock,https://vagabond.co.nz/warhammer-40-000-introductory-set/,
2026-08-23 21:23:26,Bea DnD,Age Of Sigmar: Introductory Set,90.00,in_stock,https://www.beadndgames.co.nz/products/warhammer-age-of-sigmar-introductory-set,
2026-08-23 21:23:28,Bea DnD,Death Guard: Plague Marine Champion,53.00,in_stock,https://www.beadndgames.co.nz/products/death-guard-plague-marine-champion-warhammer-40-000,
2026-08-23 21:23:32,Bea DnD,Genestealer Cults: Biophagus,,not_carried,,
2026-08-23 21:23:32,Bea DnD,Orruk Warclans: Ardboy Big Boss,,not_carried,,
2026-08-23 21:23:32,Bea DnD,Orruk Warclans: Orruk Brutes,,not_carried,,
2026-08-23 21:23:32,Bea DnD,Space Marines: Gladiator,,not_carried,,
2026-08-23 21:23:32,Bea DnD,Space Marines: Primaris Intercessors,120.00,in_stock,https://www.beadndgames.co.nz/products/space-marines-primaris-intercessors-warhammer-40-000,
2026-08-23 21:23:35,Bea DnD,Space Marines Primaris Librarian,78.00,in_stock,https://www.beadndgames.co.nz/products/space-marines-primaris-librarian-warhammer-40-000,
2026-08-23 21:23:37,Bea DnD,Space Marines Primaris Reivers,,not_carried,,
2026-08-23 21:23:37,Bea DnD,Sylvaneth: Tree-Revenants,82.00,in_stock,https://www.beadndgames.co.nz/products/sylvaneth-tree-revenants-warhammer-age-of-sigmar,
2026-08-23 21:23:41,Bea DnD,Warhammer 40000: Introductory Set,95.00,in_stock,https://www.beadndgames.co.nz/products/warhammer-40-000-introductory-set-start-your-warhammer-journey,
2026-08-23 21:23:43,Games Lab,Age Of Sigmar: Introductory Set,90.00,in_stock,https://www.gameslab.co.nz/products/Age-Of-Sigmar-Introductory-Set-p686464525,
2026-08-23 21:23:47,Games Lab,Death Guard: Plague Marine Champion,,not_carried,,
2026-08-23 21:23:47,Games Lab,Genestealer Cults: Biophagus,,not_carried,,
2026-08-23 21:23:47,Games Lab,Orruk Warclans: Ardboy Big Boss,,not_carried,,
2026-08-23 21:23:47,Games Lab,Orruk Warclans: Orruk Brutes,,not_carried,,
2026-08-23 21:23:47,Games Lab,Space Marines: Gladiator,158.00,out_of_stock,https://www.gameslab.co.nz/products/Space-Marine-Gladiator-p689900566,
2026-08-23 21:23:50,Games Lab,Space Marines: Primaris Intercessors,117.00,in_stock,https://www.gameslab.co.nz/products/Space-Marines-Primaris-Intercessors-p605967672,
2026-08-23 21:23:52,Games Lab,Space Marines Primaris Librarian,69.99,out_of_stock,https://www.gameslab.co.nz/products/Space-Marines-Primaris-Librarian-p651995264,
2026-08-23 21:23:55,Games Lab,Space Marines Primaris Reivers,109.00,out_of_stock,https://www.gameslab.co.nz/products/Space-Marines-Primaris-Reivers-p696127817,
2026-08-23 21:23:57,Games Lab,Sylvaneth: Tree-Revenants,81.00,in_stock,https://www.gameslab.co.nz/products/Sylvaneth-Tree-Revenants-p695852248,
2026-08-23 21:24:01,Games Lab,Warhammer 40000: Introductory Set,,error,https://www.gameslab.co.nz/products/Warhammer-40-000-Introductory-Set-p604427018,HTTP 502
2026-08-23 21:24:09,Goblin Games,Age Of Sigmar: Introductory Set,100.00,in_stock,https://goblingames.nz/products/warhammer-age-of-sigmar-introductory-set,
2026-08-23 21:24:11,Goblin Games,Death Guard: Plague Marine Champion,,not_carried,,
2026-08-23 21:24:11,Goblin Games,Genestealer Cults: Biophagus,,not_carried,,
2026-08-23 21:24:11,Goblin Games,Orruk Warclans: Ardboy Big Boss,,not_carried,,
2026-08-23 21:24:11,Goblin Games,Orruk Warclans: Orruk Brutes,113.00,in_stock,https://goblingames.nz/products/orruk-warclans-orruk-brutes,
2026-08-23 21:24:15,Goblin Games,Space Marines Primaris Librarian,,not_carried,,
2026-08-23 21:24:15,Goblin Games,Space Marines Primaris Reivers,124.50,in_stock,https://goblingames.nz/products/space-marines-primaris-reivers-1,
2026-08-23 21:24:18,Goblin Games,Space Marines: Gladiator,191.00,in_stock,https://goblingames.nz/products/space-marines-gladiator,
2026-08-23 21:24:20,Goblin Games,Space Marines: Primaris Intercessors,130.00,in_stock,https://goblingames.nz/products/space-marines-intercessors,
2026-08-23 21:24:23,Goblin Games,Sylvaneth: Tree-Revenants,95.00,in_stock,https://goblingames.nz/products/sylvaneth-tree-revenants,
2026-08-23 21:24:27,Goblin Games,Warhammer 40000: Introductory Set,,not_carried,,
2026-08-23 21:24:27,Hobby Collective,Age Of Sigmar: Introductory Set,85.60,out_of_stock,https://thehobbycollective.co.nz/warhammer-age-of-sigmar-introductory-set,
2026-08-23 21:24:31,Hobby Collective,Death Guard: Plague Marine Champion,,not_carried,,
2026-08-23 21:24:31,Hobby Collective,Genestealer Cults: Biophagus,,not_carried,,
2026-08-23 21:24:31,Hobby Collective,Orruk Warclans: Ardboy Big Boss,,not_carried,,
2026-08-23 21:24:31,Hobby Collective,Orruk Warclans: Orruk Brutes,,not_carried,,
2026-08-23 21:24:31,Hobby Collective,Space Marines Primaris Librarian,,not_carried,,
2026-08-23 21:24:31,Hobby Collective,Space Marines Primaris Reivers,,not_carried,,
2026-08-23 21:24:31,Hobby Collective,Space Marines: Gladiator,152.80,out_of_stock,https://thehobbycollective.co.nz/space-marines-gladiator-impulsor-lancer-valiant-reaper/,
2026-08-23 21:24:34,Hobby Collective,Space Marines: Primaris Intercessors,104.00,out_of_stock,https://thehobbycollective.co.nz/space-marines-primaris-intercessors/,
2026-08-23 21:24:38,Hobby Collective,Sylvaneth: Tree-Revenants,,not_carried,,
2026-08-23 21:24:38,Hobby Collective,Warhammer 40000: Introductory Set,,not_found,https://thehobbycollective.co.nz/warhammer-40-000-introductory-set/,
2026-08-23 21:24:40,Hobby Lords,Age Of Sigmar: Introductory Set,98.00,in_stock,https://www.hobbylords.co.nz/products/single/age-of-sigmar:-introductory-set,
2026-08-23 21:24:49,Hobby Lords,Death Guard: Plague Marine Champion,55.00,out_of_stock,https://www.hobbylords.co.nz/products/single/death-guard-plague-marine-champion,
2026-08-23 21:24:58,Hobby Lords,Genestealer Cults: Biophagus,,not_carried,,
2026-08-23 21:24:58,Hobby Lords,Orruk Warclans: Ardboy Big Boss,,not_carried,,
2026-08-23 21:24:58,Hobby Lords,Orruk Warclans: Orruk Brutes,110.35,in_stock,https://www.hobbylords.co.nz/products/single/orruk-warclans-orruk-brutes,
2026-08-23 21:25:07,Hobby Lords,Space Marines: Gladiator,,not_carried,,
2026-08-23 21:25:07,Hobby Lords,Space Marines: Primaris Intercessors,120.00,in_stock,https://www.hobbylords.co.nz/products/single/space-marines-intercessors,
2026-08-23 21:25:16,Hobby Lords,Space Marines Primaris Librarian,,not_carried,,
2026-08-23 21:25:16,Hobby Lords,Space Marines Primaris Reivers,120.00,in_stock,https://www.hobbylords.co.nz/products/single/space-marines-primaris-reivers,
2026-08-23 21:25:25,Hobby Lords,Sylvaneth: Tree-Revenants,93.00,in_stock,https://www.hobbylords.co.nz/products/single/sylvaneth-tree-revenants,
2026-08-23 21:25:37,Hobby Lords,Warhammer 40000: Introductory Set,100.00,in_stock,https://www.hobbylords.co.nz/products/single/warhammer-40000-introductory-set,
2026-08-23 21:25:45,Hobby Master,Age Of Sigmar: Introductory Set,29.60,in_stock,https://hobbymaster.co.nz/products/product/43416,
2026-08-23 21:25:47,Hobby Master,Death Guard: Plague Marine Champion,54.00,in_stock,https://hobbymaster.co.nz/products/product/40411,
2026-08-23 21:25:50,Hobby Master,Genestealer Cults: Biophagus,29.60,in_stock,https://hobbymaster.co.nz/products/product/31527,
2026-08-23 21:25:54,Hobby Master,Orruk Warclans: Ardboy Big Boss,75.00,in_stock,https://hobbymaster.co.nz/products/product/41743,
2026-08-23 21:25:57,Hobby Master,Orruk Warclans: Orruk Brutes,110.00,in_stock,https://hobbymaster.co.nz/products/product/37181,
2026-08-23 21:26:00,Hobby Master,Space Marines: Gladiator,174.00,in_stock,https://hobbymaster.co.nz/products/product/36228,
2026-08-23 21:26:03,Hobby Master,Space Marines: Primaris Intercessors,118.00,in_stock,https://hobbymaster.co.nz/products/product/28412,
2026-08-23 21:26:06,Hobby Master,Space Marines Primaris Librarian,75.00,in_stock,https://hobbymaster.co.nz/products/product/28221,
2026-08-23 21:26:09,Hobby Master,Space Marines Primaris Reivers,118.00,in_stock,https://hobbymaster.co.nz/products/product/28086,
2026-08-23 21:26:13,Hobby Master,Sylvaneth: Tree-Revenants,92.00,in_stock,https://hobbymaster.co.nz/products/product/39777,
2026-08-23 21:26:17,Hobby Master,Warhammer 40000: Introductory Set,29.60,in_stock,https://hobbymaster.co.nz/products/product/41316,
2026-08-23 21:26:19,Iron Knight,Age Of Sigmar: Introductory Set,65.19,in_stock,https://ironknightgaming.co.nz/products/warhammer-age-of-sigmar-introductory-set,
2026-08-23 21:26:21,Iron Knight,Death Guard: Plague Marine Champion,,not_carried,,
2026-08-23 21:26:21,Iron Knight,Genestealer Cults: Biophagus,,not_carried,,
2026-08-23 21:26:21,Iron Knight,Orruk Warclans: Ardboy Big Boss,,not_carried,,
2026-08-23 21:26:21,Iron Knight,Orruk Warclans: Orruk Brutes,73.71,in_stock,https://ironknightgaming.co.nz/products/orruk-warclans-orruk-brutes,
2026-08-23 21:26:25,Iron Knight,Space Marines Primaris Librarian,,not_carried,,
2026-08-23 21:26:25,Iron Knight,Space Marines Primaris Reivers,,not_carried,,
2026-08-23 21:26:25,Iron Knight,Space Marines: Gladiator,116.36,in_stock,https://ironknightgaming.co.nz/products/space-marines-gladiator,
2026-08-23 21:26:28,Iron Knight,Space Marines: Primaris Intercessors,79.20,in_stock,https://ironknightgaming.co.nz/products/space-marines-primaris-intercessors,
2026-08-23 21:26:31,Iron Knight,Sylvaneth: Tree-Revenants,,not_carried,,
2026-08-23 21:26:31,Iron Knight,Warhammer 40000: Introductory Set,62.14,in_stock,https://ironknightgaming.co.nz/products/warhammer-40000-introductory-set,
2026-08-23 21:26:34,Mighty Ape,Age Of Sigmar: Introductory Set,,manual,https://www.mightyape.co.nz/mn/buy/mighty-ape-warhammer-age-of-sigmar-introductory-set-39006494/,Cloudflare protected — update manually
2026-08-23 21:26:37,Mighty Ape,Death Guard: Plague Marine Champion,,not_carried,,
2026-08-23 21:26:37,Mighty Ape,Genestealer Cults: Biophagus,,manual,https://www.mightyape.co.nz/mn/buy/mighty-ape-warhammer-40000-genestealer-cults-biophagus-29189815/,Cloudflare protected — update manually
2026-08-23 21:26:39,Mighty Ape,Orruk Warclans: Ardboy Big Boss,,not_carried,,
2026-08-23 21:26:39,Mighty Ape,Orruk Warclans: Orruk Brutes,,manual,https://www.mightyape.co.nz/mn/buy/mighty-ape-ironjawz-orruk-brutes-25217197/,Cloudflare protected — update manually
2026-08-23 21:26:41,Mighty Ape,Space Marines: Gladiator,,manual,https://www.mightyape.co.nz/product/warhammer-40000-space-marine-gladiator/34016507,Cloudflare protected — update manually
2026-08-23 21:26:44,Mighty Ape,Space Marines: Primaris Intercessors,,manual,https://www.mightyape.co.nz/mn/buy/mighty-ape-warhammer-40000-space-marine-primaris-intercessors-26859092/,Cloudflare protected — update manually
2026-08-23 21:26:47,Mighty Ape,Space Marines Primaris Librarian,,manual,https://www.mightyape.co.nz/product/warhammer-40000-space-marine-primaris-librarian/26853441,Cloudflare protected — update manually
2026-08-23 21:26:49,Mighty Ape,Space Marines Primaris Reivers,,manual,https://www.mightyape.co.nz/product/warhammer-40000-space-marine-primaris-reivers/26856277,Cloudflare protected — update manually
2026-08-23 21:26:51,Mighty Ape,Sylvaneth: Tree-Revenants,,manual,https://www.mightyape.co.nz/product/sylvaneth-tree-revenants/25522630,Cloudflare protected — update manually
2026-08-23 21:26:54,Mighty Ape,Warhammer 40000: Introductory Set,,manual,https://www.mightyape.co.nz/mn/buy/mighty-ape-warhammer-40000-introductory-set-37875024/,Cloudflare protected — update manually
2026-08-23 21:26:57,Nova Games,Age Of Sigmar: Introductory Set,96.50,in_stock,https://novagames.co.nz/products/age-of-sigmar-introductory-set,
2026-08-23 21:27:00,Nova Games,Death Guard: Plague Marine Champion,,not_carried,,
2026-08-23 21:27:00,Nova Games,Orruk Warclans: Ardboy Big Boss,71.00,in_stock,https://novagames.co.nz/products/ardboy-big-boss,
2026-08-23 21:27:03,Nova Games,Orruk Warclans: Orruk Brutes,109.00,in_stock,https://novagames.co.nz/products/orruk-brutes,
2026-08-23 21:27:06,Nova Games,Space Marines Primaris Librarian,,not_carried,,
2026-08-23 21:27:06,Nova Games,Space Marines Primaris Reivers,,not_carried,,
2026-08-23 21:27:06,Nova Games,Space Marines: Gladiator,,not_carried,,
2026-08-23 21:27:06,Nova Games,Space Marines: Primaris Intercessors,117.00,in_stock,https://novagames.co.nz/products/intercessors,
2026-08-23 21:27:09,Nova Games,Sylvaneth: Tree-Revenants,,not_carried,,
2026-08-23 21:27:09,Nova Games,Warhammer 40000: Introductory Set,98.50,in_stock,https://novagames.co.nz/products/warhammer-40-000-introductory-set,
2026-08-23 21:27:12,Nova Games,Genestealer Cults: Biophagus,,not_carried,,
2026-08-23 21:27:12,Vagabond,Age Of Sigmar: Introductory Set,96.00,out_of_stock,https://vagabond.co.nz/warhammer-age-of-sigmar-introductory-set-2024/,
2026-08-23 21:27:16,Vagabond,Death Guard: Plague Marine Champion,51.00,out_of_stock,https://vagabond.co.nz/death-guard-plague-marine-champion/,
2026-08-23 21:27:20,Vagabond,Genestealer Cults: Biophagus,,not_carried,,
2026-08-23 21:27:20,Vagabond,Orruk Warclans: Ardboy Big Boss,66.50,in_stock,https://vagabond.co.nz/orruk-warclans-ardboy-big-boss,
2026-08-23 21:27:23,Vagabond,Orruk Warclans: Orruk Brutes,94.50,in_stock,https://vagabond.co.nz/ironjawz-orruk-brutes/,
2026-08-23 21:27:27,Vagabond,Space Marines: Gladiator,166.50,in_stock,https://vagabond.co.nz/space-marines-gladiator/,
2026-08-23 21:27:31,Vagabond,Space Marines: Primaris Intercessors,117.00,in_stock,https://vagabond.co.nz/space-marines-primaris-intercessors/,
2026-08-23 21:27:35,Vagabond,Space Marines Primaris Librarian,,not_carried,,
2026-08-23 21:27:35,Vagabond,Space Marines Primaris Reivers,117.00,in_stock,https://vagabond.co.nz/space-marines-primaris-reivers/,
2026-08-23 21:27:39,Vagabond,Sylvaneth: Tree-Revenants,,not_carried,,
2026-08-23 21:27:39,Vagabond,Warhammer 40000: Introductory Set,98.00,out_of_stock,https://vagabond.co.nz/warhammer-40-000-introductory-set/,
